id	item_group_id	title	description	availability	inventory	condition	price	link	image_link	brand	sale_price	additional_image_link	product_type	color	size	material	age_group	gender	internal_label
RW357112N0010107	RW357112N001	【WEB限定展開あり】リブハイネックニット - ホワイト / FREE	"＜1枚でもインナー使いもできる冬の定番アイテム＞
■WEB限定展開のLサイズが新登場！
■オフホワイト・エクリュ・チャコール・ブラック/ボーダー・レッド・ブルーはWEB限定カラーのご用意です。
▼デザイン
伸縮性のあるリブニットは、毎年大人気のアイテムです。
首回りはハイネックで、マフラーいらず！プチプラながらちゃんとした素材感で、2色買い、3色買いもおすすめです。
カラフルなカラーバリエーションで、アウターやボトムに合わせて配色を楽しんでみてください！
▼コーディネート
冬のインナーの大定番、リブハイネックニット。
シンプルなデザインで、どんなボトムとも相性ばっちりです◎
------------------------------
生地感：厚手
伸縮性：あり
透け感：なし(ホワイトはやや透け感あり)
裏地：なし
------------------------------
▼ブランド紹介
RETRO GIRL (レトロガール）
自分らしい“ベーシックアイテム”と
新しい自分の”トレンドアイテム”が
見つかる場所
今らしいファッションを楽しむ
女性のためのブランド
#ニット#タートルネック#リブニット#リブハイネック#インナーニット
▼注意事項
※撮影環境やモニター環境によって実際の商品とお色味が
多少異なってみえる場合がございます。
※サイズはサンプル品を基に採寸しております。
実際の商品とは若干の誤差が生じる場合がございますので、あらかじめご了承ください。
品番：RW357112N001　/ 品名：リブハイネックニット"	in stock	999	new	1870 JPY	https://www.retro-girl.jp/item/108192.html	https://img-retro-girl.freetls.fastly.net/retrogirl/image_item/108/108192/10819201_b.jpg	RETRO GIRL		https://img-retro-girl.freetls.fastly.net/retrogirl/image_item/108/108192/10819202_b.jpg,https://img-retro-girl.freetls.fastly.net/retrogirl/image_item/108/108192/10819208_b.jpg,https://img-retro-girl.freetls.fastly.net/retrogirl/image_item/108/108192/10819209_b.jpg,https://img-retro-girl.freetls.fastly.net/retrogirl/image_item/108/108192/10819210_b.jpg,https://img-retro-girl.freetls.fastly.net/retrogirl/image_item/108/108192/10819211_b.jpg,https://img-retro-girl.freetls.fastly.net/retrogirl/image_item/108/108192/10819213_b.jpg,https://img-retro-girl.freetls.fastly.net/retrogirl/image_item/108/108192/10819214_b.jpg,https://img-retro-girl.freetls.fastly.net/retrogirl/image_item/108/108192/10819215_b.jpg,https://img-retro-girl.freetls.fastly.net/retrogirl/image_item/108/108192/10819217_b.jpg,https://img-retro-girl.freetls.fastly.net/retrogirl/image_item/108/108192/10819219_b.jpg	トップス > ニット/セーター	ホワイト	FREE	レーヨン40%　ナイロン36%　ポリエステル24%	adult	female	
RW357112N0010104	RW357112N001	【WEB限定展開あり】リブハイネックニット - ホワイト / L	"＜1枚でもインナー使いもできる冬の定番アイテム＞
■WEB限定展開のLサイズが新登場！
■オフホワイト・エクリュ・チャコール・ブラック/ボーダー・レッド・ブルーはWEB限定カラーのご用意です。
▼デザイン
伸縮性のあるリブニットは、毎年大人気のアイテムです。
首回りはハイネックで、マフラーいらず！プチプラながらちゃんとした素材感で、2色買い、3色買いもおすすめです。
カラフルなカラーバリエーションで、アウターやボトムに合わせて配色を楽しんでみてください！
▼コーディネート
冬のインナーの大定番、リブハイネックニット。
シンプルなデザインで、どんなボトムとも相性ばっちりです◎
------------------------------
生地感：厚手
伸縮性：あり
透け感：なし(ホワイトはやや透け感あり)
裏地：なし
------------------------------
▼ブランド紹介
RETRO GIRL (レトロガール）
自分らしい“ベーシックアイテム”と
新しい自分の”トレンドアイテム”が
見つかる場所
今らしいファッションを楽しむ
女性のためのブランド
#ニット#タートルネック#リブニット#リブハイネック#インナーニット
▼注意事項
※撮影環境やモニター環境によって実際の商品とお色味が
多少異なってみえる場合がございます。
※サイズはサンプル品を基に採寸しております。
実際の商品とは若干の誤差が生じる場合がございますので、あらかじめご了承ください。
品番：RW357112N001　/ 品名：リブハイネックニット"	in stock	999	new	1870 JPY	https://www.retro-girl.jp/item/108192.html	https://img-retro-girl.freetls.fastly.net/retrogirl/image_item/108/108192/10819201_b.jpg	RETRO GIRL		https://img-retro-girl.freetls.fastly.net/retrogirl/image_item/108/108192/10819202_b.jpg,https://img-retro-girl.freetls.fastly.net/retrogirl/image_item/108/108192/10819208_b.jpg,https://img-retro-girl.freetls.fastly.net/retrogirl/image_item/108/108192/10819209_b.jpg,https://img-retro-girl.freetls.fastly.net/retrogirl/image_item/108/108192/10819210_b.jpg,https://img-retro-girl.freetls.fastly.net/retrogirl/image_item/108/108192/10819211_b.jpg,https://img-retro-girl.freetls.fastly.net/retrogirl/image_item/108/108192/10819213_b.jpg,https://img-retro-girl.freetls.fastly.net/retrogirl/image_item/108/108192/10819214_b.jpg,https://img-retro-girl.freetls.fastly.net/retrogirl/image_item/108/108192/10819215_b.jpg,https://img-retro-girl.freetls.fastly.net/retrogirl/image_item/108/108192/10819217_b.jpg,https://img-retro-girl.freetls.fastly.net/retrogirl/image_item/108/108192/10819219_b.jpg	トップス > ニット/セーター	ホワイト	L	レーヨン40%　ナイロン36%　ポリエステル24%	adult	female	
RW357112N0010907	RW357112N001	【WEB限定展開あり】リブハイネックニット - ブラック / FREE	"＜1枚でもインナー使いもできる冬の定番アイテム＞
■WEB限定展開のLサイズが新登場！
■オフホワイト・エクリュ・チャコール・ブラック/ボーダー・レッド・ブルーはWEB限定カラーのご用意です。
▼デザイン
伸縮性のあるリブニットは、毎年大人気のアイテムです。
首回りはハイネックで、マフラーいらず！プチプラながらちゃんとした素材感で、2色買い、3色買いもおすすめです。
カラフルなカラーバリエーションで、アウターやボトムに合わせて配色を楽しんでみてください！
▼コーディネート
冬のインナーの大定番、リブハイネックニット。
シンプルなデザインで、どんなボトムとも相性ばっちりです◎
------------------------------
生地感：厚手
伸縮性：あり
透け感：なし(ホワイトはやや透け感あり)
裏地：なし
------------------------------
▼ブランド紹介
RETRO GIRL (レトロガール）
自分らしい“ベーシックアイテム”と
新しい自分の”トレンドアイテム”が
見つかる場所
今らしいファッションを楽しむ
女性のためのブランド
#ニット#タートルネック#リブニット#リブハイネック#インナーニット
▼注意事項
※撮影環境やモニター環境によって実際の商品とお色味が
多少異なってみえる場合がございます。
※サイズはサンプル品を基に採寸しております。
実際の商品とは若干の誤差が生じる場合がございますので、あらかじめご了承ください。
品番：RW357112N001　/ 品名：リブハイネックニット"	in stock	999	new	1870 JPY	https://www.retro-girl.jp/item/108192.html	https://img-retro-girl.freetls.fastly.net/retrogirl/image_item/108/108192/10819202_b.jpg	RETRO GIRL		https://img-retro-girl.freetls.fastly.net/retrogirl/image_item/108/108192/10819201_b.jpg,https://img-retro-girl.freetls.fastly.net/retrogirl/image_item/108/108192/10819208_b.jpg,https://img-retro-girl.freetls.fastly.net/retrogirl/image_item/108/108192/10819209_b.jpg,https://img-retro-girl.freetls.fastly.net/retrogirl/image_item/108/108192/10819210_b.jpg,https://img-retro-girl.freetls.fastly.net/retrogirl/image_item/108/108192/10819211_b.jpg,https://img-retro-girl.freetls.fastly.net/retrogirl/image_item/108/108192/10819213_b.jpg,https://img-retro-girl.freetls.fastly.net/retrogirl/image_item/108/108192/10819214_b.jpg,https://img-retro-girl.freetls.fastly.net/retrogirl/image_item/108/108192/10819215_b.jpg,https://img-retro-girl.freetls.fastly.net/retrogirl/image_item/108/108192/10819217_b.jpg,https://img-retro-girl.freetls.fastly.net/retrogirl/image_item/108/108192/10819219_b.jpg	トップス > ニット/セーター	ブラック	FREE	レーヨン40%　ナイロン36%　ポリエステル24%	adult	female	
RW357112N0010904	RW357112N001	【WEB限定展開あり】リブハイネックニット - ブラック / L	"＜1枚でもインナー使いもできる冬の定番アイテム＞
■WEB限定展開のLサイズが新登場！
■オフホワイト・エクリュ・チャコール・ブラック/ボーダー・レッド・ブルーはWEB限定カラーのご用意です。
▼デザイン
伸縮性のあるリブニットは、毎年大人気のアイテムです。
首回りはハイネックで、マフラーいらず！プチプラながらちゃんとした素材感で、2色買い、3色買いもおすすめです。
カラフルなカラーバリエーションで、アウターやボトムに合わせて配色を楽しんでみてください！
▼コーディネート
冬のインナーの大定番、リブハイネックニット。
シンプルなデザインで、どんなボトムとも相性ばっちりです◎
------------------------------
生地感：厚手
伸縮性：あり
透け感：なし(ホワイトはやや透け感あり)
裏地：なし
------------------------------
▼ブランド紹介
RETRO GIRL (レトロガール）
自分らしい“ベーシックアイテム”と
新しい自分の”トレンドアイテム”が
見つかる場所
今らしいファッションを楽しむ
女性のためのブランド
#ニット#タートルネック#リブニット#リブハイネック#インナーニット
▼注意事項
※撮影環境やモニター環境によって実際の商品とお色味が
多少異なってみえる場合がございます。
※サイズはサンプル品を基に採寸しております。
実際の商品とは若干の誤差が生じる場合がございますので、あらかじめご了承ください。
品番：RW357112N001　/ 品名：リブハイネックニット"	in stock	999	new	1870 JPY	https://www.retro-girl.jp/item/108192.html	https://img-retro-girl.freetls.fastly.net/retrogirl/image_item/108/108192/10819202_b.jpg	RETRO GIRL		https://img-retro-girl.freetls.fastly.net/retrogirl/image_item/108/108192/10819201_b.jpg,https://img-retro-girl.freetls.fastly.net/retrogirl/image_item/108/108192/10819208_b.jpg,https://img-retro-girl.freetls.fastly.net/retrogirl/image_item/108/108192/10819209_b.jpg,https://img-retro-girl.freetls.fastly.net/retrogirl/image_item/108/108192/10819210_b.jpg,https://img-retro-girl.freetls.fastly.net/retrogirl/image_item/108/108192/10819211_b.jpg,https://img-retro-girl.freetls.fastly.net/retrogirl/image_item/108/108192/10819213_b.jpg,https://img-retro-girl.freetls.fastly.net/retrogirl/image_item/108/108192/10819214_b.jpg,https://img-retro-girl.freetls.fastly.net/retrogirl/image_item/108/108192/10819215_b.jpg,https://img-retro-girl.freetls.fastly.net/retrogirl/image_item/108/108192/10819217_b.jpg,https://img-retro-girl.freetls.fastly.net/retrogirl/image_item/108/108192/10819219_b.jpg	トップス > ニット/セーター	ブラック	L	レーヨン40%　ナイロン36%　ポリエステル24%	adult	female	
RW357112N0018007	RW357112N001	【WEB限定展開あり】リブハイネックニット - ブルー / FREE	"＜1枚でもインナー使いもできる冬の定番アイテム＞
■WEB限定展開のLサイズが新登場！
■オフホワイト・エクリュ・チャコール・ブラック/ボーダー・レッド・ブルーはWEB限定カラーのご用意です。
▼デザイン
伸縮性のあるリブニットは、毎年大人気のアイテムです。
首回りはハイネックで、マフラーいらず！プチプラながらちゃんとした素材感で、2色買い、3色買いもおすすめです。
カラフルなカラーバリエーションで、アウターやボトムに合わせて配色を楽しんでみてください！
▼コーディネート
冬のインナーの大定番、リブハイネックニット。
シンプルなデザインで、どんなボトムとも相性ばっちりです◎
------------------------------
生地感：厚手
伸縮性：あり
透け感：なし(ホワイトはやや透け感あり)
裏地：なし
------------------------------
▼ブランド紹介
RETRO GIRL (レトロガール）
自分らしい“ベーシックアイテム”と
新しい自分の”トレンドアイテム”が
見つかる場所
今らしいファッションを楽しむ
女性のためのブランド
#ニット#タートルネック#リブニット#リブハイネック#インナーニット
▼注意事項
※撮影環境やモニター環境によって実際の商品とお色味が
多少異なってみえる場合がございます。
※サイズはサンプル品を基に採寸しております。
実際の商品とは若干の誤差が生じる場合がございますので、あらかじめご了承ください。
品番：RW357112N001　/ 品名：リブハイネックニット"	in stock	999	new	1870 JPY	https://www.retro-girl.jp/item/108192.html	https://img-retro-girl.freetls.fastly.net/retrogirl/image_item/108/108192/10819208_b.jpg	RETRO GIRL		https://img-retro-girl.freetls.fastly.net/retrogirl/image_item/108/108192/10819201_b.jpg,https://img-retro-girl.freetls.fastly.net/retrogirl/image_item/108/108192/10819202_b.jpg,https://img-retro-girl.freetls.fastly.net/retrogirl/image_item/108/108192/10819209_b.jpg,https://img-retro-girl.freetls.fastly.net/retrogirl/image_item/108/108192/10819210_b.jpg,https://img-retro-girl.freetls.fastly.net/retrogirl/image_item/108/108192/10819211_b.jpg,https://img-retro-girl.freetls.fastly.net/retrogirl/image_item/108/108192/10819213_b.jpg,https://img-retro-girl.freetls.fastly.net/retrogirl/image_item/108/108192/10819214_b.jpg,https://img-retro-girl.freetls.fastly.net/retrogirl/image_item/108/108192/10819215_b.jpg,https://img-retro-girl.freetls.fastly.net/retrogirl/image_item/108/108192/10819217_b.jpg,https://img-retro-girl.freetls.fastly.net/retrogirl/image_item/108/108192/10819219_b.jpg	トップス > ニット/セーター	ブルー	FREE	レーヨン40%　ナイロン36%　ポリエステル24%	adult	female	
RW357112N0018004	RW357112N001	【WEB限定展開あり】リブハイネックニット - ブルー / L	"＜1枚でもインナー使いもできる冬の定番アイテム＞
■WEB限定展開のLサイズが新登場！
■オフホワイト・エクリュ・チャコール・ブラック/ボーダー・レッド・ブルーはWEB限定カラーのご用意です。
▼デザイン
伸縮性のあるリブニットは、毎年大人気のアイテムです。
首回りはハイネックで、マフラーいらず！プチプラながらちゃんとした素材感で、2色買い、3色買いもおすすめです。
カラフルなカラーバリエーションで、アウターやボトムに合わせて配色を楽しんでみてください！
▼コーディネート
冬のインナーの大定番、リブハイネックニット。
シンプルなデザインで、どんなボトムとも相性ばっちりです◎
------------------------------
生地感：厚手
伸縮性：あり
透け感：なし(ホワイトはやや透け感あり)
裏地：なし
------------------------------
▼ブランド紹介
RETRO GIRL (レトロガール）
自分らしい“ベーシックアイテム”と
新しい自分の”トレンドアイテム”が
見つかる場所
今らしいファッションを楽しむ
女性のためのブランド
#ニット#タートルネック#リブニット#リブハイネック#インナーニット
▼注意事項
※撮影環境やモニター環境によって実際の商品とお色味が
多少異なってみえる場合がございます。
※サイズはサンプル品を基に採寸しております。
実際の商品とは若干の誤差が生じる場合がございますので、あらかじめご了承ください。
品番：RW357112N001　/ 品名：リブハイネックニット"	in stock	999	new	1870 JPY	https://www.retro-girl.jp/item/108192.html	https://img-retro-girl.freetls.fastly.net/retrogirl/image_item/108/108192/10819208_b.jpg	RETRO GIRL		https://img-retro-girl.freetls.fastly.net/retrogirl/image_item/108/108192/10819201_b.jpg,https://img-retro-girl.freetls.fastly.net/retrogirl/image_item/108/108192/10819202_b.jpg,https://img-retro-girl.freetls.fastly.net/retrogirl/image_item/108/108192/10819209_b.jpg,https://img-retro-girl.freetls.fastly.net/retrogirl/image_item/108/108192/10819210_b.jpg,https://img-retro-girl.freetls.fastly.net/retrogirl/image_item/108/108192/10819211_b.jpg,https://img-retro-girl.freetls.fastly.net/retrogirl/image_item/108/108192/10819213_b.jpg,https://img-retro-girl.freetls.fastly.net/retrogirl/image_item/108/108192/10819214_b.jpg,https://img-retro-girl.freetls.fastly.net/retrogirl/image_item/108/108192/10819215_b.jpg,https://img-retro-girl.freetls.fastly.net/retrogirl/image_item/108/108192/10819217_b.jpg,https://img-retro-girl.freetls.fastly.net/retrogirl/image_item/108/108192/10819219_b.jpg	トップス > ニット/セーター	ブルー	L	レーヨン40%　ナイロン36%　ポリエステル24%	adult	female	
RW357112N0010607	RW357112N001	【WEB限定展開あり】リブハイネックニット - ホワイト/柄 / FREE	"＜1枚でもインナー使いもできる冬の定番アイテム＞
■WEB限定展開のLサイズが新登場！
■オフホワイト・エクリュ・チャコール・ブラック/ボーダー・レッド・ブルーはWEB限定カラーのご用意です。
▼デザイン
伸縮性のあるリブニットは、毎年大人気のアイテムです。
首回りはハイネックで、マフラーいらず！プチプラながらちゃんとした素材感で、2色買い、3色買いもおすすめです。
カラフルなカラーバリエーションで、アウターやボトムに合わせて配色を楽しんでみてください！
▼コーディネート
冬のインナーの大定番、リブハイネックニット。
シンプルなデザインで、どんなボトムとも相性ばっちりです◎
------------------------------
生地感：厚手
伸縮性：あり
透け感：なし(ホワイトはやや透け感あり)
裏地：なし
------------------------------
▼ブランド紹介
RETRO GIRL (レトロガール）
自分らしい“ベーシックアイテム”と
新しい自分の”トレンドアイテム”が
見つかる場所
今らしいファッションを楽しむ
女性のためのブランド
#ニット#タートルネック#リブニット#リブハイネック#インナーニット
▼注意事項
※撮影環境やモニター環境によって実際の商品とお色味が
多少異なってみえる場合がございます。
※サイズはサンプル品を基に採寸しております。
実際の商品とは若干の誤差が生じる場合がございますので、あらかじめご了承ください。
品番：RW357112N001　/ 品名：リブハイネックニット"	in stock	999	new	1870 JPY	https://www.retro-girl.jp/item/108192.html	https://img-retro-girl.freetls.fastly.net/retrogirl/image_item/108/108192/10819209_b.jpg	RETRO GIRL		https://img-retro-girl.freetls.fastly.net/retrogirl/image_item/108/108192/10819201_b.jpg,https://img-retro-girl.freetls.fastly.net/retrogirl/image_item/108/108192/10819202_b.jpg,https://img-retro-girl.freetls.fastly.net/retrogirl/image_item/108/108192/10819208_b.jpg,https://img-retro-girl.freetls.fastly.net/retrogirl/image_item/108/108192/10819210_b.jpg,https://img-retro-girl.freetls.fastly.net/retrogirl/image_item/108/108192/10819211_b.jpg,https://img-retro-girl.freetls.fastly.net/retrogirl/image_item/108/108192/10819213_b.jpg,https://img-retro-girl.freetls.fastly.net/retrogirl/image_item/108/108192/10819214_b.jpg,https://img-retro-girl.freetls.fastly.net/retrogirl/image_item/108/108192/10819215_b.jpg,https://img-retro-girl.freetls.fastly.net/retrogirl/image_item/108/108192/10819217_b.jpg,https://img-retro-girl.freetls.fastly.net/retrogirl/image_item/108/108192/10819219_b.jpg	トップス > ニット/セーター	ホワイト/柄	FREE	レーヨン40%　ナイロン36%　ポリエステル24%	adult	female	
RW357112N0010604	RW357112N001	【WEB限定展開あり】リブハイネックニット - ホワイト/柄 / L	"＜1枚でもインナー使いもできる冬の定番アイテム＞
■WEB限定展開のLサイズが新登場！
■オフホワイト・エクリュ・チャコール・ブラック/ボーダー・レッド・ブルーはWEB限定カラーのご用意です。
▼デザイン
伸縮性のあるリブニットは、毎年大人気のアイテムです。
首回りはハイネックで、マフラーいらず！プチプラながらちゃんとした素材感で、2色買い、3色買いもおすすめです。
カラフルなカラーバリエーションで、アウターやボトムに合わせて配色を楽しんでみてください！
▼コーディネート
冬のインナーの大定番、リブハイネックニット。
シンプルなデザインで、どんなボトムとも相性ばっちりです◎
------------------------------
生地感：厚手
伸縮性：あり
透け感：なし(ホワイトはやや透け感あり)
裏地：なし
------------------------------
▼ブランド紹介
RETRO GIRL (レトロガール）
自分らしい“ベーシックアイテム”と
新しい自分の”トレンドアイテム”が
見つかる場所
今らしいファッションを楽しむ
女性のためのブランド
#ニット#タートルネック#リブニット#リブハイネック#インナーニット
▼注意事項
※撮影環境やモニター環境によって実際の商品とお色味が
多少異なってみえる場合がございます。
※サイズはサンプル品を基に採寸しております。
実際の商品とは若干の誤差が生じる場合がございますので、あらかじめご了承ください。
品番：RW357112N001　/ 品名：リブハイネックニット"	in stock	999	new	1870 JPY	https://www.retro-girl.jp/item/108192.html	https://img-retro-girl.freetls.fastly.net/retrogirl/image_item/108/108192/10819209_b.jpg	RETRO GIRL		https://img-retro-girl.freetls.fastly.net/retrogirl/image_item/108/108192/10819201_b.jpg,https://img-retro-girl.freetls.fastly.net/retrogirl/image_item/108/108192/10819202_b.jpg,https://img-retro-girl.freetls.fastly.net/retrogirl/image_item/108/108192/10819208_b.jpg,https://img-retro-girl.freetls.fastly.net/retrogirl/image_item/108/108192/10819210_b.jpg,https://img-retro-girl.freetls.fastly.net/retrogirl/image_item/108/108192/10819211_b.jpg,https://img-retro-girl.freetls.fastly.net/retrogirl/image_item/108/108192/10819213_b.jpg,https://img-retro-girl.freetls.fastly.net/retrogirl/image_item/108/108192/10819214_b.jpg,https://img-retro-girl.freetls.fastly.net/retrogirl/image_item/108/108192/10819215_b.jpg,https://img-retro-girl.freetls.fastly.net/retrogirl/image_item/108/108192/10819217_b.jpg,https://img-retro-girl.freetls.fastly.net/retrogirl/image_item/108/108192/10819219_b.jpg	トップス > ニット/セーター	ホワイト/柄	L	レーヨン40%　ナイロン36%　ポリエステル24%	adult	female	
RW357112N0011007	RW357112N001	【WEB限定展開あり】リブハイネックニット - ライトグレー / FREE	"＜1枚でもインナー使いもできる冬の定番アイテム＞
■WEB限定展開のLサイズが新登場！
■オフホワイト・エクリュ・チャコール・ブラック/ボーダー・レッド・ブルーはWEB限定カラーのご用意です。
▼デザイン
伸縮性のあるリブニットは、毎年大人気のアイテムです。
首回りはハイネックで、マフラーいらず！プチプラながらちゃんとした素材感で、2色買い、3色買いもおすすめです。
カラフルなカラーバリエーションで、アウターやボトムに合わせて配色を楽しんでみてください！
▼コーディネート
冬のインナーの大定番、リブハイネックニット。
シンプルなデザインで、どんなボトムとも相性ばっちりです◎
------------------------------
生地感：厚手
伸縮性：あり
透け感：なし(ホワイトはやや透け感あり)
裏地：なし
------------------------------
▼ブランド紹介
RETRO GIRL (レトロガール）
自分らしい“ベーシックアイテム”と
新しい自分の”トレンドアイテム”が
見つかる場所
今らしいファッションを楽しむ
女性のためのブランド
#ニット#タートルネック#リブニット#リブハイネック#インナーニット
▼注意事項
※撮影環境やモニター環境によって実際の商品とお色味が
多少異なってみえる場合がございます。
※サイズはサンプル品を基に採寸しております。
実際の商品とは若干の誤差が生じる場合がございますので、あらかじめご了承ください。
品番：RW357112N001　/ 品名：リブハイネックニット"	in stock	999	new	1870 JPY	https://www.retro-girl.jp/item/108192.html	https://img-retro-girl.freetls.fastly.net/retrogirl/image_item/108/108192/10819210_b.jpg	RETRO GIRL		https://img-retro-girl.freetls.fastly.net/retrogirl/image_item/108/108192/10819201_b.jpg,https://img-retro-girl.freetls.fastly.net/retrogirl/image_item/108/108192/10819202_b.jpg,https://img-retro-girl.freetls.fastly.net/retrogirl/image_item/108/108192/10819208_b.jpg,https://img-retro-girl.freetls.fastly.net/retrogirl/image_item/108/108192/10819209_b.jpg,https://img-retro-girl.freetls.fastly.net/retrogirl/image_item/108/108192/10819211_b.jpg,https://img-retro-girl.freetls.fastly.net/retrogirl/image_item/108/108192/10819213_b.jpg,https://img-retro-girl.freetls.fastly.net/retrogirl/image_item/108/108192/10819214_b.jpg,https://img-retro-girl.freetls.fastly.net/retrogirl/image_item/108/108192/10819215_b.jpg,https://img-retro-girl.freetls.fastly.net/retrogirl/image_item/108/108192/10819217_b.jpg,https://img-retro-girl.freetls.fastly.net/retrogirl/image_item/108/108192/10819219_b.jpg	トップス > ニット/セーター	ライトグレー	FREE	レーヨン40%　ナイロン36%　ポリエステル24%	adult	female	
RW357112N0011004	RW357112N001	【WEB限定展開あり】リブハイネックニット - ライトグレー / L	"＜1枚でもインナー使いもできる冬の定番アイテム＞
■WEB限定展開のLサイズが新登場！
■オフホワイト・エクリュ・チャコール・ブラック/ボーダー・レッド・ブルーはWEB限定カラーのご用意です。
▼デザイン
伸縮性のあるリブニットは、毎年大人気のアイテムです。
首回りはハイネックで、マフラーいらず！プチプラながらちゃんとした素材感で、2色買い、3色買いもおすすめです。
カラフルなカラーバリエーションで、アウターやボトムに合わせて配色を楽しんでみてください！
▼コーディネート
冬のインナーの大定番、リブハイネックニット。
シンプルなデザインで、どんなボトムとも相性ばっちりです◎
------------------------------
生地感：厚手
伸縮性：あり
透け感：なし(ホワイトはやや透け感あり)
裏地：なし
------------------------------
▼ブランド紹介
RETRO GIRL (レトロガール）
自分らしい“ベーシックアイテム”と
新しい自分の”トレンドアイテム”が
見つかる場所
今らしいファッションを楽しむ
女性のためのブランド
#ニット#タートルネック#リブニット#リブハイネック#インナーニット
▼注意事項
※撮影環境やモニター環境によって実際の商品とお色味が
多少異なってみえる場合がございます。
※サイズはサンプル品を基に採寸しております。
実際の商品とは若干の誤差が生じる場合がございますので、あらかじめご了承ください。
品番：RW357112N001　/ 品名：リブハイネックニット"	in stock	999	new	1870 JPY	https://www.retro-girl.jp/item/108192.html	https://img-retro-girl.freetls.fastly.net/retrogirl/image_item/108/108192/10819210_b.jpg	RETRO GIRL		https://img-retro-girl.freetls.fastly.net/retrogirl/image_item/108/108192/10819201_b.jpg,https://img-retro-girl.freetls.fastly.net/retrogirl/image_item/108/108192/10819202_b.jpg,https://img-retro-girl.freetls.fastly.net/retrogirl/image_item/108/108192/10819208_b.jpg,https://img-retro-girl.freetls.fastly.net/retrogirl/image_item/108/108192/10819209_b.jpg,https://img-retro-girl.freetls.fastly.net/retrogirl/image_item/108/108192/10819211_b.jpg,https://img-retro-girl.freetls.fastly.net/retrogirl/image_item/108/108192/10819213_b.jpg,https://img-retro-girl.freetls.fastly.net/retrogirl/image_item/108/108192/10819214_b.jpg,https://img-retro-girl.freetls.fastly.net/retrogirl/image_item/108/108192/10819215_b.jpg,https://img-retro-girl.freetls.fastly.net/retrogirl/image_item/108/108192/10819217_b.jpg,https://img-retro-girl.freetls.fastly.net/retrogirl/image_item/108/108192/10819219_b.jpg	トップス > ニット/セーター	ライトグレー	L	レーヨン40%　ナイロン36%　ポリエステル24%	adult	female	
RW357112N0013207	RW357112N001	【WEB限定展開あり】リブハイネックニット - ダークレッド / FREE	"＜1枚でもインナー使いもできる冬の定番アイテム＞
■WEB限定展開のLサイズが新登場！
■オフホワイト・エクリュ・チャコール・ブラック/ボーダー・レッド・ブルーはWEB限定カラーのご用意です。
▼デザイン
伸縮性のあるリブニットは、毎年大人気のアイテムです。
首回りはハイネックで、マフラーいらず！プチプラながらちゃんとした素材感で、2色買い、3色買いもおすすめです。
カラフルなカラーバリエーションで、アウターやボトムに合わせて配色を楽しんでみてください！
▼コーディネート
冬のインナーの大定番、リブハイネックニット。
シンプルなデザインで、どんなボトムとも相性ばっちりです◎
------------------------------
生地感：厚手
伸縮性：あり
透け感：なし(ホワイトはやや透け感あり)
裏地：なし
------------------------------
▼ブランド紹介
RETRO GIRL (レトロガール）
自分らしい“ベーシックアイテム”と
新しい自分の”トレンドアイテム”が
見つかる場所
今らしいファッションを楽しむ
女性のためのブランド
#ニット#タートルネック#リブニット#リブハイネック#インナーニット
▼注意事項
※撮影環境やモニター環境によって実際の商品とお色味が
多少異なってみえる場合がございます。
※サイズはサンプル品を基に採寸しております。
実際の商品とは若干の誤差が生じる場合がございますので、あらかじめご了承ください。
品番：RW357112N001　/ 品名：リブハイネックニット"	in stock	999	new	1870 JPY	https://www.retro-girl.jp/item/108192.html	https://img-retro-girl.freetls.fastly.net/retrogirl/image_item/108/108192/10819211_b.jpg	RETRO GIRL		https://img-retro-girl.freetls.fastly.net/retrogirl/image_item/108/108192/10819201_b.jpg,https://img-retro-girl.freetls.fastly.net/retrogirl/image_item/108/108192/10819202_b.jpg,https://img-retro-girl.freetls.fastly.net/retrogirl/image_item/108/108192/10819208_b.jpg,https://img-retro-girl.freetls.fastly.net/retrogirl/image_item/108/108192/10819209_b.jpg,https://img-retro-girl.freetls.fastly.net/retrogirl/image_item/108/108192/10819210_b.jpg,https://img-retro-girl.freetls.fastly.net/retrogirl/image_item/108/108192/10819213_b.jpg,https://img-retro-girl.freetls.fastly.net/retrogirl/image_item/108/108192/10819214_b.jpg,https://img-retro-girl.freetls.fastly.net/retrogirl/image_item/108/108192/10819215_b.jpg,https://img-retro-girl.freetls.fastly.net/retrogirl/image_item/108/108192/10819217_b.jpg,https://img-retro-girl.freetls.fastly.net/retrogirl/image_item/108/108192/10819219_b.jpg	トップス > ニット/セーター	ダークレッド	FREE	レーヨン40%　ナイロン36%　ポリエステル24%	adult	female	
RW357112N0013204	RW357112N001	【WEB限定展開あり】リブハイネックニット - ダークレッド / L	"＜1枚でもインナー使いもできる冬の定番アイテム＞
■WEB限定展開のLサイズが新登場！
■オフホワイト・エクリュ・チャコール・ブラック/ボーダー・レッド・ブルーはWEB限定カラーのご用意です。
▼デザイン
伸縮性のあるリブニットは、毎年大人気のアイテムです。
首回りはハイネックで、マフラーいらず！プチプラながらちゃんとした素材感で、2色買い、3色買いもおすすめです。
カラフルなカラーバリエーションで、アウターやボトムに合わせて配色を楽しんでみてください！
▼コーディネート
冬のインナーの大定番、リブハイネックニット。
シンプルなデザインで、どんなボトムとも相性ばっちりです◎
------------------------------
生地感：厚手
伸縮性：あり
透け感：なし(ホワイトはやや透け感あり)
裏地：なし
------------------------------
▼ブランド紹介
RETRO GIRL (レトロガール）
自分らしい“ベーシックアイテム”と
新しい自分の”トレンドアイテム”が
見つかる場所
今らしいファッションを楽しむ
女性のためのブランド
#ニット#タートルネック#リブニット#リブハイネック#インナーニット
▼注意事項
※撮影環境やモニター環境によって実際の商品とお色味が
多少異なってみえる場合がございます。
※サイズはサンプル品を基に採寸しております。
実際の商品とは若干の誤差が生じる場合がございますので、あらかじめご了承ください。
品番：RW357112N001　/ 品名：リブハイネックニット"	in stock	999	new	1870 JPY	https://www.retro-girl.jp/item/108192.html	https://img-retro-girl.freetls.fastly.net/retrogirl/image_item/108/108192/10819211_b.jpg	RETRO GIRL		https://img-retro-girl.freetls.fastly.net/retrogirl/image_item/108/108192/10819201_b.jpg,https://img-retro-girl.freetls.fastly.net/retrogirl/image_item/108/108192/10819202_b.jpg,https://img-retro-girl.freetls.fastly.net/retrogirl/image_item/108/108192/10819208_b.jpg,https://img-retro-girl.freetls.fastly.net/retrogirl/image_item/108/108192/10819209_b.jpg,https://img-retro-girl.freetls.fastly.net/retrogirl/image_item/108/108192/10819210_b.jpg,https://img-retro-girl.freetls.fastly.net/retrogirl/image_item/108/108192/10819213_b.jpg,https://img-retro-girl.freetls.fastly.net/retrogirl/image_item/108/108192/10819214_b.jpg,https://img-retro-girl.freetls.fastly.net/retrogirl/image_item/108/108192/10819215_b.jpg,https://img-retro-girl.freetls.fastly.net/retrogirl/image_item/108/108192/10819217_b.jpg,https://img-retro-girl.freetls.fastly.net/retrogirl/image_item/108/108192/10819219_b.jpg	トップス > ニット/セーター	ダークレッド	L	レーヨン40%　ナイロン36%　ポリエステル24%	adult	female	
RW357112N0018207	RW357112N001	【WEB限定展開あり】リブハイネックニット - ダークブルー / FREE	"＜1枚でもインナー使いもできる冬の定番アイテム＞
■WEB限定展開のLサイズが新登場！
■オフホワイト・エクリュ・チャコール・ブラック/ボーダー・レッド・ブルーはWEB限定カラーのご用意です。
▼デザイン
伸縮性のあるリブニットは、毎年大人気のアイテムです。
首回りはハイネックで、マフラーいらず！プチプラながらちゃんとした素材感で、2色買い、3色買いもおすすめです。
カラフルなカラーバリエーションで、アウターやボトムに合わせて配色を楽しんでみてください！
▼コーディネート
冬のインナーの大定番、リブハイネックニット。
シンプルなデザインで、どんなボトムとも相性ばっちりです◎
------------------------------
生地感：厚手
伸縮性：あり
透け感：なし(ホワイトはやや透け感あり)
裏地：なし
------------------------------
▼ブランド紹介
RETRO GIRL (レトロガール）
自分らしい“ベーシックアイテム”と
新しい自分の”トレンドアイテム”が
見つかる場所
今らしいファッションを楽しむ
女性のためのブランド
#ニット#タートルネック#リブニット#リブハイネック#インナーニット
▼注意事項
※撮影環境やモニター環境によって実際の商品とお色味が
多少異なってみえる場合がございます。
※サイズはサンプル品を基に採寸しております。
実際の商品とは若干の誤差が生じる場合がございますので、あらかじめご了承ください。
品番：RW357112N001　/ 品名：リブハイネックニット"	in stock	999	new	1870 JPY	https://www.retro-girl.jp/item/108192.html	https://img-retro-girl.freetls.fastly.net/retrogirl/image_item/108/108192/10819213_b.jpg	RETRO GIRL		https://img-retro-girl.freetls.fastly.net/retrogirl/image_item/108/108192/10819201_b.jpg,https://img-retro-girl.freetls.fastly.net/retrogirl/image_item/108/108192/10819202_b.jpg,https://img-retro-girl.freetls.fastly.net/retrogirl/image_item/108/108192/10819208_b.jpg,https://img-retro-girl.freetls.fastly.net/retrogirl/image_item/108/108192/10819209_b.jpg,https://img-retro-girl.freetls.fastly.net/retrogirl/image_item/108/108192/10819210_b.jpg,https://img-retro-girl.freetls.fastly.net/retrogirl/image_item/108/108192/10819211_b.jpg,https://img-retro-girl.freetls.fastly.net/retrogirl/image_item/108/108192/10819214_b.jpg,https://img-retro-girl.freetls.fastly.net/retrogirl/image_item/108/108192/10819215_b.jpg,https://img-retro-girl.freetls.fastly.net/retrogirl/image_item/108/108192/10819217_b.jpg,https://img-retro-girl.freetls.fastly.net/retrogirl/image_item/108/108192/10819219_b.jpg	トップス > ニット/セーター	ダークブルー	FREE	レーヨン40%　ナイロン36%　ポリエステル24%	adult	female	
RW357112N0011207	RW357112N001	【WEB限定展開あり】リブハイネックニット - チャコールグレー / FREE	"＜1枚でもインナー使いもできる冬の定番アイテム＞
■WEB限定展開のLサイズが新登場！
■オフホワイト・エクリュ・チャコール・ブラック/ボーダー・レッド・ブルーはWEB限定カラーのご用意です。
▼デザイン
伸縮性のあるリブニットは、毎年大人気のアイテムです。
首回りはハイネックで、マフラーいらず！プチプラながらちゃんとした素材感で、2色買い、3色買いもおすすめです。
カラフルなカラーバリエーションで、アウターやボトムに合わせて配色を楽しんでみてください！
▼コーディネート
冬のインナーの大定番、リブハイネックニット。
シンプルなデザインで、どんなボトムとも相性ばっちりです◎
------------------------------
生地感：厚手
伸縮性：あり
透け感：なし(ホワイトはやや透け感あり)
裏地：なし
------------------------------
▼ブランド紹介
RETRO GIRL (レトロガール）
自分らしい“ベーシックアイテム”と
新しい自分の”トレンドアイテム”が
見つかる場所
今らしいファッションを楽しむ
女性のためのブランド
#ニット#タートルネック#リブニット#リブハイネック#インナーニット
▼注意事項
※撮影環境やモニター環境によって実際の商品とお色味が
多少異なってみえる場合がございます。
※サイズはサンプル品を基に採寸しております。
実際の商品とは若干の誤差が生じる場合がございますので、あらかじめご了承ください。
品番：RW357112N001　/ 品名：リブハイネックニット"	in stock	999	new	1870 JPY	https://www.retro-girl.jp/item/108192.html	https://img-retro-girl.freetls.fastly.net/retrogirl/image_item/108/108192/10819214_b.jpg	RETRO GIRL		https://img-retro-girl.freetls.fastly.net/retrogirl/image_item/108/108192/10819201_b.jpg,https://img-retro-girl.freetls.fastly.net/retrogirl/image_item/108/108192/10819202_b.jpg,https://img-retro-girl.freetls.fastly.net/retrogirl/image_item/108/108192/10819208_b.jpg,https://img-retro-girl.freetls.fastly.net/retrogirl/image_item/108/108192/10819209_b.jpg,https://img-retro-girl.freetls.fastly.net/retrogirl/image_item/108/108192/10819210_b.jpg,https://img-retro-girl.freetls.fastly.net/retrogirl/image_item/108/108192/10819211_b.jpg,https://img-retro-girl.freetls.fastly.net/retrogirl/image_item/108/108192/10819213_b.jpg,https://img-retro-girl.freetls.fastly.net/retrogirl/image_item/108/108192/10819215_b.jpg,https://img-retro-girl.freetls.fastly.net/retrogirl/image_item/108/108192/10819217_b.jpg,https://img-retro-girl.freetls.fastly.net/retrogirl/image_item/108/108192/10819219_b.jpg	トップス > ニット/セーター	チャコールグレー	FREE	レーヨン40%　ナイロン36%　ポリエステル24%	adult	female	
RW357112N0011204	RW357112N001	【WEB限定展開あり】リブハイネックニット - チャコールグレー / L	"＜1枚でもインナー使いもできる冬の定番アイテム＞
■WEB限定展開のLサイズが新登場！
■オフホワイト・エクリュ・チャコール・ブラック/ボーダー・レッド・ブルーはWEB限定カラーのご用意です。
▼デザイン
伸縮性のあるリブニットは、毎年大人気のアイテムです。
首回りはハイネックで、マフラーいらず！プチプラながらちゃんとした素材感で、2色買い、3色買いもおすすめです。
カラフルなカラーバリエーションで、アウターやボトムに合わせて配色を楽しんでみてください！
▼コーディネート
冬のインナーの大定番、リブハイネックニット。
シンプルなデザインで、どんなボトムとも相性ばっちりです◎
------------------------------
生地感：厚手
伸縮性：あり
透け感：なし(ホワイトはやや透け感あり)
裏地：なし
------------------------------
▼ブランド紹介
RETRO GIRL (レトロガール）
自分らしい“ベーシックアイテム”と
新しい自分の”トレンドアイテム”が
見つかる場所
今らしいファッションを楽しむ
女性のためのブランド
#ニット#タートルネック#リブニット#リブハイネック#インナーニット
▼注意事項
※撮影環境やモニター環境によって実際の商品とお色味が
多少異なってみえる場合がございます。
※サイズはサンプル品を基に採寸しております。
実際の商品とは若干の誤差が生じる場合がございますので、あらかじめご了承ください。
品番：RW357112N001　/ 品名：リブハイネックニット"	in stock	999	new	1870 JPY	https://www.retro-girl.jp/item/108192.html	https://img-retro-girl.freetls.fastly.net/retrogirl/image_item/108/108192/10819214_b.jpg	RETRO GIRL		https://img-retro-girl.freetls.fastly.net/retrogirl/image_item/108/108192/10819201_b.jpg,https://img-retro-girl.freetls.fastly.net/retrogirl/image_item/108/108192/10819202_b.jpg,https://img-retro-girl.freetls.fastly.net/retrogirl/image_item/108/108192/10819208_b.jpg,https://img-retro-girl.freetls.fastly.net/retrogirl/image_item/108/108192/10819209_b.jpg,https://img-retro-girl.freetls.fastly.net/retrogirl/image_item/108/108192/10819210_b.jpg,https://img-retro-girl.freetls.fastly.net/retrogirl/image_item/108/108192/10819211_b.jpg,https://img-retro-girl.freetls.fastly.net/retrogirl/image_item/108/108192/10819213_b.jpg,https://img-retro-girl.freetls.fastly.net/retrogirl/image_item/108/108192/10819215_b.jpg,https://img-retro-girl.freetls.fastly.net/retrogirl/image_item/108/108192/10819217_b.jpg,https://img-retro-girl.freetls.fastly.net/retrogirl/image_item/108/108192/10819219_b.jpg	トップス > ニット/セーター	チャコールグレー	L	レーヨン40%　ナイロン36%　ポリエステル24%	adult	female	
RW357112N0012007	RW357112N001	【WEB限定展開あり】リブハイネックニット - ピンク / FREE	"＜1枚でもインナー使いもできる冬の定番アイテム＞
■WEB限定展開のLサイズが新登場！
■オフホワイト・エクリュ・チャコール・ブラック/ボーダー・レッド・ブルーはWEB限定カラーのご用意です。
▼デザイン
伸縮性のあるリブニットは、毎年大人気のアイテムです。
首回りはハイネックで、マフラーいらず！プチプラながらちゃんとした素材感で、2色買い、3色買いもおすすめです。
カラフルなカラーバリエーションで、アウターやボトムに合わせて配色を楽しんでみてください！
▼コーディネート
冬のインナーの大定番、リブハイネックニット。
シンプルなデザインで、どんなボトムとも相性ばっちりです◎
------------------------------
生地感：厚手
伸縮性：あり
透け感：なし(ホワイトはやや透け感あり)
裏地：なし
------------------------------
▼ブランド紹介
RETRO GIRL (レトロガール）
自分らしい“ベーシックアイテム”と
新しい自分の”トレンドアイテム”が
見つかる場所
今らしいファッションを楽しむ
女性のためのブランド
#ニット#タートルネック#リブニット#リブハイネック#インナーニット
▼注意事項
※撮影環境やモニター環境によって実際の商品とお色味が
多少異なってみえる場合がございます。
※サイズはサンプル品を基に採寸しております。
実際の商品とは若干の誤差が生じる場合がございますので、あらかじめご了承ください。
品番：RW357112N001　/ 品名：リブハイネックニット"	in stock	999	new	1870 JPY	https://www.retro-girl.jp/item/108192.html	https://img-retro-girl.freetls.fastly.net/retrogirl/image_item/108/108192/10819215_b.jpg	RETRO GIRL		https://img-retro-girl.freetls.fastly.net/retrogirl/image_item/108/108192/10819201_b.jpg,https://img-retro-girl.freetls.fastly.net/retrogirl/image_item/108/108192/10819202_b.jpg,https://img-retro-girl.freetls.fastly.net/retrogirl/image_item/108/108192/10819208_b.jpg,https://img-retro-girl.freetls.fastly.net/retrogirl/image_item/108/108192/10819209_b.jpg,https://img-retro-girl.freetls.fastly.net/retrogirl/image_item/108/108192/10819210_b.jpg,https://img-retro-girl.freetls.fastly.net/retrogirl/image_item/108/108192/10819211_b.jpg,https://img-retro-girl.freetls.fastly.net/retrogirl/image_item/108/108192/10819213_b.jpg,https://img-retro-girl.freetls.fastly.net/retrogirl/image_item/108/108192/10819214_b.jpg,https://img-retro-girl.freetls.fastly.net/retrogirl/image_item/108/108192/10819217_b.jpg,https://img-retro-girl.freetls.fastly.net/retrogirl/image_item/108/108192/10819219_b.jpg	トップス > ニット/セーター	ピンク	FREE	レーヨン40%　ナイロン36%　ポリエステル24%	adult	female	
RW357112N0016307	RW357112N001	【WEB限定展開あり】リブハイネックニット - マスタード / FREE	"＜1枚でもインナー使いもできる冬の定番アイテム＞
■WEB限定展開のLサイズが新登場！
■オフホワイト・エクリュ・チャコール・ブラック/ボーダー・レッド・ブルーはWEB限定カラーのご用意です。
▼デザイン
伸縮性のあるリブニットは、毎年大人気のアイテムです。
首回りはハイネックで、マフラーいらず！プチプラながらちゃんとした素材感で、2色買い、3色買いもおすすめです。
カラフルなカラーバリエーションで、アウターやボトムに合わせて配色を楽しんでみてください！
▼コーディネート
冬のインナーの大定番、リブハイネックニット。
シンプルなデザインで、どんなボトムとも相性ばっちりです◎
------------------------------
生地感：厚手
伸縮性：あり
透け感：なし(ホワイトはやや透け感あり)
裏地：なし
------------------------------
▼ブランド紹介
RETRO GIRL (レトロガール）
自分らしい“ベーシックアイテム”と
新しい自分の”トレンドアイテム”が
見つかる場所
今らしいファッションを楽しむ
女性のためのブランド
#ニット#タートルネック#リブニット#リブハイネック#インナーニット
▼注意事項
※撮影環境やモニター環境によって実際の商品とお色味が
多少異なってみえる場合がございます。
※サイズはサンプル品を基に採寸しております。
実際の商品とは若干の誤差が生じる場合がございますので、あらかじめご了承ください。
品番：RW357112N001　/ 品名：リブハイネックニット"	in stock	999	new	1870 JPY	https://www.retro-girl.jp/item/108192.html	https://img-retro-girl.freetls.fastly.net/retrogirl/image_item/108/108192/10819217_b.jpg	RETRO GIRL		https://img-retro-girl.freetls.fastly.net/retrogirl/image_item/108/108192/10819201_b.jpg,https://img-retro-girl.freetls.fastly.net/retrogirl/image_item/108/108192/10819202_b.jpg,https://img-retro-girl.freetls.fastly.net/retrogirl/image_item/108/108192/10819208_b.jpg,https://img-retro-girl.freetls.fastly.net/retrogirl/image_item/108/108192/10819209_b.jpg,https://img-retro-girl.freetls.fastly.net/retrogirl/image_item/108/108192/10819210_b.jpg,https://img-retro-girl.freetls.fastly.net/retrogirl/image_item/108/108192/10819211_b.jpg,https://img-retro-girl.freetls.fastly.net/retrogirl/image_item/108/108192/10819213_b.jpg,https://img-retro-girl.freetls.fastly.net/retrogirl/image_item/108/108192/10819214_b.jpg,https://img-retro-girl.freetls.fastly.net/retrogirl/image_item/108/108192/10819215_b.jpg,https://img-retro-girl.freetls.fastly.net/retrogirl/image_item/108/108192/10819219_b.jpg	トップス > ニット/セーター	マスタード	FREE	レーヨン40%　ナイロン36%　ポリエステル24%	adult	female	
RW357112N0019007	RW357112N001	【WEB限定展開あり】リブハイネックニット - パープル / FREE	"＜1枚でもインナー使いもできる冬の定番アイテム＞
■WEB限定展開のLサイズが新登場！
■オフホワイト・エクリュ・チャコール・ブラック/ボーダー・レッド・ブルーはWEB限定カラーのご用意です。
▼デザイン
伸縮性のあるリブニットは、毎年大人気のアイテムです。
首回りはハイネックで、マフラーいらず！プチプラながらちゃんとした素材感で、2色買い、3色買いもおすすめです。
カラフルなカラーバリエーションで、アウターやボトムに合わせて配色を楽しんでみてください！
▼コーディネート
冬のインナーの大定番、リブハイネックニット。
シンプルなデザインで、どんなボトムとも相性ばっちりです◎
------------------------------
生地感：厚手
伸縮性：あり
透け感：なし(ホワイトはやや透け感あり)
裏地：なし
------------------------------
▼ブランド紹介
RETRO GIRL (レトロガール）
自分らしい“ベーシックアイテム”と
新しい自分の”トレンドアイテム”が
見つかる場所
今らしいファッションを楽しむ
女性のためのブランド
#ニット#タートルネック#リブニット#リブハイネック#インナーニット
▼注意事項
※撮影環境やモニター環境によって実際の商品とお色味が
多少異なってみえる場合がございます。
※サイズはサンプル品を基に採寸しております。
実際の商品とは若干の誤差が生じる場合がございますので、あらかじめご了承ください。
品番：RW357112N001　/ 品名：リブハイネックニット"	in stock	999	new	1870 JPY	https://www.retro-girl.jp/item/108192.html	https://img-retro-girl.freetls.fastly.net/retrogirl/image_item/108/108192/10819219_b.jpg	RETRO GIRL		https://img-retro-girl.freetls.fastly.net/retrogirl/image_item/108/108192/10819201_b.jpg,https://img-retro-girl.freetls.fastly.net/retrogirl/image_item/108/108192/10819202_b.jpg,https://img-retro-girl.freetls.fastly.net/retrogirl/image_item/108/108192/10819208_b.jpg,https://img-retro-girl.freetls.fastly.net/retrogirl/image_item/108/108192/10819209_b.jpg,https://img-retro-girl.freetls.fastly.net/retrogirl/image_item/108/108192/10819210_b.jpg,https://img-retro-girl.freetls.fastly.net/retrogirl/image_item/108/108192/10819211_b.jpg,https://img-retro-girl.freetls.fastly.net/retrogirl/image_item/108/108192/10819213_b.jpg,https://img-retro-girl.freetls.fastly.net/retrogirl/image_item/108/108192/10819214_b.jpg,https://img-retro-girl.freetls.fastly.net/retrogirl/image_item/108/108192/10819215_b.jpg,https://img-retro-girl.freetls.fastly.net/retrogirl/image_item/108/108192/10819217_b.jpg	トップス > ニット/セーター	パープル	FREE	レーヨン40%　ナイロン36%　ポリエステル24%	adult	female	
RW357112N0010207	RW357112N001	【WEB限定展開あり】リブハイネックニット - オフホワイト / FREE	"＜1枚でもインナー使いもできる冬の定番アイテム＞
■WEB限定展開のLサイズが新登場！
■オフホワイト・エクリュ・チャコール・ブラック/ボーダー・レッド・ブルーはWEB限定カラーのご用意です。
▼デザイン
伸縮性のあるリブニットは、毎年大人気のアイテムです。
首回りはハイネックで、マフラーいらず！プチプラながらちゃんとした素材感で、2色買い、3色買いもおすすめです。
カラフルなカラーバリエーションで、アウターやボトムに合わせて配色を楽しんでみてください！
▼コーディネート
冬のインナーの大定番、リブハイネックニット。
シンプルなデザインで、どんなボトムとも相性ばっちりです◎
------------------------------
生地感：厚手
伸縮性：あり
透け感：なし(ホワイトはやや透け感あり)
裏地：なし
------------------------------
▼ブランド紹介
RETRO GIRL (レトロガール）
自分らしい“ベーシックアイテム”と
新しい自分の”トレンドアイテム”が
見つかる場所
今らしいファッションを楽しむ
女性のためのブランド
#ニット#タートルネック#リブニット#リブハイネック#インナーニット
▼注意事項
※撮影環境やモニター環境によって実際の商品とお色味が
多少異なってみえる場合がございます。
※サイズはサンプル品を基に採寸しております。
実際の商品とは若干の誤差が生じる場合がございますので、あらかじめご了承ください。
品番：RW357112N001　/ 品名：リブハイネックニット"	in stock	999	new	1870 JPY	https://www.retro-girl.jp/item/108192.html	https://img-retro-girl.freetls.fastly.net/retrogirl/image_item/108/108192/10819220_b.jpg	RETRO GIRL		https://img-retro-girl.freetls.fastly.net/retrogirl/image_item/108/108192/10819201_b.jpg,https://img-retro-girl.freetls.fastly.net/retrogirl/image_item/108/108192/10819202_b.jpg,https://img-retro-girl.freetls.fastly.net/retrogirl/image_item/108/108192/10819208_b.jpg,https://img-retro-girl.freetls.fastly.net/retrogirl/image_item/108/108192/10819209_b.jpg,https://img-retro-girl.freetls.fastly.net/retrogirl/image_item/108/108192/10819210_b.jpg,https://img-retro-girl.freetls.fastly.net/retrogirl/image_item/108/108192/10819211_b.jpg,https://img-retro-girl.freetls.fastly.net/retrogirl/image_item/108/108192/10819213_b.jpg,https://img-retro-girl.freetls.fastly.net/retrogirl/image_item/108/108192/10819214_b.jpg,https://img-retro-girl.freetls.fastly.net/retrogirl/image_item/108/108192/10819215_b.jpg,https://img-retro-girl.freetls.fastly.net/retrogirl/image_item/108/108192/10819217_b.jpg	トップス > ニット/セーター	オフホワイト	FREE	レーヨン40%　ナイロン36%　ポリエステル24%	adult	female	
RW357112N0010204	RW357112N001	【WEB限定展開あり】リブハイネックニット - オフホワイト / L	"＜1枚でもインナー使いもできる冬の定番アイテム＞
■WEB限定展開のLサイズが新登場！
■オフホワイト・エクリュ・チャコール・ブラック/ボーダー・レッド・ブルーはWEB限定カラーのご用意です。
▼デザイン
伸縮性のあるリブニットは、毎年大人気のアイテムです。
首回りはハイネックで、マフラーいらず！プチプラながらちゃんとした素材感で、2色買い、3色買いもおすすめです。
カラフルなカラーバリエーションで、アウターやボトムに合わせて配色を楽しんでみてください！
▼コーディネート
冬のインナーの大定番、リブハイネックニット。
シンプルなデザインで、どんなボトムとも相性ばっちりです◎
------------------------------
生地感：厚手
伸縮性：あり
透け感：なし(ホワイトはやや透け感あり)
裏地：なし
------------------------------
▼ブランド紹介
RETRO GIRL (レトロガール）
自分らしい“ベーシックアイテム”と
新しい自分の”トレンドアイテム”が
見つかる場所
今らしいファッションを楽しむ
女性のためのブランド
#ニット#タートルネック#リブニット#リブハイネック#インナーニット
▼注意事項
※撮影環境やモニター環境によって実際の商品とお色味が
多少異なってみえる場合がございます。
※サイズはサンプル品を基に採寸しております。
実際の商品とは若干の誤差が生じる場合がございますので、あらかじめご了承ください。
品番：RW357112N001　/ 品名：リブハイネックニット"	in stock	999	new	1870 JPY	https://www.retro-girl.jp/item/108192.html	https://img-retro-girl.freetls.fastly.net/retrogirl/image_item/108/108192/10819220_b.jpg	RETRO GIRL		https://img-retro-girl.freetls.fastly.net/retrogirl/image_item/108/108192/10819201_b.jpg,https://img-retro-girl.freetls.fastly.net/retrogirl/image_item/108/108192/10819202_b.jpg,https://img-retro-girl.freetls.fastly.net/retrogirl/image_item/108/108192/10819208_b.jpg,https://img-retro-girl.freetls.fastly.net/retrogirl/image_item/108/108192/10819209_b.jpg,https://img-retro-girl.freetls.fastly.net/retrogirl/image_item/108/108192/10819210_b.jpg,https://img-retro-girl.freetls.fastly.net/retrogirl/image_item/108/108192/10819211_b.jpg,https://img-retro-girl.freetls.fastly.net/retrogirl/image_item/108/108192/10819213_b.jpg,https://img-retro-girl.freetls.fastly.net/retrogirl/image_item/108/108192/10819214_b.jpg,https://img-retro-girl.freetls.fastly.net/retrogirl/image_item/108/108192/10819215_b.jpg,https://img-retro-girl.freetls.fastly.net/retrogirl/image_item/108/108192/10819217_b.jpg	トップス > ニット/セーター	オフホワイト	L	レーヨン40%　ナイロン36%　ポリエステル24%	adult	female	
RW357112N0010407	RW357112N001	【WEB限定展開あり】リブハイネックニット - エクリュ / FREE	"＜1枚でもインナー使いもできる冬の定番アイテム＞
■WEB限定展開のLサイズが新登場！
■オフホワイト・エクリュ・チャコール・ブラック/ボーダー・レッド・ブルーはWEB限定カラーのご用意です。
▼デザイン
伸縮性のあるリブニットは、毎年大人気のアイテムです。
首回りはハイネックで、マフラーいらず！プチプラながらちゃんとした素材感で、2色買い、3色買いもおすすめです。
カラフルなカラーバリエーションで、アウターやボトムに合わせて配色を楽しんでみてください！
▼コーディネート
冬のインナーの大定番、リブハイネックニット。
シンプルなデザインで、どんなボトムとも相性ばっちりです◎
------------------------------
生地感：厚手
伸縮性：あり
透け感：なし(ホワイトはやや透け感あり)
裏地：なし
------------------------------
▼ブランド紹介
RETRO GIRL (レトロガール）
自分らしい“ベーシックアイテム”と
新しい自分の”トレンドアイテム”が
見つかる場所
今らしいファッションを楽しむ
女性のためのブランド
#ニット#タートルネック#リブニット#リブハイネック#インナーニット
▼注意事項
※撮影環境やモニター環境によって実際の商品とお色味が
多少異なってみえる場合がございます。
※サイズはサンプル品を基に採寸しております。
実際の商品とは若干の誤差が生じる場合がございますので、あらかじめご了承ください。
品番：RW357112N001　/ 品名：リブハイネックニット"	in stock	999	new	1870 JPY	https://www.retro-girl.jp/item/108192.html	https://img-retro-girl.freetls.fastly.net/retrogirl/image_item/108/108192/10819221_b.jpg	RETRO GIRL		https://img-retro-girl.freetls.fastly.net/retrogirl/image_item/108/108192/10819201_b.jpg,https://img-retro-girl.freetls.fastly.net/retrogirl/image_item/108/108192/10819202_b.jpg,https://img-retro-girl.freetls.fastly.net/retrogirl/image_item/108/108192/10819208_b.jpg,https://img-retro-girl.freetls.fastly.net/retrogirl/image_item/108/108192/10819209_b.jpg,https://img-retro-girl.freetls.fastly.net/retrogirl/image_item/108/108192/10819210_b.jpg,https://img-retro-girl.freetls.fastly.net/retrogirl/image_item/108/108192/10819211_b.jpg,https://img-retro-girl.freetls.fastly.net/retrogirl/image_item/108/108192/10819213_b.jpg,https://img-retro-girl.freetls.fastly.net/retrogirl/image_item/108/108192/10819214_b.jpg,https://img-retro-girl.freetls.fastly.net/retrogirl/image_item/108/108192/10819215_b.jpg,https://img-retro-girl.freetls.fastly.net/retrogirl/image_item/108/108192/10819217_b.jpg	トップス > ニット/セーター	エクリュ	FREE	レーヨン40%　ナイロン36%　ポリエステル24%	adult	female	
RW357112N0010404	RW357112N001	【WEB限定展開あり】リブハイネックニット - エクリュ / L	"＜1枚でもインナー使いもできる冬の定番アイテム＞
■WEB限定展開のLサイズが新登場！
■オフホワイト・エクリュ・チャコール・ブラック/ボーダー・レッド・ブルーはWEB限定カラーのご用意です。
▼デザイン
伸縮性のあるリブニットは、毎年大人気のアイテムです。
首回りはハイネックで、マフラーいらず！プチプラながらちゃんとした素材感で、2色買い、3色買いもおすすめです。
カラフルなカラーバリエーションで、アウターやボトムに合わせて配色を楽しんでみてください！
▼コーディネート
冬のインナーの大定番、リブハイネックニット。
シンプルなデザインで、どんなボトムとも相性ばっちりです◎
------------------------------
生地感：厚手
伸縮性：あり
透け感：なし(ホワイトはやや透け感あり)
裏地：なし
------------------------------
▼ブランド紹介
RETRO GIRL (レトロガール）
自分らしい“ベーシックアイテム”と
新しい自分の”トレンドアイテム”が
見つかる場所
今らしいファッションを楽しむ
女性のためのブランド
#ニット#タートルネック#リブニット#リブハイネック#インナーニット
▼注意事項
※撮影環境やモニター環境によって実際の商品とお色味が
多少異なってみえる場合がございます。
※サイズはサンプル品を基に採寸しております。
実際の商品とは若干の誤差が生じる場合がございますので、あらかじめご了承ください。
品番：RW357112N001　/ 品名：リブハイネックニット"	in stock	999	new	1870 JPY	https://www.retro-girl.jp/item/108192.html	https://img-retro-girl.freetls.fastly.net/retrogirl/image_item/108/108192/10819221_b.jpg	RETRO GIRL		https://img-retro-girl.freetls.fastly.net/retrogirl/image_item/108/108192/10819201_b.jpg,https://img-retro-girl.freetls.fastly.net/retrogirl/image_item/108/108192/10819202_b.jpg,https://img-retro-girl.freetls.fastly.net/retrogirl/image_item/108/108192/10819208_b.jpg,https://img-retro-girl.freetls.fastly.net/retrogirl/image_item/108/108192/10819209_b.jpg,https://img-retro-girl.freetls.fastly.net/retrogirl/image_item/108/108192/10819210_b.jpg,https://img-retro-girl.freetls.fastly.net/retrogirl/image_item/108/108192/10819211_b.jpg,https://img-retro-girl.freetls.fastly.net/retrogirl/image_item/108/108192/10819213_b.jpg,https://img-retro-girl.freetls.fastly.net/retrogirl/image_item/108/108192/10819214_b.jpg,https://img-retro-girl.freetls.fastly.net/retrogirl/image_item/108/108192/10819215_b.jpg,https://img-retro-girl.freetls.fastly.net/retrogirl/image_item/108/108192/10819217_b.jpg	トップス > ニット/セーター	エクリュ	L	レーヨン40%　ナイロン36%　ポリエステル24%	adult	female	
RW357112N0011907	RW357112N001	【WEB限定展開あり】リブハイネックニット - ブラック/柄 / FREE	"＜1枚でもインナー使いもできる冬の定番アイテム＞
■WEB限定展開のLサイズが新登場！
■オフホワイト・エクリュ・チャコール・ブラック/ボーダー・レッド・ブルーはWEB限定カラーのご用意です。
▼デザイン
伸縮性のあるリブニットは、毎年大人気のアイテムです。
首回りはハイネックで、マフラーいらず！プチプラながらちゃんとした素材感で、2色買い、3色買いもおすすめです。
カラフルなカラーバリエーションで、アウターやボトムに合わせて配色を楽しんでみてください！
▼コーディネート
冬のインナーの大定番、リブハイネックニット。
シンプルなデザインで、どんなボトムとも相性ばっちりです◎
------------------------------
生地感：厚手
伸縮性：あり
透け感：なし(ホワイトはやや透け感あり)
裏地：なし
------------------------------
▼ブランド紹介
RETRO GIRL (レトロガール）
自分らしい“ベーシックアイテム”と
新しい自分の”トレンドアイテム”が
見つかる場所
今らしいファッションを楽しむ
女性のためのブランド
#ニット#タートルネック#リブニット#リブハイネック#インナーニット
▼注意事項
※撮影環境やモニター環境によって実際の商品とお色味が
多少異なってみえる場合がございます。
※サイズはサンプル品を基に採寸しております。
実際の商品とは若干の誤差が生じる場合がございますので、あらかじめご了承ください。
品番：RW357112N001　/ 品名：リブハイネックニット"	in stock	999	new	1870 JPY	https://www.retro-girl.jp/item/108192.html	https://img-retro-girl.freetls.fastly.net/retrogirl/image_item/108/108192/10819222_b.jpg	RETRO GIRL		https://img-retro-girl.freetls.fastly.net/retrogirl/image_item/108/108192/10819201_b.jpg,https://img-retro-girl.freetls.fastly.net/retrogirl/image_item/108/108192/10819202_b.jpg,https://img-retro-girl.freetls.fastly.net/retrogirl/image_item/108/108192/10819208_b.jpg,https://img-retro-girl.freetls.fastly.net/retrogirl/image_item/108/108192/10819209_b.jpg,https://img-retro-girl.freetls.fastly.net/retrogirl/image_item/108/108192/10819210_b.jpg,https://img-retro-girl.freetls.fastly.net/retrogirl/image_item/108/108192/10819211_b.jpg,https://img-retro-girl.freetls.fastly.net/retrogirl/image_item/108/108192/10819213_b.jpg,https://img-retro-girl.freetls.fastly.net/retrogirl/image_item/108/108192/10819214_b.jpg,https://img-retro-girl.freetls.fastly.net/retrogirl/image_item/108/108192/10819215_b.jpg,https://img-retro-girl.freetls.fastly.net/retrogirl/image_item/108/108192/10819217_b.jpg	トップス > ニット/セーター	ブラック/柄	FREE	レーヨン40%　ナイロン36%　ポリエステル24%	adult	female	
RW357112N0011904	RW357112N001	【WEB限定展開あり】リブハイネックニット - ブラック/柄 / L	"＜1枚でもインナー使いもできる冬の定番アイテム＞
■WEB限定展開のLサイズが新登場！
■オフホワイト・エクリュ・チャコール・ブラック/ボーダー・レッド・ブルーはWEB限定カラーのご用意です。
▼デザイン
伸縮性のあるリブニットは、毎年大人気のアイテムです。
首回りはハイネックで、マフラーいらず！プチプラながらちゃんとした素材感で、2色買い、3色買いもおすすめです。
カラフルなカラーバリエーションで、アウターやボトムに合わせて配色を楽しんでみてください！
▼コーディネート
冬のインナーの大定番、リブハイネックニット。
シンプルなデザインで、どんなボトムとも相性ばっちりです◎
------------------------------
生地感：厚手
伸縮性：あり
透け感：なし(ホワイトはやや透け感あり)
裏地：なし
------------------------------
▼ブランド紹介
RETRO GIRL (レトロガール）
自分らしい“ベーシックアイテム”と
新しい自分の”トレンドアイテム”が
見つかる場所
今らしいファッションを楽しむ
女性のためのブランド
#ニット#タートルネック#リブニット#リブハイネック#インナーニット
▼注意事項
※撮影環境やモニター環境によって実際の商品とお色味が
多少異なってみえる場合がございます。
※サイズはサンプル品を基に採寸しております。
実際の商品とは若干の誤差が生じる場合がございますので、あらかじめご了承ください。
品番：RW357112N001　/ 品名：リブハイネックニット"	in stock	999	new	1870 JPY	https://www.retro-girl.jp/item/108192.html	https://img-retro-girl.freetls.fastly.net/retrogirl/image_item/108/108192/10819222_b.jpg	RETRO GIRL		https://img-retro-girl.freetls.fastly.net/retrogirl/image_item/108/108192/10819201_b.jpg,https://img-retro-girl.freetls.fastly.net/retrogirl/image_item/108/108192/10819202_b.jpg,https://img-retro-girl.freetls.fastly.net/retrogirl/image_item/108/108192/10819208_b.jpg,https://img-retro-girl.freetls.fastly.net/retrogirl/image_item/108/108192/10819209_b.jpg,https://img-retro-girl.freetls.fastly.net/retrogirl/image_item/108/108192/10819210_b.jpg,https://img-retro-girl.freetls.fastly.net/retrogirl/image_item/108/108192/10819211_b.jpg,https://img-retro-girl.freetls.fastly.net/retrogirl/image_item/108/108192/10819213_b.jpg,https://img-retro-girl.freetls.fastly.net/retrogirl/image_item/108/108192/10819214_b.jpg,https://img-retro-girl.freetls.fastly.net/retrogirl/image_item/108/108192/10819215_b.jpg,https://img-retro-girl.freetls.fastly.net/retrogirl/image_item/108/108192/10819217_b.jpg	トップス > ニット/セーター	ブラック/柄	L	レーヨン40%　ナイロン36%　ポリエステル24%	adult	female	
RW656412T0020407	RW656412T002	アソートペプラムカーディガン - エクリュ / FREE	"＜ペプラムシルエットが女性らしいニットカーディガン＞
▼デザイン
・ウエスト部分からふわっと広がるペプラムシルエットのカーディガン
・もちっとしたポリ素材で、伸縮性も抜群です。
・小さめの釦で主張し過ぎずスタイリッシュに着用できます。
・羽織スタイルでも着用できて色んなコーデに取り入れて頂けます。
▼コーディネート
肌寒い時は、中にリブニットにレイヤードするのが暖かくおすすめコーデ！
フェミニンにスラックスパンツで合わせてみて♪
▼スタイルアップポイント
ウエスト部分が気になるがちなウェーブさん、ストレートさんにおすすめのシルエット！
素材はナチュラルさんとマッチしやすいので、どんな骨格の方でも着用頂けます。
-----------------------------
生地感：普通
伸縮性：あり
透け感：なし
裏地：なし
------------------------------
▼ブランド紹介
RETRO GIRL (レトロガール）
自分らしい“ベーシックアイテム”と
新しい自分の”トレンドアイテム”が
見つかる場所
今らしいファッションを楽しむ
女性のためのブランド
#ペプラム #カーディガン #ペプラムシルエット #秋コーデ #ボーダー #ネイビー
▼注意事項
※撮影環境やモニター環境によって実際の商品とお色味が多少異なってみえる場合がございます。
品番：RW656412T002　/ 品名：アソートペプラムカーディガン"	in stock	999	new	4490 JPY	https://www.retro-girl.jp/item/111345.html	https://img-retro-girl.freetls.fastly.net/retrogirl/image_item/111/111345/11134501_b.jpg	RETRO GIRL		https://img-retro-girl.freetls.fastly.net/retrogirl/image_item/111/111345/11134502_b.jpg,https://img-retro-girl.freetls.fastly.net/retrogirl/image_item/111/111345/11134503_b.jpg	トップス > ニット/セーター	エクリュ	FREE	ポリエステル100％	adult	female	
RW656412T0028007	RW656412T002	アソートペプラムカーディガン - ブルー / FREE	"＜ペプラムシルエットが女性らしいニットカーディガン＞
▼デザイン
・ウエスト部分からふわっと広がるペプラムシルエットのカーディガン
・もちっとしたポリ素材で、伸縮性も抜群です。
・小さめの釦で主張し過ぎずスタイリッシュに着用できます。
・羽織スタイルでも着用できて色んなコーデに取り入れて頂けます。
▼コーディネート
肌寒い時は、中にリブニットにレイヤードするのが暖かくおすすめコーデ！
フェミニンにスラックスパンツで合わせてみて♪
▼スタイルアップポイント
ウエスト部分が気になるがちなウェーブさん、ストレートさんにおすすめのシルエット！
素材はナチュラルさんとマッチしやすいので、どんな骨格の方でも着用頂けます。
-----------------------------
生地感：普通
伸縮性：あり
透け感：なし
裏地：なし
------------------------------
▼ブランド紹介
RETRO GIRL (レトロガール）
自分らしい“ベーシックアイテム”と
新しい自分の”トレンドアイテム”が
見つかる場所
今らしいファッションを楽しむ
女性のためのブランド
#ペプラム #カーディガン #ペプラムシルエット #秋コーデ #ボーダー #ネイビー
▼注意事項
※撮影環境やモニター環境によって実際の商品とお色味が多少異なってみえる場合がございます。
品番：RW656412T002　/ 品名：アソートペプラムカーディガン"	in stock	999	new	4490 JPY	https://www.retro-girl.jp/item/111345.html	https://img-retro-girl.freetls.fastly.net/retrogirl/image_item/111/111345/11134503_b.jpg	RETRO GIRL		https://img-retro-girl.freetls.fastly.net/retrogirl/image_item/111/111345/11134502_b.jpg,https://img-retro-girl.freetls.fastly.net/retrogirl/image_item/111/111345/11134501_b.jpg	トップス > ニット/セーター	ブルー	FREE	ポリエステル100％	adult	female	
EF657112G0028207	EF657112G002	2枚襟ケーブルカーデ - ダークブルー / FREE	"""〈スクール感あるケーブル編みの二枚襟ニットカーディガン〉
▼デザイン
・毎回大人気のW襟デザインのニット！
・ニットはケーブル編みになっていて、スクール感ある可愛いデザイン。
・フロント部分はゴールドボタンで高級感も◎
・２枚の襟の配色もこだわった目を惹くアイテム♪
▼コーディネート
定番のプリーツスカート合わせやカジュアルなデニム合わせもおすすめ！
ロングスカートで合わせればフェミニンな印象に仕上がります。
フロント部分の釦を外すとカーディガンとして着用できるので、いろんな場面で活躍♪
------------------------------
生地感：普通
伸縮性：ある
透け感：なし
裏地：なし
------------------------------
▼ブランド紹介
ems excite (エムズエキサイト）
“more fun more cute”
今をもっと楽しく
もっと可愛くいたい女の子に向けた
girly cuteなブランド
#ニット #ニットアイテム #ケーブルニット #ダブル襟 #カーディガン #バイカラー #襟ニット #ニットカーディガン
▼注意事項
※撮影環境やモニター環境によって実際の商品とお色味が
多少異なってみえる場合がございます。
※サイズはサンプル品を基に採寸しております。
実際の商品とは若干の誤差が生じる場合がございますので、あらかじめご了承ください。
品番：EF657112G002 / 品名：２枚襟ケーブルカーデ"""	in stock	999	new	4390 JPY	https://www.retro-girl.jp/item/111282.html	https://img-retro-girl.freetls.fastly.net/retrogirl/image_item/111/111282/11128204_b.jpg	ems excite		https://img-retro-girl.freetls.fastly.net/retrogirl/image_item/111/111282/11128201_b.jpg,https://img-retro-girl.freetls.fastly.net/retrogirl/image_item/111/111282/11128202_b.jpg,https://img-retro-girl.freetls.fastly.net/retrogirl/image_item/111/111282/11128203_b.jpg	トップス > ニット/セーター	ダークブルー	FREE		adult	female	
EF657112G0021107	EF657112G002	2枚襟ケーブルカーデ - ダークグレー / FREE	"""〈スクール感あるケーブル編みの二枚襟ニットカーディガン〉
▼デザイン
・毎回大人気のW襟デザインのニット！
・ニットはケーブル編みになっていて、スクール感ある可愛いデザイン。
・フロント部分はゴールドボタンで高級感も◎
・２枚の襟の配色もこだわった目を惹くアイテム♪
▼コーディネート
定番のプリーツスカート合わせやカジュアルなデニム合わせもおすすめ！
ロングスカートで合わせればフェミニンな印象に仕上がります。
フロント部分の釦を外すとカーディガンとして着用できるので、いろんな場面で活躍♪
------------------------------
生地感：普通
伸縮性：ある
透け感：なし
裏地：なし
------------------------------
▼ブランド紹介
ems excite (エムズエキサイト）
“more fun more cute”
今をもっと楽しく
もっと可愛くいたい女の子に向けた
girly cuteなブランド
#ニット #ニットアイテム #ケーブルニット #ダブル襟 #カーディガン #バイカラー #襟ニット #ニットカーディガン
▼注意事項
※撮影環境やモニター環境によって実際の商品とお色味が
多少異なってみえる場合がございます。
※サイズはサンプル品を基に採寸しております。
実際の商品とは若干の誤差が生じる場合がございますので、あらかじめご了承ください。
品番：EF657112G002 / 品名：２枚襟ケーブルカーデ"""	in stock	999	new	4390 JPY	https://www.retro-girl.jp/item/111282.html	https://img-retro-girl.freetls.fastly.net/retrogirl/image_item/111/111282/11128201_b.jpg	ems excite		https://img-retro-girl.freetls.fastly.net/retrogirl/image_item/111/111282/11128204_b.jpg,https://img-retro-girl.freetls.fastly.net/retrogirl/image_item/111/111282/11128202_b.jpg,https://img-retro-girl.freetls.fastly.net/retrogirl/image_item/111/111282/11128203_b.jpg	トップス > ニット/セーター	ダークグレー	FREE		adult	female	
EF657112G0023207	EF657112G002	2枚襟ケーブルカーデ - ダークレッド / FREE	"""〈スクール感あるケーブル編みの二枚襟ニットカーディガン〉
▼デザイン
・毎回大人気のW襟デザインのニット！
・ニットはケーブル編みになっていて、スクール感ある可愛いデザイン。
・フロント部分はゴールドボタンで高級感も◎
・２枚の襟の配色もこだわった目を惹くアイテム♪
▼コーディネート
定番のプリーツスカート合わせやカジュアルなデニム合わせもおすすめ！
ロングスカートで合わせればフェミニンな印象に仕上がります。
フロント部分の釦を外すとカーディガンとして着用できるので、いろんな場面で活躍♪
------------------------------
生地感：普通
伸縮性：ある
透け感：なし
裏地：なし
------------------------------
▼ブランド紹介
ems excite (エムズエキサイト）
“more fun more cute”
今をもっと楽しく
もっと可愛くいたい女の子に向けた
girly cuteなブランド
#ニット #ニットアイテム #ケーブルニット #ダブル襟 #カーディガン #バイカラー #襟ニット #ニットカーディガン
▼注意事項
※撮影環境やモニター環境によって実際の商品とお色味が
多少異なってみえる場合がございます。
※サイズはサンプル品を基に採寸しております。
実際の商品とは若干の誤差が生じる場合がございますので、あらかじめご了承ください。
品番：EF657112G002 / 品名：２枚襟ケーブルカーデ"""	in stock	999	new	4390 JPY	https://www.retro-girl.jp/item/111282.html	https://img-retro-girl.freetls.fastly.net/retrogirl/image_item/111/111282/11128202_b.jpg	ems excite		https://img-retro-girl.freetls.fastly.net/retrogirl/image_item/111/111282/11128204_b.jpg,https://img-retro-girl.freetls.fastly.net/retrogirl/image_item/111/111282/11128201_b.jpg,https://img-retro-girl.freetls.fastly.net/retrogirl/image_item/111/111282/11128203_b.jpg	トップス > ニット/セーター	ダークレッド	FREE		adult	female	
EF657112G0025007	EF657112G002	2枚襟ケーブルカーデ - ブラウン / FREE	"""〈スクール感あるケーブル編みの二枚襟ニットカーディガン〉
▼デザイン
・毎回大人気のW襟デザインのニット！
・ニットはケーブル編みになっていて、スクール感ある可愛いデザイン。
・フロント部分はゴールドボタンで高級感も◎
・２枚の襟の配色もこだわった目を惹くアイテム♪
▼コーディネート
定番のプリーツスカート合わせやカジュアルなデニム合わせもおすすめ！
ロングスカートで合わせればフェミニンな印象に仕上がります。
フロント部分の釦を外すとカーディガンとして着用できるので、いろんな場面で活躍♪
------------------------------
生地感：普通
伸縮性：ある
透け感：なし
裏地：なし
------------------------------
▼ブランド紹介
ems excite (エムズエキサイト）
“more fun more cute”
今をもっと楽しく
もっと可愛くいたい女の子に向けた
girly cuteなブランド
#ニット #ニットアイテム #ケーブルニット #ダブル襟 #カーディガン #バイカラー #襟ニット #ニットカーディガン
▼注意事項
※撮影環境やモニター環境によって実際の商品とお色味が
多少異なってみえる場合がございます。
※サイズはサンプル品を基に採寸しております。
実際の商品とは若干の誤差が生じる場合がございますので、あらかじめご了承ください。
品番：EF657112G002 / 品名：２枚襟ケーブルカーデ"""	in stock	999	new	4390 JPY	https://www.retro-girl.jp/item/111282.html	https://img-retro-girl.freetls.fastly.net/retrogirl/image_item/111/111282/11128203_b.jpg	ems excite		https://img-retro-girl.freetls.fastly.net/retrogirl/image_item/111/111282/11128204_b.jpg,https://img-retro-girl.freetls.fastly.net/retrogirl/image_item/111/111282/11128201_b.jpg,https://img-retro-girl.freetls.fastly.net/retrogirl/image_item/111/111282/11128202_b.jpg	トップス > ニット/セーター	ブラウン	FREE		adult	female	
RS641523N0023607	RS641523N002	【新色追加】チェックペプラムビスチェ - レッド/チェック / FREE	"〈大人気のビスチェアイテムから華やかなデザインアイテムが登場！〉
▼デザイン
・フロント部分のリボンデザインが可愛いビスチェアイテム
・チェック柄で秋先取りな印象に。
・肩紐部分はアジャスター付きで、着丈の調節が可能！
・ブラウン×ブルーの配色は今年のトレンドカラー配色
▼コーディネート
デニムパンツで合わせても定番で可愛いスタイリングに。
インナー次第で気温の調節もできる万能アイテムです。
▼スタイルアップポイント
ウエスト周り、腰回りが気になるストレートさん、ウェーブさんにおすすめなシルエット！
ナチュラルさんはゆるっと上からシャツやカーデを羽織るスタイルがおすすめ◎
------------------------------
生地感：普通
伸縮性：なし
透け感：なし
裏地：なし
------------------------------
▼ブランド紹介
RETRO GIRL (レトロガール）
自分らしい“ベーシックアイテム”と
新しい自分の”トレンドアイテム”が
見つかる場所
今らしいファッションを楽しむ
女性のためのブランド
#チェック柄 #チェックビスチェ #ビスチェ #秋アイテム #夏コーデ #レイヤードコーデ
▼注意事項
※撮影環境やモニター環境によって実際の商品とお色味が
多少異なってみえる場合がございます。
品番：RS641523N002　/ 品名：チェックペプラムビスチェ"	in stock	999	new	3290 JPY	https://www.retro-girl.jp/item/111241.html	https://img-retro-girl.freetls.fastly.net/retrogirl/image_item/111/111241/11124103_b.jpg	RETRO GIRL		https://img-retro-girl.freetls.fastly.net/retrogirl/image_item/111/111241/11124101_b.jpg,https://img-retro-girl.freetls.fastly.net/retrogirl/image_item/111/111241/11124102_b.jpg,https://img-retro-girl.freetls.fastly.net/retrogirl/image_item/111/111241/11124104_b.jpg	トップス > シャツ/ブラウス	レッド/チェック	FREE	ポリエステル97％　ポリウレタン3％	adult	female	
RS641523N0021607	RS641523N002	【新色追加】チェックペプラムビスチェ - ブラック/チェック / FREE	"〈大人気のビスチェアイテムから華やかなデザインアイテムが登場！〉
▼デザイン
・フロント部分のリボンデザインが可愛いビスチェアイテム
・チェック柄で秋先取りな印象に。
・肩紐部分はアジャスター付きで、着丈の調節が可能！
・ブラウン×ブルーの配色は今年のトレンドカラー配色
▼コーディネート
デニムパンツで合わせても定番で可愛いスタイリングに。
インナー次第で気温の調節もできる万能アイテムです。
▼スタイルアップポイント
ウエスト周り、腰回りが気になるストレートさん、ウェーブさんにおすすめなシルエット！
ナチュラルさんはゆるっと上からシャツやカーデを羽織るスタイルがおすすめ◎
------------------------------
生地感：普通
伸縮性：なし
透け感：なし
裏地：なし
------------------------------
▼ブランド紹介
RETRO GIRL (レトロガール）
自分らしい“ベーシックアイテム”と
新しい自分の”トレンドアイテム”が
見つかる場所
今らしいファッションを楽しむ
女性のためのブランド
#チェック柄 #チェックビスチェ #ビスチェ #秋アイテム #夏コーデ #レイヤードコーデ
▼注意事項
※撮影環境やモニター環境によって実際の商品とお色味が
多少異なってみえる場合がございます。
品番：RS641523N002　/ 品名：チェックペプラムビスチェ"	in stock	999	new	3290 JPY	https://www.retro-girl.jp/item/111241.html	https://img-retro-girl.freetls.fastly.net/retrogirl/image_item/111/111241/11124101_b.jpg	RETRO GIRL		https://img-retro-girl.freetls.fastly.net/retrogirl/image_item/111/111241/11124103_b.jpg,https://img-retro-girl.freetls.fastly.net/retrogirl/image_item/111/111241/11124102_b.jpg,https://img-retro-girl.freetls.fastly.net/retrogirl/image_item/111/111241/11124104_b.jpg	トップス > シャツ/ブラウス	ブラック/チェック	FREE	ポリエステル97％　ポリウレタン3％	adult	female	
RS641523N0025907	RS641523N002	【新色追加】チェックペプラムビスチェ - ブラウン/柄 / FREE	"〈大人気のビスチェアイテムから華やかなデザインアイテムが登場！〉
▼デザイン
・フロント部分のリボンデザインが可愛いビスチェアイテム
・チェック柄で秋先取りな印象に。
・肩紐部分はアジャスター付きで、着丈の調節が可能！
・ブラウン×ブルーの配色は今年のトレンドカラー配色
▼コーディネート
デニムパンツで合わせても定番で可愛いスタイリングに。
インナー次第で気温の調節もできる万能アイテムです。
▼スタイルアップポイント
ウエスト周り、腰回りが気になるストレートさん、ウェーブさんにおすすめなシルエット！
ナチュラルさんはゆるっと上からシャツやカーデを羽織るスタイルがおすすめ◎
------------------------------
生地感：普通
伸縮性：なし
透け感：なし
裏地：なし
------------------------------
▼ブランド紹介
RETRO GIRL (レトロガール）
自分らしい“ベーシックアイテム”と
新しい自分の”トレンドアイテム”が
見つかる場所
今らしいファッションを楽しむ
女性のためのブランド
#チェック柄 #チェックビスチェ #ビスチェ #秋アイテム #夏コーデ #レイヤードコーデ
▼注意事項
※撮影環境やモニター環境によって実際の商品とお色味が
多少異なってみえる場合がございます。
品番：RS641523N002　/ 品名：チェックペプラムビスチェ"	in stock	999	new	3290 JPY	https://www.retro-girl.jp/item/111241.html	https://img-retro-girl.freetls.fastly.net/retrogirl/image_item/111/111241/11124104_b.jpg	RETRO GIRL		https://img-retro-girl.freetls.fastly.net/retrogirl/image_item/111/111241/11124103_b.jpg,https://img-retro-girl.freetls.fastly.net/retrogirl/image_item/111/111241/11124101_b.jpg,https://img-retro-girl.freetls.fastly.net/retrogirl/image_item/111/111241/11124102_b.jpg	トップス > シャツ/ブラウス	ブラウン/柄	FREE	ポリエステル97％　ポリウレタン3％	adult	female	
EF641512G0101207	EF641512G010	BIG襟ニットカーデ - チャコールグレー / FREE	"〈襟デザインで華やかな印象に仕上るガーリーニット〉
▼デザイン
・大き目の襟がデザインされたニット。
・レイヤード風に見えますが、１枚で完結するのも嬉しい♪
・襟の周りはレースで縁取られていてemsらしいガーリーデザイン
・大き目カラーで小顔効果も期待できます！
▼コーディネート
トップスとして１枚で着用するのはもちろん、カーディガンなので羽織スタイルも◎
ボトムはガーリーなスカート合わせがおすすめですが、デニム合わせで甘カジコーデも可愛いです。
------------------------------
生地感：普通
伸縮性：ある
透け感：なし
裏地：なし
------------------------------
▼ブランド紹介
ems excite (エムズエキサイト）
“more fun more cute”
今をもっと楽しく
もっと可愛くいたい女の子に向けた
girly cuteなブランド
#ニット #襟ニット #ニットカーディガン #レースアイテム #ニットコーデ #セーラー襟 #バイカラー
▼注意事項
※撮影環境やモニター環境によって実際の商品とお色味が
多少異なってみえる場合がございます。
品番：EF641512G010　 / 品名：BIG襟ニットカーデ"	in stock	999	new	4990 JPY	https://www.retro-girl.jp/item/111306.html	https://img-retro-girl.freetls.fastly.net/retrogirl/image_item/111/111306/11130602_b.jpg	ems excite		https://img-retro-girl.freetls.fastly.net/retrogirl/image_item/111/111306/11130601_b.jpg,https://img-retro-girl.freetls.fastly.net/retrogirl/image_item/111/111306/11130603_b.jpg	トップス > カーディガン/ボレロ	チャコールグレー	FREE	本体：ポリエステル93％ ポリウレタン3％ アクリル2％ 毛2％衿表：綿100％衿裏：ポリエステル65％ 綿35％	adult	female	
EF641512G0100407	EF641512G010	BIG襟ニットカーデ - エクリュ / FREE	"〈襟デザインで華やかな印象に仕上るガーリーニット〉
▼デザイン
・大き目の襟がデザインされたニット。
・レイヤード風に見えますが、１枚で完結するのも嬉しい♪
・襟の周りはレースで縁取られていてemsらしいガーリーデザイン
・大き目カラーで小顔効果も期待できます！
▼コーディネート
トップスとして１枚で着用するのはもちろん、カーディガンなので羽織スタイルも◎
ボトムはガーリーなスカート合わせがおすすめですが、デニム合わせで甘カジコーデも可愛いです。
------------------------------
生地感：普通
伸縮性：ある
透け感：なし
裏地：なし
------------------------------
▼ブランド紹介
ems excite (エムズエキサイト）
“more fun more cute”
今をもっと楽しく
もっと可愛くいたい女の子に向けた
girly cuteなブランド
#ニット #襟ニット #ニットカーディガン #レースアイテム #ニットコーデ #セーラー襟 #バイカラー
▼注意事項
※撮影環境やモニター環境によって実際の商品とお色味が
多少異なってみえる場合がございます。
品番：EF641512G010　 / 品名：BIG襟ニットカーデ"	in stock	999	new	4990 JPY	https://www.retro-girl.jp/item/111306.html	https://img-retro-girl.freetls.fastly.net/retrogirl/image_item/111/111306/11130601_b.jpg	ems excite		https://img-retro-girl.freetls.fastly.net/retrogirl/image_item/111/111306/11130602_b.jpg,https://img-retro-girl.freetls.fastly.net/retrogirl/image_item/111/111306/11130603_b.jpg	トップス > カーディガン/ボレロ	エクリュ	FREE	本体：ポリエステル93％ ポリウレタン3％ アクリル2％ 毛2％衿表：綿100％衿裏：ポリエステル65％ 綿35％	adult	female	
EF641512G0105007	EF641512G010	BIG襟ニットカーデ - ブラウン / FREE	"〈襟デザインで華やかな印象に仕上るガーリーニット〉
▼デザイン
・大き目の襟がデザインされたニット。
・レイヤード風に見えますが、１枚で完結するのも嬉しい♪
・襟の周りはレースで縁取られていてemsらしいガーリーデザイン
・大き目カラーで小顔効果も期待できます！
▼コーディネート
トップスとして１枚で着用するのはもちろん、カーディガンなので羽織スタイルも◎
ボトムはガーリーなスカート合わせがおすすめですが、デニム合わせで甘カジコーデも可愛いです。
------------------------------
生地感：普通
伸縮性：ある
透け感：なし
裏地：なし
------------------------------
▼ブランド紹介
ems excite (エムズエキサイト）
“more fun more cute”
今をもっと楽しく
もっと可愛くいたい女の子に向けた
girly cuteなブランド
#ニット #襟ニット #ニットカーディガン #レースアイテム #ニットコーデ #セーラー襟 #バイカラー
▼注意事項
※撮影環境やモニター環境によって実際の商品とお色味が
多少異なってみえる場合がございます。
品番：EF641512G010　 / 品名：BIG襟ニットカーデ"	in stock	999	new	4990 JPY	https://www.retro-girl.jp/item/111306.html	https://img-retro-girl.freetls.fastly.net/retrogirl/image_item/111/111306/11130603_b.jpg	ems excite		https://img-retro-girl.freetls.fastly.net/retrogirl/image_item/111/111306/11130602_b.jpg,https://img-retro-girl.freetls.fastly.net/retrogirl/image_item/111/111306/11130601_b.jpg	トップス > カーディガン/ボレロ	ブラウン	FREE	本体：ポリエステル93％ ポリウレタン3％ アクリル2％ 毛2％衿表：綿100％衿裏：ポリエステル65％ 綿35％	adult	female	
EL680031G0020407	EL680031G002	チャーム付きフリルスカパン - エクリュ / FREE	"＜チャームセットで可愛いフリルミニスカート＞
▼デザイン
・裾のフリルでボリューム感あるスカート
・オリジナルチャームがついていて、emsらしいワンポイント
・チャームは取り外し可能で、お手持ちのバッグやポーチにつけても可愛い♪
・後ろはゴムになっていて、伸縮性抜群！
・裾はしっかりパンツが見えるデザインになっているので、安心して着用頂けます◎
▼コーディネート
ガーリーなコーデにおすすめのアイテム！
インナーパンツがついていて、ミニ丈ながら安心の着用感！
------------------------------
生地感：普通
伸縮性：なし
透け感：なし
インパン：ある
------------------------------
▼ブランド紹介
ems excite (エムズエキサイト）
“more fun more cute”
今をもっと楽しく
もっと可愛くいたい女の子に向けた
girly cuteなブランド
#ティアードスカート #フリルスカート #モノトーンコーデ #プレート付き
▼注意事項
※撮影環境やモニター環境によって実際の商品とお色味が
多少異なってみえる場合がございます。
品番：EL641531C001　/ 品名：チャーム付きフリルスカパン"	in stock	999	new	4390 JPY	https://www.retro-girl.jp/item/111256.html	https://img-retro-girl.freetls.fastly.net/retrogirl/image_item/111/111256/11125601_b.jpg	ems excite		https://img-retro-girl.freetls.fastly.net/retrogirl/image_item/111/111256/11125602_b.jpg,https://img-retro-girl.freetls.fastly.net/retrogirl/image_item/111/111256/11125603_b.jpg	スカート > ミニスカート	エクリュ	FREE	ポリエステル97％　ポリウレタン3％	adult	female	
EL680031G0021107	EL680031G002	チャーム付きフリルスカパン - ダークグレー / FREE	"＜チャームセットで可愛いフリルミニスカート＞
▼デザイン
・裾のフリルでボリューム感あるスカート
・オリジナルチャームがついていて、emsらしいワンポイント
・チャームは取り外し可能で、お手持ちのバッグやポーチにつけても可愛い♪
・後ろはゴムになっていて、伸縮性抜群！
・裾はしっかりパンツが見えるデザインになっているので、安心して着用頂けます◎
▼コーディネート
ガーリーなコーデにおすすめのアイテム！
インナーパンツがついていて、ミニ丈ながら安心の着用感！
------------------------------
生地感：普通
伸縮性：なし
透け感：なし
インパン：ある
------------------------------
▼ブランド紹介
ems excite (エムズエキサイト）
“more fun more cute”
今をもっと楽しく
もっと可愛くいたい女の子に向けた
girly cuteなブランド
#ティアードスカート #フリルスカート #モノトーンコーデ #プレート付き
▼注意事項
※撮影環境やモニター環境によって実際の商品とお色味が
多少異なってみえる場合がございます。
品番：EL641531C001　/ 品名：チャーム付きフリルスカパン"	in stock	999	new	4390 JPY	https://www.retro-girl.jp/item/111256.html	https://img-retro-girl.freetls.fastly.net/retrogirl/image_item/111/111256/11125603_b.jpg	ems excite		https://img-retro-girl.freetls.fastly.net/retrogirl/image_item/111/111256/11125601_b.jpg,https://img-retro-girl.freetls.fastly.net/retrogirl/image_item/111/111256/11125602_b.jpg	スカート > ミニスカート	ダークグレー	FREE	ポリエステル97％　ポリウレタン3％	adult	female	
EF641512G0011107	EF641512G001	メニーリボン付ニットカーデ - ダークグレー / FREE	"〈フェミニンに着たいメニーリボンカーディガン〉
▼アイテム
・フェミニンなスタイリングに合わせたいカーディガン
・裾部分にボリューム感あるリボンがたっぷり施されたアイテム
・コンパクトな着丈で、emsらしいシルエット。
・フロント部分はボタンで開け閉め可能なので、羽織スタイルも楽しめます。
▼コーディネート
トップスにデザインがあるので、ボトムはシンプルにショートパンツ合わせがおすすめ！
ロングスカートやチュールスカートとフェミニンに合わせてもemsらしいコーデに♪
------------------------------
生地感：普通
伸縮性：ニット部分はある
透け感：なし
裏地：なし
------------------------------
▼ブランド紹介
ems excite (エムズエキサイト）
“more fun more cute”
今をもっと楽しく
もっと可愛くいたい女の子に向けた
girly cuteなブランド
#カーディガン #ニット #裾リボン #ニットアイテム #メニーリボン #フェミニン #ガーリーコーデ
▼注意事項
※撮影環境やモニター環境によって実際の商品とお色味が
多少異なってみえる場合がございます。
品番：EF641512G001　/ 品名：メニーリボン付ニットカーデ"	in stock	999	new	5390 JPY	https://www.retro-girl.jp/item/111360.html	https://img-retro-girl.freetls.fastly.net/retrogirl/image_item/111/111360/11136001_b.jpg	ems excite		https://img-retro-girl.freetls.fastly.net/retrogirl/image_item/111/111360/11136002_b.jpg,https://img-retro-girl.freetls.fastly.net/retrogirl/image_item/111/111360/11136003_b.jpg	トップス > ニット/セーター	ダークグレー	FREE	本体レーヨン：50％ポリエステル：28％ナイロン：22％　別布部分　ポリエステル：100％	adult	female	
EF641512G0018207	EF641512G001	メニーリボン付ニットカーデ - ダークブルー / FREE	"〈フェミニンに着たいメニーリボンカーディガン〉
▼アイテム
・フェミニンなスタイリングに合わせたいカーディガン
・裾部分にボリューム感あるリボンがたっぷり施されたアイテム
・コンパクトな着丈で、emsらしいシルエット。
・フロント部分はボタンで開け閉め可能なので、羽織スタイルも楽しめます。
▼コーディネート
トップスにデザインがあるので、ボトムはシンプルにショートパンツ合わせがおすすめ！
ロングスカートやチュールスカートとフェミニンに合わせてもemsらしいコーデに♪
------------------------------
生地感：普通
伸縮性：ニット部分はある
透け感：なし
裏地：なし
------------------------------
▼ブランド紹介
ems excite (エムズエキサイト）
“more fun more cute”
今をもっと楽しく
もっと可愛くいたい女の子に向けた
girly cuteなブランド
#カーディガン #ニット #裾リボン #ニットアイテム #メニーリボン #フェミニン #ガーリーコーデ
▼注意事項
※撮影環境やモニター環境によって実際の商品とお色味が
多少異なってみえる場合がございます。
品番：EF641512G001　/ 品名：メニーリボン付ニットカーデ"	in stock	999	new	5390 JPY	https://www.retro-girl.jp/item/111360.html	https://img-retro-girl.freetls.fastly.net/retrogirl/image_item/111/111360/11136003_b.jpg	ems excite		https://img-retro-girl.freetls.fastly.net/retrogirl/image_item/111/111360/11136001_b.jpg,https://img-retro-girl.freetls.fastly.net/retrogirl/image_item/111/111360/11136002_b.jpg	トップス > ニット/セーター	ダークブルー	FREE	本体レーヨン：50％ポリエステル：28％ナイロン：22％　別布部分　ポリエステル：100％	adult	female	
EL641512G0052007	EL641512G005	シャツ襟ヴィンテージニット - ピンク / FREE	"＜ems exciteで大人気のヴィンテージカーディガンが今年らしいデザインで！＞
▼デザイン
・emsで毎回大人気のヴィンテージニット
・シャツとニットをドッキングしたようなデザインで今年らしい！
・１枚でトレンド感ある着こなしが完成
・襟と袖口はチェック柄で秋先取りコーデに◎
・胸元のリボンが華やかでemsらしい可愛いワンポイント♪
▼コーディネート
チェック柄が華やかなトップスなので、ボトムはシンプルでもOK！
バルーンスカートやデニムと合わせても◎
------------------------------
生地感：普通
伸縮性：ある
透け感：なし
裏地：なし
------------------------------
▼ブランド紹介
ems excite (エムズエキサイト）
“more fun more cute”
今をもっと楽しく
もっと可愛くいたい女の子に向けた
girly cuteなブランド
#リボン #ニット #サマーニット #リボンデザイン #シャツ #チェック柄 #レイヤードコーデ
▼注意事項
※撮影環境やモニター環境によって実際の商品とお色味が
多少異なってみえる場合がございます。
品番：EL641512G005　/ 品名：シャツ襟ヴィンテージニット"	in stock	999	new	3990 JPY	https://www.retro-girl.jp/item/111274.html	https://img-retro-girl.freetls.fastly.net/retrogirl/image_item/111/111274/11127402_b.jpg	ems excite		https://img-retro-girl.freetls.fastly.net/retrogirl/image_item/111/111274/11127401_b.jpg,https://img-retro-girl.freetls.fastly.net/retrogirl/image_item/111/111274/11127403_b.jpg,https://img-retro-girl.freetls.fastly.net/retrogirl/image_item/111/111274/11127404_b.jpg	トップス > ニット/セーター	ピンク	FREE	本体　ポリエステル：100％　別布部分　ポリエステル：100％	adult	female	
EL641512G0050407	EL641512G005	シャツ襟ヴィンテージニット - エクリュ / FREE	"＜ems exciteで大人気のヴィンテージカーディガンが今年らしいデザインで！＞
▼デザイン
・emsで毎回大人気のヴィンテージニット
・シャツとニットをドッキングしたようなデザインで今年らしい！
・１枚でトレンド感ある着こなしが完成
・襟と袖口はチェック柄で秋先取りコーデに◎
・胸元のリボンが華やかでemsらしい可愛いワンポイント♪
▼コーディネート
チェック柄が華やかなトップスなので、ボトムはシンプルでもOK！
バルーンスカートやデニムと合わせても◎
------------------------------
生地感：普通
伸縮性：ある
透け感：なし
裏地：なし
------------------------------
▼ブランド紹介
ems excite (エムズエキサイト）
“more fun more cute”
今をもっと楽しく
もっと可愛くいたい女の子に向けた
girly cuteなブランド
#リボン #ニット #サマーニット #リボンデザイン #シャツ #チェック柄 #レイヤードコーデ
▼注意事項
※撮影環境やモニター環境によって実際の商品とお色味が
多少異なってみえる場合がございます。
品番：EL641512G005　/ 品名：シャツ襟ヴィンテージニット"	in stock	999	new	3990 JPY	https://www.retro-girl.jp/item/111274.html	https://img-retro-girl.freetls.fastly.net/retrogirl/image_item/111/111274/11127401_b.jpg	ems excite		https://img-retro-girl.freetls.fastly.net/retrogirl/image_item/111/111274/11127402_b.jpg,https://img-retro-girl.freetls.fastly.net/retrogirl/image_item/111/111274/11127403_b.jpg,https://img-retro-girl.freetls.fastly.net/retrogirl/image_item/111/111274/11127404_b.jpg	トップス > ニット/セーター	エクリュ	FREE	本体　ポリエステル：100％　別布部分　ポリエステル：100％	adult	female	
EL641512G0055407	EL641512G005	シャツ襟ヴィンテージニット - ベージュ / FREE	"＜ems exciteで大人気のヴィンテージカーディガンが今年らしいデザインで！＞
▼デザイン
・emsで毎回大人気のヴィンテージニット
・シャツとニットをドッキングしたようなデザインで今年らしい！
・１枚でトレンド感ある着こなしが完成
・襟と袖口はチェック柄で秋先取りコーデに◎
・胸元のリボンが華やかでemsらしい可愛いワンポイント♪
▼コーディネート
チェック柄が華やかなトップスなので、ボトムはシンプルでもOK！
バルーンスカートやデニムと合わせても◎
------------------------------
生地感：普通
伸縮性：ある
透け感：なし
裏地：なし
------------------------------
▼ブランド紹介
ems excite (エムズエキサイト）
“more fun more cute”
今をもっと楽しく
もっと可愛くいたい女の子に向けた
girly cuteなブランド
#リボン #ニット #サマーニット #リボンデザイン #シャツ #チェック柄 #レイヤードコーデ
▼注意事項
※撮影環境やモニター環境によって実際の商品とお色味が
多少異なってみえる場合がございます。
品番：EL641512G005　/ 品名：シャツ襟ヴィンテージニット"	in stock	999	new	3990 JPY	https://www.retro-girl.jp/item/111274.html	https://img-retro-girl.freetls.fastly.net/retrogirl/image_item/111/111274/11127403_b.jpg	ems excite		https://img-retro-girl.freetls.fastly.net/retrogirl/image_item/111/111274/11127402_b.jpg,https://img-retro-girl.freetls.fastly.net/retrogirl/image_item/111/111274/11127401_b.jpg,https://img-retro-girl.freetls.fastly.net/retrogirl/image_item/111/111274/11127404_b.jpg	トップス > ニット/セーター	ベージュ	FREE	本体　ポリエステル：100％　別布部分　ポリエステル：100％	adult	female	
EL641512G0058207	EL641512G005	シャツ襟ヴィンテージニット - ダークブルー / FREE	"＜ems exciteで大人気のヴィンテージカーディガンが今年らしいデザインで！＞
▼デザイン
・emsで毎回大人気のヴィンテージニット
・シャツとニットをドッキングしたようなデザインで今年らしい！
・１枚でトレンド感ある着こなしが完成
・襟と袖口はチェック柄で秋先取りコーデに◎
・胸元のリボンが華やかでemsらしい可愛いワンポイント♪
▼コーディネート
チェック柄が華やかなトップスなので、ボトムはシンプルでもOK！
バルーンスカートやデニムと合わせても◎
------------------------------
生地感：普通
伸縮性：ある
透け感：なし
裏地：なし
------------------------------
▼ブランド紹介
ems excite (エムズエキサイト）
“more fun more cute”
今をもっと楽しく
もっと可愛くいたい女の子に向けた
girly cuteなブランド
#リボン #ニット #サマーニット #リボンデザイン #シャツ #チェック柄 #レイヤードコーデ
▼注意事項
※撮影環境やモニター環境によって実際の商品とお色味が
多少異なってみえる場合がございます。
品番：EL641512G005　/ 品名：シャツ襟ヴィンテージニット"	in stock	999	new	3990 JPY	https://www.retro-girl.jp/item/111274.html	https://img-retro-girl.freetls.fastly.net/retrogirl/image_item/111/111274/11127404_b.jpg	ems excite		https://img-retro-girl.freetls.fastly.net/retrogirl/image_item/111/111274/11127402_b.jpg,https://img-retro-girl.freetls.fastly.net/retrogirl/image_item/111/111274/11127401_b.jpg,https://img-retro-girl.freetls.fastly.net/retrogirl/image_item/111/111274/11127403_b.jpg	トップス > ニット/セーター	ダークブルー	FREE	本体　ポリエステル：100％　別布部分　ポリエステル：100％	adult	female	
RF634822T0015007	RF634822T001	チェックフレアキャミワンピース - ブラウン / FREE	"＜秋めく素材のチェック柄キャミワンピース＞
▼デザイン
・毎回大人気のRETRO GIRLのキャミワンピースから新作が登場！
・生地をたっぷり使ったボリュームシルエット
・裾に向かって広がるシルエットが女性らしい！
・後ろのリボンの結ぶ位置で着丈の調節が可能です◎
▼コーディネート
１枚でコーデが完成するワンピース！チェック柄なので、しっかりと華やかな印象に！
上からカーディガンを羽織ったり、インナーの素材で気温調節可能です。
-----------------------------
生地感：普通
伸縮性：なし
透け感：なし
裏地：ある
------------------------------
▼ブランド紹介
RETRO GIRL (レトロガール）
自分らしい“ベーシックアイテム”と
新しい自分の”トレンドアイテム”が
見つかる場所
今らしいファッションを楽しむ
女性のためのブランド
#ワンピース #キャミワンピース ＃秋コーデ #チェック #チェックワンピース
▼注意事項
※撮影環境やモニター環境によって実際の商品とお色味が
多少異なってみえる場合がございます。
品番：RF634822T001　　/ 品名：チェックフレアキャミワンピース"	in stock	999	new	4490 JPY	https://www.retro-girl.jp/item/111289.html	https://img-retro-girl.freetls.fastly.net/retrogirl/image_item/111/111289/11128902_b.jpg	RETRO GIRL		https://img-retro-girl.freetls.fastly.net/retrogirl/image_item/111/111289/11128901_b.jpg,https://img-retro-girl.freetls.fastly.net/retrogirl/image_item/111/111289/11128903_b.jpg	ワンピース/ドレス > ロング・マキシワンピース	ブラウン	FREE		adult	female	
RF634822T0010907	RF634822T001	チェックフレアキャミワンピース - ブラック / FREE	"＜秋めく素材のチェック柄キャミワンピース＞
▼デザイン
・毎回大人気のRETRO GIRLのキャミワンピースから新作が登場！
・生地をたっぷり使ったボリュームシルエット
・裾に向かって広がるシルエットが女性らしい！
・後ろのリボンの結ぶ位置で着丈の調節が可能です◎
▼コーディネート
１枚でコーデが完成するワンピース！チェック柄なので、しっかりと華やかな印象に！
上からカーディガンを羽織ったり、インナーの素材で気温調節可能です。
-----------------------------
生地感：普通
伸縮性：なし
透け感：なし
裏地：ある
------------------------------
▼ブランド紹介
RETRO GIRL (レトロガール）
自分らしい“ベーシックアイテム”と
新しい自分の”トレンドアイテム”が
見つかる場所
今らしいファッションを楽しむ
女性のためのブランド
#ワンピース #キャミワンピース ＃秋コーデ #チェック #チェックワンピース
▼注意事項
※撮影環境やモニター環境によって実際の商品とお色味が
多少異なってみえる場合がございます。
品番：RF634822T001　　/ 品名：チェックフレアキャミワンピース"	in stock	999	new	4490 JPY	https://www.retro-girl.jp/item/111289.html	https://img-retro-girl.freetls.fastly.net/retrogirl/image_item/111/111289/11128901_b.jpg	RETRO GIRL		https://img-retro-girl.freetls.fastly.net/retrogirl/image_item/111/111289/11128902_b.jpg,https://img-retro-girl.freetls.fastly.net/retrogirl/image_item/111/111289/11128903_b.jpg	ワンピース/ドレス > ロング・マキシワンピース	ブラック	FREE		adult	female	
RF634822T0018007	RF634822T001	チェックフレアキャミワンピース - ブルー / FREE	"＜秋めく素材のチェック柄キャミワンピース＞
▼デザイン
・毎回大人気のRETRO GIRLのキャミワンピースから新作が登場！
・生地をたっぷり使ったボリュームシルエット
・裾に向かって広がるシルエットが女性らしい！
・後ろのリボンの結ぶ位置で着丈の調節が可能です◎
▼コーディネート
１枚でコーデが完成するワンピース！チェック柄なので、しっかりと華やかな印象に！
上からカーディガンを羽織ったり、インナーの素材で気温調節可能です。
-----------------------------
生地感：普通
伸縮性：なし
透け感：なし
裏地：ある
------------------------------
▼ブランド紹介
RETRO GIRL (レトロガール）
自分らしい“ベーシックアイテム”と
新しい自分の”トレンドアイテム”が
見つかる場所
今らしいファッションを楽しむ
女性のためのブランド
#ワンピース #キャミワンピース ＃秋コーデ #チェック #チェックワンピース
▼注意事項
※撮影環境やモニター環境によって実際の商品とお色味が
多少異なってみえる場合がございます。
品番：RF634822T001　　/ 品名：チェックフレアキャミワンピース"	in stock	999	new	4490 JPY	https://www.retro-girl.jp/item/111289.html	https://img-retro-girl.freetls.fastly.net/retrogirl/image_item/111/111289/11128903_b.jpg	RETRO GIRL		https://img-retro-girl.freetls.fastly.net/retrogirl/image_item/111/111289/11128902_b.jpg,https://img-retro-girl.freetls.fastly.net/retrogirl/image_item/111/111289/11128901_b.jpg	ワンピース/ドレス > ロング・マキシワンピース	ブルー	FREE		adult	female	
EF657112G0061507	EF657112G006	裾バルーンドットニットカーデ - グレー/柄 / FREE	"＜ドッキングデザインが可愛いドット柄ニット＞
▼デザイン
・今年大人気のドット柄ニットカーデが登場！
・裾にはチュール素材のフリルがドッキングされています。
・一気に秋めくカラー展開です。
・フロント部分のボタンで着脱できるので、羽織スタイルもおすすめ◎
▼コーディネート
一枚で存在感のあるニットアイテム！
ボトムはタイトスカートやデニムパンツなど、すっきり見えるものを合わせると、裾のフリルが際立ちます。
------------------------------
生地感：普通
伸縮性：ある
透け感：なし
裏地：なし
------------------------------
▼ブランド紹介
ems excite (エムズエキサイト）
“more fun more cute”
今をもっと楽しく
もっと可愛くいたい女の子に向けた
girly cuteなブランド
#ブラウン #ドット柄 #ガーリーコーデ #ドットコーデ #チュール #フリル #ドットニット #カーディガン
▼注意事項
※撮影環境やモニター環境によって実際の商品とお色味が多少異なってみえる場合がございます。
品番：EF657112G006　/ 品名：裾バルーンドットニットカーデ"	in stock	999	new	5390 JPY	https://www.retro-girl.jp/item/111393.html	https://img-retro-girl.freetls.fastly.net/retrogirl/image_item/111/111393/11139301_b.jpg	ems excite		https://img-retro-girl.freetls.fastly.net/retrogirl/image_item/111/111393/11139302_b.jpg,https://img-retro-girl.freetls.fastly.net/retrogirl/image_item/111/111393/11139303_b.jpg	トップス > カーディガン/ボレロ	グレー/柄	FREE	本体：アクリル41％ 綿32％ ポリエステル27％チュール：ポリエステル100％	adult	female	
EF657112G0065407	EF657112G006	裾バルーンドットニットカーデ - ベージュ / FREE	"＜ドッキングデザインが可愛いドット柄ニット＞
▼デザイン
・今年大人気のドット柄ニットカーデが登場！
・裾にはチュール素材のフリルがドッキングされています。
・一気に秋めくカラー展開です。
・フロント部分のボタンで着脱できるので、羽織スタイルもおすすめ◎
▼コーディネート
一枚で存在感のあるニットアイテム！
ボトムはタイトスカートやデニムパンツなど、すっきり見えるものを合わせると、裾のフリルが際立ちます。
------------------------------
生地感：普通
伸縮性：ある
透け感：なし
裏地：なし
------------------------------
▼ブランド紹介
ems excite (エムズエキサイト）
“more fun more cute”
今をもっと楽しく
もっと可愛くいたい女の子に向けた
girly cuteなブランド
#ブラウン #ドット柄 #ガーリーコーデ #ドットコーデ #チュール #フリル #ドットニット #カーディガン
▼注意事項
※撮影環境やモニター環境によって実際の商品とお色味が多少異なってみえる場合がございます。
品番：EF657112G006　/ 品名：裾バルーンドットニットカーデ"	in stock	999	new	5390 JPY	https://www.retro-girl.jp/item/111393.html	https://img-retro-girl.freetls.fastly.net/retrogirl/image_item/111/111393/11139302_b.jpg	ems excite		https://img-retro-girl.freetls.fastly.net/retrogirl/image_item/111/111393/11139301_b.jpg,https://img-retro-girl.freetls.fastly.net/retrogirl/image_item/111/111393/11139303_b.jpg	トップス > カーディガン/ボレロ	ベージュ	FREE	本体：アクリル41％ 綿32％ ポリエステル27％チュール：ポリエステル100％	adult	female	
EF657112G0065807	EF657112G006	裾バルーンドットニットカーデ - ブラウン/ドット / FREE	"＜ドッキングデザインが可愛いドット柄ニット＞
▼デザイン
・今年大人気のドット柄ニットカーデが登場！
・裾にはチュール素材のフリルがドッキングされています。
・一気に秋めくカラー展開です。
・フロント部分のボタンで着脱できるので、羽織スタイルもおすすめ◎
▼コーディネート
一枚で存在感のあるニットアイテム！
ボトムはタイトスカートやデニムパンツなど、すっきり見えるものを合わせると、裾のフリルが際立ちます。
------------------------------
生地感：普通
伸縮性：ある
透け感：なし
裏地：なし
------------------------------
▼ブランド紹介
ems excite (エムズエキサイト）
“more fun more cute”
今をもっと楽しく
もっと可愛くいたい女の子に向けた
girly cuteなブランド
#ブラウン #ドット柄 #ガーリーコーデ #ドットコーデ #チュール #フリル #ドットニット #カーディガン
▼注意事項
※撮影環境やモニター環境によって実際の商品とお色味が多少異なってみえる場合がございます。
品番：EF657112G006　/ 品名：裾バルーンドットニットカーデ"	in stock	999	new	5390 JPY	https://www.retro-girl.jp/item/111393.html	https://img-retro-girl.freetls.fastly.net/retrogirl/image_item/111/111393/11139303_b.jpg	ems excite		https://img-retro-girl.freetls.fastly.net/retrogirl/image_item/111/111393/11139301_b.jpg,https://img-retro-girl.freetls.fastly.net/retrogirl/image_item/111/111393/11139302_b.jpg	トップス > カーディガン/ボレロ	ブラウン/ドット	FREE	本体：アクリル41％ 綿32％ ポリエステル27％チュール：ポリエステル100％	adult	female	
EW657112G0022007	EW657112G002	リボン釦ショートシャギーカーデ - ピンク / FREE	"＜モケモケ素材にリボンボタンが映えるシャギーニットカーディガン！＞
▼デザイン
・毛足が長い起毛素材のカーディガン！
・フロント部分の釦はリボンの形になっています
・もこもこしていて着心地抜群な上にしっかり暖かい！
・短めの着丈でボトムのデザインを活かしてくれるアイテム。
▼コーディネート
羽織っても、１枚でニット使いしても可愛いアイテム。
キャミワンピースに羽織ればデートコーデの完成です。
------------------------------
生地感：普通
伸縮性：ある
透け感：なし
裏地：なし
------------------------------
▼ブランド紹介
ems excite (エムズエキサイト）
“more fun more cute”
今をもっと楽しく
もっと可愛くいたい女の子に向けた
girly cuteなブランド
#リボン #起毛ニット #起毛ニットカーデ #カーディガン #リボンボタン #デートコーデ #シャギーニット
▼注意事項
※撮影環境やモニター環境によって実際の商品とお色味が
多少異なってみえる場合がございます。
※サイズはサンプル品を基に採寸しております。
実際の商品とは若干の誤差が生じる場合がございますので、あらかじめご了承ください。
品番：EW657112G002 / 品名：リボン釦ショートシャギーカーデ"""	in stock	999	new	4390 JPY	https://www.retro-girl.jp/item/111280.html	https://img-retro-girl.freetls.fastly.net/retrogirl/image_item/111/111280/11128003_b.jpg	ems excite		https://img-retro-girl.freetls.fastly.net/retrogirl/image_item/111/111280/11128001_b.jpg,https://img-retro-girl.freetls.fastly.net/retrogirl/image_item/111/111280/11128002_b.jpg,https://img-retro-girl.freetls.fastly.net/retrogirl/image_item/111/111280/11128004_b.jpg	トップス > カーディガン/ボレロ	ピンク	FREE		adult	female	
EW657112G0020207	EW657112G002	リボン釦ショートシャギーカーデ - オフホワイト / FREE	"＜モケモケ素材にリボンボタンが映えるシャギーニットカーディガン！＞
▼デザイン
・毛足が長い起毛素材のカーディガン！
・フロント部分の釦はリボンの形になっています
・もこもこしていて着心地抜群な上にしっかり暖かい！
・短めの着丈でボトムのデザインを活かしてくれるアイテム。
▼コーディネート
羽織っても、１枚でニット使いしても可愛いアイテム。
キャミワンピースに羽織ればデートコーデの完成です。
------------------------------
生地感：普通
伸縮性：ある
透け感：なし
裏地：なし
------------------------------
▼ブランド紹介
ems excite (エムズエキサイト）
“more fun more cute”
今をもっと楽しく
もっと可愛くいたい女の子に向けた
girly cuteなブランド
#リボン #起毛ニット #起毛ニットカーデ #カーディガン #リボンボタン #デートコーデ #シャギーニット
▼注意事項
※撮影環境やモニター環境によって実際の商品とお色味が
多少異なってみえる場合がございます。
※サイズはサンプル品を基に採寸しております。
実際の商品とは若干の誤差が生じる場合がございますので、あらかじめご了承ください。
品番：EW657112G002 / 品名：リボン釦ショートシャギーカーデ"""	in stock	999	new	4390 JPY	https://www.retro-girl.jp/item/111280.html	https://img-retro-girl.freetls.fastly.net/retrogirl/image_item/111/111280/11128001_b.jpg	ems excite		https://img-retro-girl.freetls.fastly.net/retrogirl/image_item/111/111280/11128003_b.jpg,https://img-retro-girl.freetls.fastly.net/retrogirl/image_item/111/111280/11128002_b.jpg,https://img-retro-girl.freetls.fastly.net/retrogirl/image_item/111/111280/11128004_b.jpg	トップス > カーディガン/ボレロ	オフホワイト	FREE		adult	female	
EW657112G0021207	EW657112G002	リボン釦ショートシャギーカーデ - チャコールグレー / FREE	"＜モケモケ素材にリボンボタンが映えるシャギーニットカーディガン！＞
▼デザイン
・毛足が長い起毛素材のカーディガン！
・フロント部分の釦はリボンの形になっています
・もこもこしていて着心地抜群な上にしっかり暖かい！
・短めの着丈でボトムのデザインを活かしてくれるアイテム。
▼コーディネート
羽織っても、１枚でニット使いしても可愛いアイテム。
キャミワンピースに羽織ればデートコーデの完成です。
------------------------------
生地感：普通
伸縮性：ある
透け感：なし
裏地：なし
------------------------------
▼ブランド紹介
ems excite (エムズエキサイト）
“more fun more cute”
今をもっと楽しく
もっと可愛くいたい女の子に向けた
girly cuteなブランド
#リボン #起毛ニット #起毛ニットカーデ #カーディガン #リボンボタン #デートコーデ #シャギーニット
▼注意事項
※撮影環境やモニター環境によって実際の商品とお色味が
多少異なってみえる場合がございます。
※サイズはサンプル品を基に採寸しております。
実際の商品とは若干の誤差が生じる場合がございますので、あらかじめご了承ください。
品番：EW657112G002 / 品名：リボン釦ショートシャギーカーデ"""	in stock	999	new	4390 JPY	https://www.retro-girl.jp/item/111280.html	https://img-retro-girl.freetls.fastly.net/retrogirl/image_item/111/111280/11128002_b.jpg	ems excite		https://img-retro-girl.freetls.fastly.net/retrogirl/image_item/111/111280/11128003_b.jpg,https://img-retro-girl.freetls.fastly.net/retrogirl/image_item/111/111280/11128001_b.jpg,https://img-retro-girl.freetls.fastly.net/retrogirl/image_item/111/111280/11128004_b.jpg	トップス > カーディガン/ボレロ	チャコールグレー	FREE		adult	female	
EW657112G0025407	EW657112G002	リボン釦ショートシャギーカーデ - ベージュ / FREE	"＜モケモケ素材にリボンボタンが映えるシャギーニットカーディガン！＞
▼デザイン
・毛足が長い起毛素材のカーディガン！
・フロント部分の釦はリボンの形になっています
・もこもこしていて着心地抜群な上にしっかり暖かい！
・短めの着丈でボトムのデザインを活かしてくれるアイテム。
▼コーディネート
羽織っても、１枚でニット使いしても可愛いアイテム。
キャミワンピースに羽織ればデートコーデの完成です。
------------------------------
生地感：普通
伸縮性：ある
透け感：なし
裏地：なし
------------------------------
▼ブランド紹介
ems excite (エムズエキサイト）
“more fun more cute”
今をもっと楽しく
もっと可愛くいたい女の子に向けた
girly cuteなブランド
#リボン #起毛ニット #起毛ニットカーデ #カーディガン #リボンボタン #デートコーデ #シャギーニット
▼注意事項
※撮影環境やモニター環境によって実際の商品とお色味が
多少異なってみえる場合がございます。
※サイズはサンプル品を基に採寸しております。
実際の商品とは若干の誤差が生じる場合がございますので、あらかじめご了承ください。
品番：EW657112G002 / 品名：リボン釦ショートシャギーカーデ"""	in stock	999	new	4390 JPY	https://www.retro-girl.jp/item/111280.html	https://img-retro-girl.freetls.fastly.net/retrogirl/image_item/111/111280/11128004_b.jpg	ems excite		https://img-retro-girl.freetls.fastly.net/retrogirl/image_item/111/111280/11128003_b.jpg,https://img-retro-girl.freetls.fastly.net/retrogirl/image_item/111/111280/11128001_b.jpg,https://img-retro-girl.freetls.fastly.net/retrogirl/image_item/111/111280/11128002_b.jpg	トップス > カーディガン/ボレロ	ベージュ	FREE		adult	female	
EE657112G0032007	EE657112G003	ショートニットカーデ - ピンク / FREE	"＜シンプルで合わせやすいデイリーニットカーデ＞
▼デザイン
・コンパクトなサイズ感で持ち歩きにも便利なアイテム◎
・夏から秋の気温の変化に大活躍間違いない！
・胸元の刺繍がワンポイントに。
・コンパクトな着丈で、ボトムの邪魔をしないのも嬉しい。
▼コーディネート
キャミワンピースに羽織ってリゾートスタイルもおすすめ！
1日のお出かけで、夕方にかけて気温が下がるタイミングに大活躍！
------------------------------
生地感：普通
伸縮性：ある
透け感：多少ある
裏地：なし
------------------------------
▼ブランド紹介
ems excite (エムズエキサイト）
“more fun more cute”
今をもっと楽しく
もっと可愛くいたい女の子に向けた
girly cuteなブランド
#リブ #ニット #カーデ #UV対策 #羽織アイテム #ベーシックデザイン #刺繍 #冷房対策
▼注意事項
※撮影環境やモニター環境によって実際の商品とお色味が
多少異なってみえる場合がございます。
品番：EE657112G003　/ 品名：ショートニットカーデ"	in stock	999	new	3990 JPY	https://www.retro-girl.jp/item/111356.html	https://img-retro-girl.freetls.fastly.net/retrogirl/image_item/111/111356/11135603_b.jpg	ems excite		https://img-retro-girl.freetls.fastly.net/retrogirl/image_item/111/111356/11135601_b.jpg,https://img-retro-girl.freetls.fastly.net/retrogirl/image_item/111/111356/11135602_b.jpg	トップス > カーディガン/ボレロ	ピンク	FREE	本体：アクリル55％ 綿45％刺繍糸：ポリエステル100％	adult	female	
EE657112G0030207	EE657112G003	ショートニットカーデ - オフホワイト / FREE	"＜シンプルで合わせやすいデイリーニットカーデ＞
▼デザイン
・コンパクトなサイズ感で持ち歩きにも便利なアイテム◎
・夏から秋の気温の変化に大活躍間違いない！
・胸元の刺繍がワンポイントに。
・コンパクトな着丈で、ボトムの邪魔をしないのも嬉しい。
▼コーディネート
キャミワンピースに羽織ってリゾートスタイルもおすすめ！
1日のお出かけで、夕方にかけて気温が下がるタイミングに大活躍！
------------------------------
生地感：普通
伸縮性：ある
透け感：多少ある
裏地：なし
------------------------------
▼ブランド紹介
ems excite (エムズエキサイト）
“more fun more cute”
今をもっと楽しく
もっと可愛くいたい女の子に向けた
girly cuteなブランド
#リブ #ニット #カーデ #UV対策 #羽織アイテム #ベーシックデザイン #刺繍 #冷房対策
▼注意事項
※撮影環境やモニター環境によって実際の商品とお色味が
多少異なってみえる場合がございます。
品番：EE657112G003　/ 品名：ショートニットカーデ"	in stock	999	new	3990 JPY	https://www.retro-girl.jp/item/111356.html	https://img-retro-girl.freetls.fastly.net/retrogirl/image_item/111/111356/11135601_b.jpg	ems excite		https://img-retro-girl.freetls.fastly.net/retrogirl/image_item/111/111356/11135603_b.jpg,https://img-retro-girl.freetls.fastly.net/retrogirl/image_item/111/111356/11135602_b.jpg	トップス > カーディガン/ボレロ	オフホワイト	FREE	本体：アクリル55％ 綿45％刺繍糸：ポリエステル100％	adult	female	
EE657112G0030907	EE657112G003	ショートニットカーデ - ブラック / FREE	"＜シンプルで合わせやすいデイリーニットカーデ＞
▼デザイン
・コンパクトなサイズ感で持ち歩きにも便利なアイテム◎
・夏から秋の気温の変化に大活躍間違いない！
・胸元の刺繍がワンポイントに。
・コンパクトな着丈で、ボトムの邪魔をしないのも嬉しい。
▼コーディネート
キャミワンピースに羽織ってリゾートスタイルもおすすめ！
1日のお出かけで、夕方にかけて気温が下がるタイミングに大活躍！
------------------------------
生地感：普通
伸縮性：ある
透け感：多少ある
裏地：なし
------------------------------
▼ブランド紹介
ems excite (エムズエキサイト）
“more fun more cute”
今をもっと楽しく
もっと可愛くいたい女の子に向けた
girly cuteなブランド
#リブ #ニット #カーデ #UV対策 #羽織アイテム #ベーシックデザイン #刺繍 #冷房対策
▼注意事項
※撮影環境やモニター環境によって実際の商品とお色味が
多少異なってみえる場合がございます。
品番：EE657112G003　/ 品名：ショートニットカーデ"	in stock	999	new	3990 JPY	https://www.retro-girl.jp/item/111356.html	https://img-retro-girl.freetls.fastly.net/retrogirl/image_item/111/111356/11135602_b.jpg	ems excite		https://img-retro-girl.freetls.fastly.net/retrogirl/image_item/111/111356/11135603_b.jpg,https://img-retro-girl.freetls.fastly.net/retrogirl/image_item/111/111356/11135601_b.jpg	トップス > カーディガン/ボレロ	ブラック	FREE	本体：アクリル55％ 綿45％刺繍糸：ポリエステル100％	adult	female	
EW657112G0030907	EW657112G003	【セットアイテム】ファー付きケーブルニットSET - ブラック / FREE	"〈胸元のファーデザインが冬を先取り！フェミニンニットセット〉
▼デザイン
・キャミソールとニットカーディガンのセットアイテム。
・胸元のファーデザインが目を惹くデザイン
・セットのニットカーディガンは、ケーブル編みで秋冬らしいデザイン。
・もちろん別々でも着用いただけるので、着回し可能でお得なアイテム♪
▼コーディネート
セットでの着用がおすすめ！コーデに統一感が出ます。
スラックスパンツやマーメイドスカートで大人っぽく着るのもおすすめです。
▼セット内容
・ニットカーディガン
・ニットキャミ
▼スタイルアップポイント
胸元にボリューム感のあるアイテムなので、骨格ウェーブさんに似合いやすいです。
ストレートさんは、足首が見えるようなスカートと合わせると、細見えします。
ナチュラルさんは、ストレートパンツと合わせることで、バランスの取れたコーディネートに♪
------------------------------
生地感：普通
伸縮性：ある
透け感：なし
裏地：なし
------------------------------
▼ブランド紹介
ems excite (エムズエキサイト）
“more fun more cute”
今をもっと楽しく
もっと可愛くいたい女の子に向けた
girly cuteなブランド
#ニットキャミ #ボレロ #カーディガン #秋コーデ #ファーニット #セットアイテム
▼注意事項
※撮影環境やモニター環境によって実際の商品とお色味が
多少異なってみえる場合がございます。
品番：EW657112G003　/ 品名：ファー付きケーブルNTSET"	in stock	999	new	5990 JPY	https://www.retro-girl.jp/item/111286.html	https://img-retro-girl.freetls.fastly.net/retrogirl/image_item/111/111286/11128602_b.jpg	ems excite		https://img-retro-girl.freetls.fastly.net/retrogirl/image_item/111/111286/11128601_b.jpg,https://img-retro-girl.freetls.fastly.net/retrogirl/image_item/111/111286/11128603_b.jpg	トップス > ニット/セーター	ブラック	FREE		adult	female	
EW657112G0030407	EW657112G003	【セットアイテム】ファー付きケーブルニットSET - エクリュ / FREE	"〈胸元のファーデザインが冬を先取り！フェミニンニットセット〉
▼デザイン
・キャミソールとニットカーディガンのセットアイテム。
・胸元のファーデザインが目を惹くデザイン
・セットのニットカーディガンは、ケーブル編みで秋冬らしいデザイン。
・もちろん別々でも着用いただけるので、着回し可能でお得なアイテム♪
▼コーディネート
セットでの着用がおすすめ！コーデに統一感が出ます。
スラックスパンツやマーメイドスカートで大人っぽく着るのもおすすめです。
▼セット内容
・ニットカーディガン
・ニットキャミ
▼スタイルアップポイント
胸元にボリューム感のあるアイテムなので、骨格ウェーブさんに似合いやすいです。
ストレートさんは、足首が見えるようなスカートと合わせると、細見えします。
ナチュラルさんは、ストレートパンツと合わせることで、バランスの取れたコーディネートに♪
------------------------------
生地感：普通
伸縮性：ある
透け感：なし
裏地：なし
------------------------------
▼ブランド紹介
ems excite (エムズエキサイト）
“more fun more cute”
今をもっと楽しく
もっと可愛くいたい女の子に向けた
girly cuteなブランド
#ニットキャミ #ボレロ #カーディガン #秋コーデ #ファーニット #セットアイテム
▼注意事項
※撮影環境やモニター環境によって実際の商品とお色味が
多少異なってみえる場合がございます。
品番：EW657112G003　/ 品名：ファー付きケーブルNTSET"	in stock	999	new	5990 JPY	https://www.retro-girl.jp/item/111286.html	https://img-retro-girl.freetls.fastly.net/retrogirl/image_item/111/111286/11128601_b.jpg	ems excite		https://img-retro-girl.freetls.fastly.net/retrogirl/image_item/111/111286/11128602_b.jpg,https://img-retro-girl.freetls.fastly.net/retrogirl/image_item/111/111286/11128603_b.jpg	トップス > ニット/セーター	エクリュ	FREE		adult	female	
EW657112G0035407	EW657112G003	【セットアイテム】ファー付きケーブルニットSET - ベージュ / FREE	"〈胸元のファーデザインが冬を先取り！フェミニンニットセット〉
▼デザイン
・キャミソールとニットカーディガンのセットアイテム。
・胸元のファーデザインが目を惹くデザイン
・セットのニットカーディガンは、ケーブル編みで秋冬らしいデザイン。
・もちろん別々でも着用いただけるので、着回し可能でお得なアイテム♪
▼コーディネート
セットでの着用がおすすめ！コーデに統一感が出ます。
スラックスパンツやマーメイドスカートで大人っぽく着るのもおすすめです。
▼セット内容
・ニットカーディガン
・ニットキャミ
▼スタイルアップポイント
胸元にボリューム感のあるアイテムなので、骨格ウェーブさんに似合いやすいです。
ストレートさんは、足首が見えるようなスカートと合わせると、細見えします。
ナチュラルさんは、ストレートパンツと合わせることで、バランスの取れたコーディネートに♪
------------------------------
生地感：普通
伸縮性：ある
透け感：なし
裏地：なし
------------------------------
▼ブランド紹介
ems excite (エムズエキサイト）
“more fun more cute”
今をもっと楽しく
もっと可愛くいたい女の子に向けた
girly cuteなブランド
#ニットキャミ #ボレロ #カーディガン #秋コーデ #ファーニット #セットアイテム
▼注意事項
※撮影環境やモニター環境によって実際の商品とお色味が
多少異なってみえる場合がございます。
品番：EW657112G003　/ 品名：ファー付きケーブルNTSET"	in stock	999	new	5990 JPY	https://www.retro-girl.jp/item/111286.html	https://img-retro-girl.freetls.fastly.net/retrogirl/image_item/111/111286/11128603_b.jpg	ems excite		https://img-retro-girl.freetls.fastly.net/retrogirl/image_item/111/111286/11128602_b.jpg,https://img-retro-girl.freetls.fastly.net/retrogirl/image_item/111/111286/11128601_b.jpg	トップス > ニット/セーター	ベージュ	FREE		adult	female	
EL661523C0010107	EL661523C001	サイドドロストショートシャツ - ホワイト / FREE	"＜シンプルで合わせやすいコンパクトシャツ＞
▼デザイン
・エムズで毎回大人気のシャツシリーズ！
・無地のカラーは、シンプルなデザインなのでボトムを選ばず着用可能◎
・チェック柄は一気に秋めくシーズン先取りアイテム！
・トップスとして着用しても、前を開けて羽織スタイルでも◎
・胸元のプレートと両サイドのドロストが可愛いポイント！
▼コーディネート
合わせ方次第で、ガーリーにもカジュアルにもアレンジできるアイテム。
デニムやスエットパンツで合わせた時は、キャップなどの小物と相性抜群です◎
フリルスカートで合わせればガーリーなスタイリングに♪
------------------------------
生地感：普通
伸縮性：なし
透け感：なし（ホワイトのみあり）
裏地：なし
------------------------------
▼ブランド紹介
ems excite (エムズエキサイト）
“more fun more cute”
今をもっと楽しく
もっと可愛くいたい女の子に向けた
girly cuteなブランド
#シャツ #シャツ着回し #チェック #シャツコーデ #チェックシャツ #ドロスト #シンプル
▼注意事項
※撮影環境やモニター環境によって実際の商品とお色味が
多少異なってみえる場合がございます。
品番：EL661523C001　/ 品名：サイドドロストショートシャツ"	in stock	999	new	3890 JPY	https://www.retro-girl.jp/item/111249.html	https://img-retro-girl.freetls.fastly.net/retrogirl/image_item/111/111249/11124901_b.jpg	ems excite		https://img-retro-girl.freetls.fastly.net/retrogirl/image_item/111/111249/11124902_b.jpg,https://img-retro-girl.freetls.fastly.net/retrogirl/image_item/111/111249/11124903_b.jpg	トップス > シャツ/ブラウス	ホワイト	FREE	ポリエステル：80％　綿：20％　チェック：ポリエステル：97％　ポリウレタン：3％	adult	female	
EL661523C0018007	EL661523C001	サイドドロストショートシャツ - ブルー / FREE	"＜シンプルで合わせやすいコンパクトシャツ＞
▼デザイン
・エムズで毎回大人気のシャツシリーズ！
・無地のカラーは、シンプルなデザインなのでボトムを選ばず着用可能◎
・チェック柄は一気に秋めくシーズン先取りアイテム！
・トップスとして着用しても、前を開けて羽織スタイルでも◎
・胸元のプレートと両サイドのドロストが可愛いポイント！
▼コーディネート
合わせ方次第で、ガーリーにもカジュアルにもアレンジできるアイテム。
デニムやスエットパンツで合わせた時は、キャップなどの小物と相性抜群です◎
フリルスカートで合わせればガーリーなスタイリングに♪
------------------------------
生地感：普通
伸縮性：なし
透け感：なし（ホワイトのみあり）
裏地：なし
------------------------------
▼ブランド紹介
ems excite (エムズエキサイト）
“more fun more cute”
今をもっと楽しく
もっと可愛くいたい女の子に向けた
girly cuteなブランド
#シャツ #シャツ着回し #チェック #シャツコーデ #チェックシャツ #ドロスト #シンプル
▼注意事項
※撮影環境やモニター環境によって実際の商品とお色味が
多少異なってみえる場合がございます。
品番：EL661523C001　/ 品名：サイドドロストショートシャツ"	in stock	999	new	3890 JPY	https://www.retro-girl.jp/item/111249.html	https://img-retro-girl.freetls.fastly.net/retrogirl/image_item/111/111249/11124902_b.jpg	ems excite		https://img-retro-girl.freetls.fastly.net/retrogirl/image_item/111/111249/11124901_b.jpg,https://img-retro-girl.freetls.fastly.net/retrogirl/image_item/111/111249/11124903_b.jpg	トップス > シャツ/ブラウス	ブルー	FREE	ポリエステル：80％　綿：20％　チェック：ポリエステル：97％　ポリウレタン：3％	adult	female	
EL661523C0018607	EL661523C001	サイドドロストショートシャツ - ブルー/チェック / FREE	"＜シンプルで合わせやすいコンパクトシャツ＞
▼デザイン
・エムズで毎回大人気のシャツシリーズ！
・無地のカラーは、シンプルなデザインなのでボトムを選ばず着用可能◎
・チェック柄は一気に秋めくシーズン先取りアイテム！
・トップスとして着用しても、前を開けて羽織スタイルでも◎
・胸元のプレートと両サイドのドロストが可愛いポイント！
▼コーディネート
合わせ方次第で、ガーリーにもカジュアルにもアレンジできるアイテム。
デニムやスエットパンツで合わせた時は、キャップなどの小物と相性抜群です◎
フリルスカートで合わせればガーリーなスタイリングに♪
------------------------------
生地感：普通
伸縮性：なし
透け感：なし（ホワイトのみあり）
裏地：なし
------------------------------
▼ブランド紹介
ems excite (エムズエキサイト）
“more fun more cute”
今をもっと楽しく
もっと可愛くいたい女の子に向けた
girly cuteなブランド
#シャツ #シャツ着回し #チェック #シャツコーデ #チェックシャツ #ドロスト #シンプル
▼注意事項
※撮影環境やモニター環境によって実際の商品とお色味が
多少異なってみえる場合がございます。
品番：EL661523C001　/ 品名：サイドドロストショートシャツ"	in stock	999	new	3890 JPY	https://www.retro-girl.jp/item/111249.html	https://img-retro-girl.freetls.fastly.net/retrogirl/image_item/111/111249/11124903_b.jpg	ems excite		https://img-retro-girl.freetls.fastly.net/retrogirl/image_item/111/111249/11124901_b.jpg,https://img-retro-girl.freetls.fastly.net/retrogirl/image_item/111/111249/11124902_b.jpg	トップス > シャツ/ブラウス	ブルー/チェック	FREE	ポリエステル：80％　綿：20％　チェック：ポリエステル：97％　ポリウレタン：3％	adult	female	
EF634821G0015407	EF634821G001	ナポレオンジャケット - ベージュ / FREE	"〈今季マストで取り入れたい！ナポレオンジャケット＞
▼デザイン
・今季トレンドのナポレオンディテールを取り入れたジャケット。
・身体のラインに沿うコンパクトなシルエットが女性らしい印象に。
・程よくハリのある生地感で形がきれいに決まるのもポイント！
・コンパクトな身頃と長めの袖丈のバランスが今年らしくて可愛いアイテムです。
▼コーディネート
ガーリーなミニスカート合わせがおすすめ！
足元はロングブーツでまとめると今年らしいスタイリングに◎
▼ブランド紹介
ems excite (エムズエキサイト）
“more fun more cute”
今をもっと楽しく
もっと可愛いたい女の子に向けた
girly cuteなブランド
#トレンド #ダブルボタン #秋コーデ  #ガーリーコーデ #秋アウター #軽アウター
※撮影環境やご覧のモニター環境によって実際の商品とお色味が多少異なってみえる場合がございます。
ご理解の程何卒よろしくお願い致します。
品番：EF634821G001　/　品名：ナポレオンジャケット"	in stock	999	new	7590 JPY	https://www.retro-girl.jp/item/111408.html	https://img-retro-girl.freetls.fastly.net/retrogirl/image_item/111/111408/11140802_b.jpg	ems excite		https://img-retro-girl.freetls.fastly.net/retrogirl/image_item/111/111408/11140801_b.jpg	ジャケット/アウター > その他アウター	ベージュ	FREE	綿97% レーヨン3%	adult	female	
EF634821G0010907	EF634821G001	ナポレオンジャケット - ブラック / FREE	"〈今季マストで取り入れたい！ナポレオンジャケット＞
▼デザイン
・今季トレンドのナポレオンディテールを取り入れたジャケット。
・身体のラインに沿うコンパクトなシルエットが女性らしい印象に。
・程よくハリのある生地感で形がきれいに決まるのもポイント！
・コンパクトな身頃と長めの袖丈のバランスが今年らしくて可愛いアイテムです。
▼コーディネート
ガーリーなミニスカート合わせがおすすめ！
足元はロングブーツでまとめると今年らしいスタイリングに◎
▼ブランド紹介
ems excite (エムズエキサイト）
“more fun more cute”
今をもっと楽しく
もっと可愛いたい女の子に向けた
girly cuteなブランド
#トレンド #ダブルボタン #秋コーデ  #ガーリーコーデ #秋アウター #軽アウター
※撮影環境やご覧のモニター環境によって実際の商品とお色味が多少異なってみえる場合がございます。
ご理解の程何卒よろしくお願い致します。
品番：EF634821G001　/　品名：ナポレオンジャケット"	in stock	999	new	7590 JPY	https://www.retro-girl.jp/item/111408.html	https://img-retro-girl.freetls.fastly.net/retrogirl/image_item/111/111408/11140801_b.jpg	ems excite		https://img-retro-girl.freetls.fastly.net/retrogirl/image_item/111/111408/11140802_b.jpg	ジャケット/アウター > その他アウター	ブラック	FREE	綿97% レーヨン3%	adult	female	
RL656411T0020907	RL656411T002	プレート付メランジカーディガン - ブラック / FREE	"＜メランジデザインの秋見えニットカーディガン＞
▼デザイン
・今年トレンドのコンパクトなサイズ感のシンプルカーディガン。
・薄手で持ち歩きやすく、夏のエアコン対策にもピッタリ！
・カラー展開も秋らしいシックな３色でご用意！
・どんなコーデにも取り入れやすいのも嬉しい♪
・裾のオリジナルプレートもついていて、レトロガールオリジナルデザイン◎
▼コーディネート
キャミワンピの上に羽織り、重ね着コーデが今年のトレンド◎
裾レースカーディガンと合わせても今年らしいコーデが完成♪
▼スタイルアップポイント
骨格問わず着用できる定番デザイン！
骨格ストレートさんは、二の腕周りが気になる時に羽織るのにぴったり♪
-----------------------------
生地感：薄手
伸縮性：あり
透け感：あり
裏地：なし
------------------------------
▼ブランド紹介
RETRO GIRL (レトロガール）
自分らしい“ベーシックアイテム”と
新しい自分の”トレンドアイテム”が
見つかる場所
今らしいファッションを楽しむ
女性のためのブランド
#メランジ #メランジ素材 #カーディガン #シアー #カーディガン #秋コーデ #秋カラー
▼注意事項
※撮影環境やモニター環境によって実際の商品とお色味が多少異なってみえる場合がございます。
品番：RL656411T002　/ 品名：プレート付メランジカーディガン"	in stock	999	new	2990 JPY	https://www.retro-girl.jp/item/111252.html	https://img-retro-girl.freetls.fastly.net/retrogirl/image_item/111/111252/11125201_b.jpg	RETRO GIRL	2890 JPY	https://img-retro-girl.freetls.fastly.net/retrogirl/image_item/111/111252/11125202_b.jpg,https://img-retro-girl.freetls.fastly.net/retrogirl/image_item/111/111252/11125203_b.jpg	トップス > カーディガン/ボレロ	ブラック	FREE		adult	female	
RL656411T0021007	RL656411T002	プレート付メランジカーディガン - ライトグレー / FREE	"＜メランジデザインの秋見えニットカーディガン＞
▼デザイン
・今年トレンドのコンパクトなサイズ感のシンプルカーディガン。
・薄手で持ち歩きやすく、夏のエアコン対策にもピッタリ！
・カラー展開も秋らしいシックな３色でご用意！
・どんなコーデにも取り入れやすいのも嬉しい♪
・裾のオリジナルプレートもついていて、レトロガールオリジナルデザイン◎
▼コーディネート
キャミワンピの上に羽織り、重ね着コーデが今年のトレンド◎
裾レースカーディガンと合わせても今年らしいコーデが完成♪
▼スタイルアップポイント
骨格問わず着用できる定番デザイン！
骨格ストレートさんは、二の腕周りが気になる時に羽織るのにぴったり♪
-----------------------------
生地感：薄手
伸縮性：あり
透け感：あり
裏地：なし
------------------------------
▼ブランド紹介
RETRO GIRL (レトロガール）
自分らしい“ベーシックアイテム”と
新しい自分の”トレンドアイテム”が
見つかる場所
今らしいファッションを楽しむ
女性のためのブランド
#メランジ #メランジ素材 #カーディガン #シアー #カーディガン #秋コーデ #秋カラー
▼注意事項
※撮影環境やモニター環境によって実際の商品とお色味が多少異なってみえる場合がございます。
品番：RL656411T002　/ 品名：プレート付メランジカーディガン"	in stock	999	new	2990 JPY	https://www.retro-girl.jp/item/111252.html	https://img-retro-girl.freetls.fastly.net/retrogirl/image_item/111/111252/11125202_b.jpg	RETRO GIRL	2890 JPY	https://img-retro-girl.freetls.fastly.net/retrogirl/image_item/111/111252/11125201_b.jpg,https://img-retro-girl.freetls.fastly.net/retrogirl/image_item/111/111252/11125203_b.jpg	トップス > カーディガン/ボレロ	ライトグレー	FREE		adult	female	
RL656411T0026007	RL656411T002	プレート付メランジカーディガン - イエロー / FREE	"＜メランジデザインの秋見えニットカーディガン＞
▼デザイン
・今年トレンドのコンパクトなサイズ感のシンプルカーディガン。
・薄手で持ち歩きやすく、夏のエアコン対策にもピッタリ！
・カラー展開も秋らしいシックな３色でご用意！
・どんなコーデにも取り入れやすいのも嬉しい♪
・裾のオリジナルプレートもついていて、レトロガールオリジナルデザイン◎
▼コーディネート
キャミワンピの上に羽織り、重ね着コーデが今年のトレンド◎
裾レースカーディガンと合わせても今年らしいコーデが完成♪
▼スタイルアップポイント
骨格問わず着用できる定番デザイン！
骨格ストレートさんは、二の腕周りが気になる時に羽織るのにぴったり♪
-----------------------------
生地感：薄手
伸縮性：あり
透け感：あり
裏地：なし
------------------------------
▼ブランド紹介
RETRO GIRL (レトロガール）
自分らしい“ベーシックアイテム”と
新しい自分の”トレンドアイテム”が
見つかる場所
今らしいファッションを楽しむ
女性のためのブランド
#メランジ #メランジ素材 #カーディガン #シアー #カーディガン #秋コーデ #秋カラー
▼注意事項
※撮影環境やモニター環境によって実際の商品とお色味が多少異なってみえる場合がございます。
品番：RL656411T002　/ 品名：プレート付メランジカーディガン"	in stock	999	new	2990 JPY	https://www.retro-girl.jp/item/111252.html	https://img-retro-girl.freetls.fastly.net/retrogirl/image_item/111/111252/11125203_b.jpg	RETRO GIRL	2890 JPY	https://img-retro-girl.freetls.fastly.net/retrogirl/image_item/111/111252/11125201_b.jpg,https://img-retro-girl.freetls.fastly.net/retrogirl/image_item/111/111252/11125202_b.jpg	トップス > カーディガン/ボレロ	イエロー	FREE		adult	female	
EL680032G0020907	EL680032G002	バックリボンショートパンツ - ブラック / FREE	"〈バックリボンでガーリーに着こなせるショートパンツ＞
▼デザイン
・emsらしいリボンデザインのショートパンツ
・前から見るとタイトスカートに見えるスカートパンツデザインを採用！
・後ろから見るとしっかりショートパンツになっているので安心！
・後ろ姿まで”可愛い”が叶うデザイン
▼コーディネート
どんなトップスとも合わせやすい定番デザイン。
インスタイルでバックリボンを目立たせるスタイリングがおすすめ！
------------------------------
生地感：普通
伸縮性：なし
透け感：なし
裏地：なし
------------------------------
▼ブランド紹介
ems excite (エムズエキサイト）
“more fun more cute”
今をもっと楽しく
もっと可愛くいたい女の子に向けた
girly cuteなブランド
#スカートパンツ #ショートパンツ #タイトスカート #バックリボン #フェミニンコーデ #オトナガーリーコーデ
▼注意事項
※撮影環境やモニター環境によって実際の商品とお色味が多少異なってみえる場合がございます。
品番：EL680032G002　/ 品名：バックリボンショートパンツ"	in stock	999	new	4390 JPY	https://www.retro-girl.jp/item/111267.html	https://img-retro-girl.freetls.fastly.net/retrogirl/image_item/111/111267/11126701_b.jpg	ems excite		https://img-retro-girl.freetls.fastly.net/retrogirl/image_item/111/111267/11126702_b.jpg	パンツ > ショートパンツ	ブラック	FREE	ポリエステル：96％　ポリウレタン：4％	adult	female	
EL680032G0021207	EL680032G002	バックリボンショートパンツ - チャコールグレー / FREE	"〈バックリボンでガーリーに着こなせるショートパンツ＞
▼デザイン
・emsらしいリボンデザインのショートパンツ
・前から見るとタイトスカートに見えるスカートパンツデザインを採用！
・後ろから見るとしっかりショートパンツになっているので安心！
・後ろ姿まで”可愛い”が叶うデザイン
▼コーディネート
どんなトップスとも合わせやすい定番デザイン。
インスタイルでバックリボンを目立たせるスタイリングがおすすめ！
------------------------------
生地感：普通
伸縮性：なし
透け感：なし
裏地：なし
------------------------------
▼ブランド紹介
ems excite (エムズエキサイト）
“more fun more cute”
今をもっと楽しく
もっと可愛くいたい女の子に向けた
girly cuteなブランド
#スカートパンツ #ショートパンツ #タイトスカート #バックリボン #フェミニンコーデ #オトナガーリーコーデ
▼注意事項
※撮影環境やモニター環境によって実際の商品とお色味が多少異なってみえる場合がございます。
品番：EL680032G002　/ 品名：バックリボンショートパンツ"	in stock	999	new	4390 JPY	https://www.retro-girl.jp/item/111267.html	https://img-retro-girl.freetls.fastly.net/retrogirl/image_item/111/111267/11126702_b.jpg	ems excite		https://img-retro-girl.freetls.fastly.net/retrogirl/image_item/111/111267/11126701_b.jpg	パンツ > ショートパンツ	チャコールグレー	FREE	ポリエステル：96％　ポリウレタン：4％	adult	female	
EE634832C0011002	EE634832C001	ロゴプリントデニムパンツ - ライトグレー / S	"＜ロゴプリント×加工でカジュアルなデニムパンツ＞
▼デザイン
・emsでは珍しいプリント入りのデニムパンツ
・フロント部分に大きくプリントされたロゴデザインが目を惹くアイテム！
・ワイドなシルエットでカジュアルに着て頂けます。
・サイズ展開もあるので、体型に合わせて選べちゃう！
▼コーディネート
シンプルなストレートシルエットで、どんなトップスとも合わせていただける定番デニム。
カジュアルにシャツやTシャツと合わせて頂くのがおすすめ！
------------------------------
生地感：普通
伸縮性：なし
透け感：なし
裏地：なし
------------------------------
▼ブランド紹介
ems excite (エムズエキサイト）
“more fun more cute”
今をもっと楽しく
もっと可愛くいたい女の子に向けた
girly cuteなブランド
#デニムパンツ #デニムコーデ#プリントデニム #デニム #加工デニム #ストレートデニム#ワイドパンツ
▼注意事項
※撮影環境やモニター環境によって実際の商品とお色味が多少異なってみえる場合がございます。
品番：EE634832C001　/ 品名：ロゴプリントデニムPT"	in stock	999	new	5890 JPY	https://www.retro-girl.jp/item/111260.html	https://img-retro-girl.freetls.fastly.net/retrogirl/image_item/111/111260/11126001_b.jpg	ems excite	4120 JPY	https://img-retro-girl.freetls.fastly.net/retrogirl/image_item/111/111260/11126002_b.jpg,https://img-retro-girl.freetls.fastly.net/retrogirl/image_item/111/111260/11126003_b.jpg	パンツ > デニムパンツ	ライトグレー	S	ポリエステル43％ 綿43％ レーヨン12％ ナイロン2％	adult	female	
EE634832C0011003	EE634832C001	ロゴプリントデニムパンツ - ライトグレー / M	"＜ロゴプリント×加工でカジュアルなデニムパンツ＞
▼デザイン
・emsでは珍しいプリント入りのデニムパンツ
・フロント部分に大きくプリントされたロゴデザインが目を惹くアイテム！
・ワイドなシルエットでカジュアルに着て頂けます。
・サイズ展開もあるので、体型に合わせて選べちゃう！
▼コーディネート
シンプルなストレートシルエットで、どんなトップスとも合わせていただける定番デニム。
カジュアルにシャツやTシャツと合わせて頂くのがおすすめ！
------------------------------
生地感：普通
伸縮性：なし
透け感：なし
裏地：なし
------------------------------
▼ブランド紹介
ems excite (エムズエキサイト）
“more fun more cute”
今をもっと楽しく
もっと可愛くいたい女の子に向けた
girly cuteなブランド
#デニムパンツ #デニムコーデ#プリントデニム #デニム #加工デニム #ストレートデニム#ワイドパンツ
▼注意事項
※撮影環境やモニター環境によって実際の商品とお色味が多少異なってみえる場合がございます。
品番：EE634832C001　/ 品名：ロゴプリントデニムPT"	in stock	999	new	5890 JPY	https://www.retro-girl.jp/item/111260.html	https://img-retro-girl.freetls.fastly.net/retrogirl/image_item/111/111260/11126001_b.jpg	ems excite	4120 JPY	https://img-retro-girl.freetls.fastly.net/retrogirl/image_item/111/111260/11126002_b.jpg,https://img-retro-girl.freetls.fastly.net/retrogirl/image_item/111/111260/11126003_b.jpg	パンツ > デニムパンツ	ライトグレー	M	ポリエステル43％ 綿43％ レーヨン12％ ナイロン2％	adult	female	
EE634832C0018402	EE634832C001	ロゴプリントデニムパンツ - ケミカルウォッシュ / S	"＜ロゴプリント×加工でカジュアルなデニムパンツ＞
▼デザイン
・emsでは珍しいプリント入りのデニムパンツ
・フロント部分に大きくプリントされたロゴデザインが目を惹くアイテム！
・ワイドなシルエットでカジュアルに着て頂けます。
・サイズ展開もあるので、体型に合わせて選べちゃう！
▼コーディネート
シンプルなストレートシルエットで、どんなトップスとも合わせていただける定番デニム。
カジュアルにシャツやTシャツと合わせて頂くのがおすすめ！
------------------------------
生地感：普通
伸縮性：なし
透け感：なし
裏地：なし
------------------------------
▼ブランド紹介
ems excite (エムズエキサイト）
“more fun more cute”
今をもっと楽しく
もっと可愛くいたい女の子に向けた
girly cuteなブランド
#デニムパンツ #デニムコーデ#プリントデニム #デニム #加工デニム #ストレートデニム#ワイドパンツ
▼注意事項
※撮影環境やモニター環境によって実際の商品とお色味が多少異なってみえる場合がございます。
品番：EE634832C001　/ 品名：ロゴプリントデニムPT"	in stock	999	new	5890 JPY	https://www.retro-girl.jp/item/111260.html	https://img-retro-girl.freetls.fastly.net/retrogirl/image_item/111/111260/11126002_b.jpg	ems excite	4120 JPY	https://img-retro-girl.freetls.fastly.net/retrogirl/image_item/111/111260/11126001_b.jpg,https://img-retro-girl.freetls.fastly.net/retrogirl/image_item/111/111260/11126003_b.jpg	パンツ > デニムパンツ	ケミカルウォッシュ	S	ポリエステル43％ 綿43％ レーヨン12％ ナイロン2％	adult	female	
EE634832C0018403	EE634832C001	ロゴプリントデニムパンツ - ケミカルウォッシュ / M	"＜ロゴプリント×加工でカジュアルなデニムパンツ＞
▼デザイン
・emsでは珍しいプリント入りのデニムパンツ
・フロント部分に大きくプリントされたロゴデザインが目を惹くアイテム！
・ワイドなシルエットでカジュアルに着て頂けます。
・サイズ展開もあるので、体型に合わせて選べちゃう！
▼コーディネート
シンプルなストレートシルエットで、どんなトップスとも合わせていただける定番デニム。
カジュアルにシャツやTシャツと合わせて頂くのがおすすめ！
------------------------------
生地感：普通
伸縮性：なし
透け感：なし
裏地：なし
------------------------------
▼ブランド紹介
ems excite (エムズエキサイト）
“more fun more cute”
今をもっと楽しく
もっと可愛くいたい女の子に向けた
girly cuteなブランド
#デニムパンツ #デニムコーデ#プリントデニム #デニム #加工デニム #ストレートデニム#ワイドパンツ
▼注意事項
※撮影環境やモニター環境によって実際の商品とお色味が多少異なってみえる場合がございます。
品番：EE634832C001　/ 品名：ロゴプリントデニムPT"	in stock	999	new	5890 JPY	https://www.retro-girl.jp/item/111260.html	https://img-retro-girl.freetls.fastly.net/retrogirl/image_item/111/111260/11126002_b.jpg	ems excite	4120 JPY	https://img-retro-girl.freetls.fastly.net/retrogirl/image_item/111/111260/11126001_b.jpg,https://img-retro-girl.freetls.fastly.net/retrogirl/image_item/111/111260/11126003_b.jpg	パンツ > デニムパンツ	ケミカルウォッシュ	M	ポリエステル43％ 綿43％ レーヨン12％ ナイロン2％	adult	female	
EE634832C0018502	EE634832C001	ロゴプリントデニムパンツ - インディゴブルー / S	"＜ロゴプリント×加工でカジュアルなデニムパンツ＞
▼デザイン
・emsでは珍しいプリント入りのデニムパンツ
・フロント部分に大きくプリントされたロゴデザインが目を惹くアイテム！
・ワイドなシルエットでカジュアルに着て頂けます。
・サイズ展開もあるので、体型に合わせて選べちゃう！
▼コーディネート
シンプルなストレートシルエットで、どんなトップスとも合わせていただける定番デニム。
カジュアルにシャツやTシャツと合わせて頂くのがおすすめ！
------------------------------
生地感：普通
伸縮性：なし
透け感：なし
裏地：なし
------------------------------
▼ブランド紹介
ems excite (エムズエキサイト）
“more fun more cute”
今をもっと楽しく
もっと可愛くいたい女の子に向けた
girly cuteなブランド
#デニムパンツ #デニムコーデ#プリントデニム #デニム #加工デニム #ストレートデニム#ワイドパンツ
▼注意事項
※撮影環境やモニター環境によって実際の商品とお色味が多少異なってみえる場合がございます。
品番：EE634832C001　/ 品名：ロゴプリントデニムPT"	in stock	999	new	5890 JPY	https://www.retro-girl.jp/item/111260.html	https://img-retro-girl.freetls.fastly.net/retrogirl/image_item/111/111260/11126003_b.jpg	ems excite	4120 JPY	https://img-retro-girl.freetls.fastly.net/retrogirl/image_item/111/111260/11126001_b.jpg,https://img-retro-girl.freetls.fastly.net/retrogirl/image_item/111/111260/11126002_b.jpg	パンツ > デニムパンツ	インディゴブルー	S	ポリエステル43％ 綿43％ レーヨン12％ ナイロン2％	adult	female	
EE634832C0018503	EE634832C001	ロゴプリントデニムパンツ - インディゴブルー / M	"＜ロゴプリント×加工でカジュアルなデニムパンツ＞
▼デザイン
・emsでは珍しいプリント入りのデニムパンツ
・フロント部分に大きくプリントされたロゴデザインが目を惹くアイテム！
・ワイドなシルエットでカジュアルに着て頂けます。
・サイズ展開もあるので、体型に合わせて選べちゃう！
▼コーディネート
シンプルなストレートシルエットで、どんなトップスとも合わせていただける定番デニム。
カジュアルにシャツやTシャツと合わせて頂くのがおすすめ！
------------------------------
生地感：普通
伸縮性：なし
透け感：なし
裏地：なし
------------------------------
▼ブランド紹介
ems excite (エムズエキサイト）
“more fun more cute”
今をもっと楽しく
もっと可愛くいたい女の子に向けた
girly cuteなブランド
#デニムパンツ #デニムコーデ#プリントデニム #デニム #加工デニム #ストレートデニム#ワイドパンツ
▼注意事項
※撮影環境やモニター環境によって実際の商品とお色味が多少異なってみえる場合がございます。
品番：EE634832C001　/ 品名：ロゴプリントデニムPT"	in stock	999	new	5890 JPY	https://www.retro-girl.jp/item/111260.html	https://img-retro-girl.freetls.fastly.net/retrogirl/image_item/111/111260/11126003_b.jpg	ems excite	4120 JPY	https://img-retro-girl.freetls.fastly.net/retrogirl/image_item/111/111260/11126001_b.jpg,https://img-retro-girl.freetls.fastly.net/retrogirl/image_item/111/111260/11126002_b.jpg	パンツ > デニムパンツ	インディゴブルー	M	ポリエステル43％ 綿43％ レーヨン12％ ナイロン2％	adult	female	
RF634823B0010907	RF634823B001	アソートチェックオーバーシャツ - ブラック / FREE	"〈RETRO GIRLに秋を告げるチェックシャツ〉
▼デザイン
・RETRO GIRLで毎回大人気のチェックシャツ
・秋らしい配色のチェックは、これからの季節に大活躍◎
・着丈も長く、ヒップラインまでカバー！
・気温の変化が激しい秋口にさらっと羽織れるシャツは重宝するシーズンアイテムです。
▼コーディネート
ビックシルエットなので、ダボっと羽織るだけで抜け感のあるコーデに！
カジュアルなボトムと相性バッチリです◎
------------------------------
生地感：普通
伸縮性：なし
透け感：なし
裏地：なし
------------------------------
▼ブランド紹介
RETRO GIRL (レトロガール）
自分らしい“ベーシックアイテム”と
新しい自分の”トレンドアイテム”が
見つかる場所
今らしいファッションを楽しむ
女性のためのブランド
#チェック #シャツ #チェックシャツ #秋コーデ #秋アイテム #起毛 #ビックシルエット #チェックアイテム
※撮影環境やモニター環境によって実際の商品とお色味が
多少異なってみえる場合がございます。
品番：RF634823B001 / 品名：アソートチェックオーバーシャツ"	in stock	999	new	3990 JPY	https://www.retro-girl.jp/item/111291.html	https://img-retro-girl.freetls.fastly.net/retrogirl/image_item/111/111291/11129101_b.jpg	RETRO GIRL		https://img-retro-girl.freetls.fastly.net/retrogirl/image_item/111/111291/11129102_b.jpg,https://img-retro-girl.freetls.fastly.net/retrogirl/image_item/111/111291/11129103_b.jpg	トップス > シャツ/ブラウス	ブラック	FREE	ポリエステル　76％、綿　20％、レーヨン　4％	adult	female	
RF634823B0015007	RF634823B001	アソートチェックオーバーシャツ - ブラウン / FREE	"〈RETRO GIRLに秋を告げるチェックシャツ〉
▼デザイン
・RETRO GIRLで毎回大人気のチェックシャツ
・秋らしい配色のチェックは、これからの季節に大活躍◎
・着丈も長く、ヒップラインまでカバー！
・気温の変化が激しい秋口にさらっと羽織れるシャツは重宝するシーズンアイテムです。
▼コーディネート
ビックシルエットなので、ダボっと羽織るだけで抜け感のあるコーデに！
カジュアルなボトムと相性バッチリです◎
------------------------------
生地感：普通
伸縮性：なし
透け感：なし
裏地：なし
------------------------------
▼ブランド紹介
RETRO GIRL (レトロガール）
自分らしい“ベーシックアイテム”と
新しい自分の”トレンドアイテム”が
見つかる場所
今らしいファッションを楽しむ
女性のためのブランド
#チェック #シャツ #チェックシャツ #秋コーデ #秋アイテム #起毛 #ビックシルエット #チェックアイテム
※撮影環境やモニター環境によって実際の商品とお色味が
多少異なってみえる場合がございます。
品番：RF634823B001 / 品名：アソートチェックオーバーシャツ"	in stock	999	new	3990 JPY	https://www.retro-girl.jp/item/111291.html	https://img-retro-girl.freetls.fastly.net/retrogirl/image_item/111/111291/11129102_b.jpg	RETRO GIRL		https://img-retro-girl.freetls.fastly.net/retrogirl/image_item/111/111291/11129101_b.jpg,https://img-retro-girl.freetls.fastly.net/retrogirl/image_item/111/111291/11129103_b.jpg	トップス > シャツ/ブラウス	ブラウン	FREE	ポリエステル　76％、綿　20％、レーヨン　4％	adult	female	
RL641512N0021007	RL641512N002	シャツ襟ドッキングニット - ライトグレー / FREE	"＜１枚でコーデが完成するレイヤード風ニットアイテム＞
▼デザイン
・今年らしいフェイクレイヤードデザインのニットアイテム。
・シャツ部分とニット部分の配色が魅力的
・裾にデザインされたプレートにはオリジナルロゴがデザインされています。
・袖口まで折り返しデザインがついていて、隙の無いデザイン
▼コーディネート
１枚でコーデが完成するデザインアイテム。
デニムやスウェットパンツ、ハーフパンツと合わせてもOK！
▼スタイルアップポイント
スキッパー襟デザインで、骨格ストレートさんの得意な形！
ジャストな着丈で、スタイルアップ効果も◎
------------------------------
生地感：普通
伸縮性：ある
透け感：なし
裏地：なし
-----------------------------
▼ブランド紹介
RETRO GIRL (レトロガール）
自分らしい“ベーシックアイテム”と
新しい自分の”トレンドアイテム”が
見つかる場所
今らしいファッションを楽しむ
女性のためのブランド
#シャツコーデ #カジュアルコーデ #レイヤードコーデ #レイヤードアイテム
▼注意事項
※撮影環境やモニター環境によって実際の商品とお色味が多少異なってみえる場合がございます。
品番：RL641512N002　/ 品名：シャツ襟ドッキングNT"	in stock	999	new	3990 JPY	https://www.retro-girl.jp/item/111257.html	https://img-retro-girl.freetls.fastly.net/retrogirl/image_item/111/111257/11125701_b.jpg	RETRO GIRL		https://img-retro-girl.freetls.fastly.net/retrogirl/image_item/111/111257/11125702_b.jpg,https://img-retro-girl.freetls.fastly.net/retrogirl/image_item/111/111257/11125703_b.jpg	トップス > ニット/セーター	ライトグレー	FREE	本体：レーヨン70％ ポリエステル30％別布部分：ポリエステル65％ 綿35％	adult	female	
RL641512N0025007	RL641512N002	シャツ襟ドッキングニット - ブラウン / FREE	"＜１枚でコーデが完成するレイヤード風ニットアイテム＞
▼デザイン
・今年らしいフェイクレイヤードデザインのニットアイテム。
・シャツ部分とニット部分の配色が魅力的
・裾にデザインされたプレートにはオリジナルロゴがデザインされています。
・袖口まで折り返しデザインがついていて、隙の無いデザイン
▼コーディネート
１枚でコーデが完成するデザインアイテム。
デニムやスウェットパンツ、ハーフパンツと合わせてもOK！
▼スタイルアップポイント
スキッパー襟デザインで、骨格ストレートさんの得意な形！
ジャストな着丈で、スタイルアップ効果も◎
------------------------------
生地感：普通
伸縮性：ある
透け感：なし
裏地：なし
-----------------------------
▼ブランド紹介
RETRO GIRL (レトロガール）
自分らしい“ベーシックアイテム”と
新しい自分の”トレンドアイテム”が
見つかる場所
今らしいファッションを楽しむ
女性のためのブランド
#シャツコーデ #カジュアルコーデ #レイヤードコーデ #レイヤードアイテム
▼注意事項
※撮影環境やモニター環境によって実際の商品とお色味が多少異なってみえる場合がございます。
品番：RL641512N002　/ 品名：シャツ襟ドッキングNT"	in stock	999	new	3990 JPY	https://www.retro-girl.jp/item/111257.html	https://img-retro-girl.freetls.fastly.net/retrogirl/image_item/111/111257/11125702_b.jpg	RETRO GIRL		https://img-retro-girl.freetls.fastly.net/retrogirl/image_item/111/111257/11125701_b.jpg,https://img-retro-girl.freetls.fastly.net/retrogirl/image_item/111/111257/11125703_b.jpg	トップス > ニット/セーター	ブラウン	FREE	本体：レーヨン70％ ポリエステル30％別布部分：ポリエステル65％ 綿35％	adult	female	
RL641512N0028007	RL641512N002	シャツ襟ドッキングニット - ブルー / FREE	"＜１枚でコーデが完成するレイヤード風ニットアイテム＞
▼デザイン
・今年らしいフェイクレイヤードデザインのニットアイテム。
・シャツ部分とニット部分の配色が魅力的
・裾にデザインされたプレートにはオリジナルロゴがデザインされています。
・袖口まで折り返しデザインがついていて、隙の無いデザイン
▼コーディネート
１枚でコーデが完成するデザインアイテム。
デニムやスウェットパンツ、ハーフパンツと合わせてもOK！
▼スタイルアップポイント
スキッパー襟デザインで、骨格ストレートさんの得意な形！
ジャストな着丈で、スタイルアップ効果も◎
------------------------------
生地感：普通
伸縮性：ある
透け感：なし
裏地：なし
-----------------------------
▼ブランド紹介
RETRO GIRL (レトロガール）
自分らしい“ベーシックアイテム”と
新しい自分の”トレンドアイテム”が
見つかる場所
今らしいファッションを楽しむ
女性のためのブランド
#シャツコーデ #カジュアルコーデ #レイヤードコーデ #レイヤードアイテム
▼注意事項
※撮影環境やモニター環境によって実際の商品とお色味が多少異なってみえる場合がございます。
品番：RL641512N002　/ 品名：シャツ襟ドッキングNT"	in stock	999	new	3990 JPY	https://www.retro-girl.jp/item/111257.html	https://img-retro-girl.freetls.fastly.net/retrogirl/image_item/111/111257/11125703_b.jpg	RETRO GIRL		https://img-retro-girl.freetls.fastly.net/retrogirl/image_item/111/111257/11125701_b.jpg,https://img-retro-girl.freetls.fastly.net/retrogirl/image_item/111/111257/11125702_b.jpg	トップス > ニット/セーター	ブルー	FREE	本体：レーヨン70％ ポリエステル30％別布部分：ポリエステル65％ 綿35％	adult	female	
RW680021C0018207	RW680021C001	フリースジャケット - ダークブルー / FREE	"〈フリース素材で暖かい冬のトラックジャケット〉
▼デザイン
・昨年から大人気のトラックジャケット。
・カジュアルな秋コーデに取り入れたいアイテム。
・起毛感のあるフリース素材で、アウターとしてもしっかり活躍
・袖口や裾はゴムが入っていて、風を通さないので防寒力も◎
▼コーディネート
デニム合わせで定番のカジュアルスタイリングに♪
ロングスカートと合わせて、甘めのスポーティコーデは今年のトレンドです♪
------------------------------
生地感：やや厚手
伸縮性：ある
透け感：なし
裏地：なし
------------------------------
▼ブランド紹介
RETRO GIRL (レトロガール）
自分らしい“ベーシックアイテム”と
新しい自分の”トレンドアイテム”が
見つかる場所
今らしいファッションを楽しむ
女性のためのブランド
#カジュアル #ラインアイテム #ジャケット #韓国コーデ #トラックジャケット #カジュアルコーデ
▼注意事項
※撮影環境やモニター環境によって実際の商品とお色味が
多少異なってみえる場合がございます。
※サイズはサンプル品を基に採寸しております。
実際の商品とは若干の誤差が生じる場合がございますので、あらかじめご了承ください。
品番：RW680021C001　/ 品名：フリースジャケット"	in stock	999	new	5690 JPY	https://www.retro-girl.jp/item/111321.html	https://img-retro-girl.freetls.fastly.net/retrogirl/image_item/111/111321/11132103_b.jpg	RETRO GIRL		https://img-retro-girl.freetls.fastly.net/retrogirl/image_item/111/111321/11132101_b.jpg,https://img-retro-girl.freetls.fastly.net/retrogirl/image_item/111/111321/11132102_b.jpg	ジャケット/アウター > その他アウター	ダークブルー	FREE		adult	female	
RW680021C0010407	RW680021C001	フリースジャケット - エクリュ / FREE	"〈フリース素材で暖かい冬のトラックジャケット〉
▼デザイン
・昨年から大人気のトラックジャケット。
・カジュアルな秋コーデに取り入れたいアイテム。
・起毛感のあるフリース素材で、アウターとしてもしっかり活躍
・袖口や裾はゴムが入っていて、風を通さないので防寒力も◎
▼コーディネート
デニム合わせで定番のカジュアルスタイリングに♪
ロングスカートと合わせて、甘めのスポーティコーデは今年のトレンドです♪
------------------------------
生地感：やや厚手
伸縮性：ある
透け感：なし
裏地：なし
------------------------------
▼ブランド紹介
RETRO GIRL (レトロガール）
自分らしい“ベーシックアイテム”と
新しい自分の”トレンドアイテム”が
見つかる場所
今らしいファッションを楽しむ
女性のためのブランド
#カジュアル #ラインアイテム #ジャケット #韓国コーデ #トラックジャケット #カジュアルコーデ
▼注意事項
※撮影環境やモニター環境によって実際の商品とお色味が
多少異なってみえる場合がございます。
※サイズはサンプル品を基に採寸しております。
実際の商品とは若干の誤差が生じる場合がございますので、あらかじめご了承ください。
品番：RW680021C001　/ 品名：フリースジャケット"	in stock	999	new	5690 JPY	https://www.retro-girl.jp/item/111321.html	https://img-retro-girl.freetls.fastly.net/retrogirl/image_item/111/111321/11132101_b.jpg	RETRO GIRL		https://img-retro-girl.freetls.fastly.net/retrogirl/image_item/111/111321/11132103_b.jpg,https://img-retro-girl.freetls.fastly.net/retrogirl/image_item/111/111321/11132102_b.jpg	ジャケット/アウター > その他アウター	エクリュ	FREE		adult	female	
RW680021C0011107	RW680021C001	フリースジャケット - ダークグレー / FREE	"〈フリース素材で暖かい冬のトラックジャケット〉
▼デザイン
・昨年から大人気のトラックジャケット。
・カジュアルな秋コーデに取り入れたいアイテム。
・起毛感のあるフリース素材で、アウターとしてもしっかり活躍
・袖口や裾はゴムが入っていて、風を通さないので防寒力も◎
▼コーディネート
デニム合わせで定番のカジュアルスタイリングに♪
ロングスカートと合わせて、甘めのスポーティコーデは今年のトレンドです♪
------------------------------
生地感：やや厚手
伸縮性：ある
透け感：なし
裏地：なし
------------------------------
▼ブランド紹介
RETRO GIRL (レトロガール）
自分らしい“ベーシックアイテム”と
新しい自分の”トレンドアイテム”が
見つかる場所
今らしいファッションを楽しむ
女性のためのブランド
#カジュアル #ラインアイテム #ジャケット #韓国コーデ #トラックジャケット #カジュアルコーデ
▼注意事項
※撮影環境やモニター環境によって実際の商品とお色味が
多少異なってみえる場合がございます。
※サイズはサンプル品を基に採寸しております。
実際の商品とは若干の誤差が生じる場合がございますので、あらかじめご了承ください。
品番：RW680021C001　/ 品名：フリースジャケット"	in stock	999	new	5690 JPY	https://www.retro-girl.jp/item/111321.html	https://img-retro-girl.freetls.fastly.net/retrogirl/image_item/111/111321/11132102_b.jpg	RETRO GIRL		https://img-retro-girl.freetls.fastly.net/retrogirl/image_item/111/111321/11132103_b.jpg,https://img-retro-girl.freetls.fastly.net/retrogirl/image_item/111/111321/11132101_b.jpg	ジャケット/アウター > その他アウター	ダークグレー	FREE		adult	female	
RS656911N0020407	RS656911N002	ヘンリーネックレースカットソー - エクリュ / FREE	"〈レース素材のヘンリーネックアイテム〉
▼デザイン
・レース素材で甘めなスタイリングにもピッタリ。
・フード付きでカジュアルな印象にも仕上ります。
・胸元はヘンリーネックデザインで、今年らしい！
・合わせ方次第でコーデの雰囲気が変わる万能アイテムです。
▼コーディネート
夏はキャミソールやTシャツの上に合わせるのがおすすめ♪
秋は中に仕込んで上からトレーナーをレイヤードして
レースのフードを出すスタイリングも可愛いです。
------------------------------
生地感：薄手
伸縮性：ある
透け感：ある
裏地：なし
------------------------------
▼ブランド紹介
RETRO GIRL (レトロガール）
自分らしい“ベーシックアイテム”と
新しい自分の”トレンドアイテム”が
見つかる場所
今らしいファッションを楽しむ
女性のためのブランド
#レース #レースアイテム #フーディ #韓国コーデ #レイヤードコーデ #トレンドコーデ
▼注意事項
※撮影環境やモニター環境によって実際の商品とお色味が
多少異なってみえる場合がございます。
品番：RS656911N002　/ 品名：ヘンリーネックレースCT"	in stock	999	new	3290 JPY	https://www.retro-girl.jp/item/111259.html	https://img-retro-girl.freetls.fastly.net/retrogirl/image_item/111/111259/11125901_b.jpg	RETRO GIRL	2090 JPY	https://img-retro-girl.freetls.fastly.net/retrogirl/image_item/111/111259/11125902_b.jpg	トップス > Tシャツ/カットソー	エクリュ	FREE	ナイロン90％ ポリウレタン10％	adult	female	
RS656911N0020907	RS656911N002	ヘンリーネックレースカットソー - ブラック / FREE	"〈レース素材のヘンリーネックアイテム〉
▼デザイン
・レース素材で甘めなスタイリングにもピッタリ。
・フード付きでカジュアルな印象にも仕上ります。
・胸元はヘンリーネックデザインで、今年らしい！
・合わせ方次第でコーデの雰囲気が変わる万能アイテムです。
▼コーディネート
夏はキャミソールやTシャツの上に合わせるのがおすすめ♪
秋は中に仕込んで上からトレーナーをレイヤードして
レースのフードを出すスタイリングも可愛いです。
------------------------------
生地感：薄手
伸縮性：ある
透け感：ある
裏地：なし
------------------------------
▼ブランド紹介
RETRO GIRL (レトロガール）
自分らしい“ベーシックアイテム”と
新しい自分の”トレンドアイテム”が
見つかる場所
今らしいファッションを楽しむ
女性のためのブランド
#レース #レースアイテム #フーディ #韓国コーデ #レイヤードコーデ #トレンドコーデ
▼注意事項
※撮影環境やモニター環境によって実際の商品とお色味が
多少異なってみえる場合がございます。
品番：RS656911N002　/ 品名：ヘンリーネックレースCT"	in stock	999	new	3290 JPY	https://www.retro-girl.jp/item/111259.html	https://img-retro-girl.freetls.fastly.net/retrogirl/image_item/111/111259/11125902_b.jpg	RETRO GIRL	2090 JPY	https://img-retro-girl.freetls.fastly.net/retrogirl/image_item/111/111259/11125901_b.jpg	トップス > Tシャツ/カットソー	ブラック	FREE	ナイロン90％ ポリウレタン10％	adult	female	
EE657112G0010407	EE657112G001	ロゴパッチ襟ニット - エクリュ / FREE	"〈毎回大人気の襟ニットから新作が登場！〉
▼デザイン
・emsでオールシーズン大人気の襟ニット。
・襟付きデザインで、スクールガールコーデにもおすすめです。
・胸元のパッチが可愛いワンポイントに！
・バイカラーのラインデザインがコーデのアクセントに♪
▼コーディネート
ミニ丈ボトムでガーリーにスタイリングがおすすめ！
スラックスパンツと合わせると、オトナガーリーなオフィスコーデに仕上ります。
------------------------------
生地感：普通
伸縮性：ある
透け感：なし
裏地：なし
------------------------------
▼ブランド紹介
ems excite (エムズエキサイト）
“more fun more cute”
今をもっと楽しく
もっと可愛くいたい女の子に向けた
girly cuteなブランド
#ニット #ニットアイテム #夏ニット #ライン襟 #ケーブルニット #バイカラー #ポロニット
▼注意事項
※撮影環境やモニター環境によって実際の商品とお色味が
多少異なってみえる場合がございます。
品番：EE657112G001　/ 品名：ロゴパッチ襟ニット"	in stock	999	new	3990 JPY	https://www.retro-girl.jp/item/111281.html	https://img-retro-girl.freetls.fastly.net/retrogirl/image_item/111/111281/11128101_b.jpg	ems excite		https://img-retro-girl.freetls.fastly.net/retrogirl/image_item/111/111281/11128102_b.jpg,https://img-retro-girl.freetls.fastly.net/retrogirl/image_item/111/111281/11128103_b.jpg	トップス > ニット/セーター	エクリュ	FREE	レーヨン66％ ポリエステル34％	adult	female	
EE657112G0012007	EE657112G001	ロゴパッチ襟ニット - ピンク / FREE	"〈毎回大人気の襟ニットから新作が登場！〉
▼デザイン
・emsでオールシーズン大人気の襟ニット。
・襟付きデザインで、スクールガールコーデにもおすすめです。
・胸元のパッチが可愛いワンポイントに！
・バイカラーのラインデザインがコーデのアクセントに♪
▼コーディネート
ミニ丈ボトムでガーリーにスタイリングがおすすめ！
スラックスパンツと合わせると、オトナガーリーなオフィスコーデに仕上ります。
------------------------------
生地感：普通
伸縮性：ある
透け感：なし
裏地：なし
------------------------------
▼ブランド紹介
ems excite (エムズエキサイト）
“more fun more cute”
今をもっと楽しく
もっと可愛くいたい女の子に向けた
girly cuteなブランド
#ニット #ニットアイテム #夏ニット #ライン襟 #ケーブルニット #バイカラー #ポロニット
▼注意事項
※撮影環境やモニター環境によって実際の商品とお色味が
多少異なってみえる場合がございます。
品番：EE657112G001　/ 品名：ロゴパッチ襟ニット"	in stock	999	new	3990 JPY	https://www.retro-girl.jp/item/111281.html	https://img-retro-girl.freetls.fastly.net/retrogirl/image_item/111/111281/11128102_b.jpg	ems excite		https://img-retro-girl.freetls.fastly.net/retrogirl/image_item/111/111281/11128101_b.jpg,https://img-retro-girl.freetls.fastly.net/retrogirl/image_item/111/111281/11128103_b.jpg	トップス > ニット/セーター	ピンク	FREE	レーヨン66％ ポリエステル34％	adult	female	
EE657112G0018207	EE657112G001	ロゴパッチ襟ニット - ダークブルー / FREE	"〈毎回大人気の襟ニットから新作が登場！〉
▼デザイン
・emsでオールシーズン大人気の襟ニット。
・襟付きデザインで、スクールガールコーデにもおすすめです。
・胸元のパッチが可愛いワンポイントに！
・バイカラーのラインデザインがコーデのアクセントに♪
▼コーディネート
ミニ丈ボトムでガーリーにスタイリングがおすすめ！
スラックスパンツと合わせると、オトナガーリーなオフィスコーデに仕上ります。
------------------------------
生地感：普通
伸縮性：ある
透け感：なし
裏地：なし
------------------------------
▼ブランド紹介
ems excite (エムズエキサイト）
“more fun more cute”
今をもっと楽しく
もっと可愛くいたい女の子に向けた
girly cuteなブランド
#ニット #ニットアイテム #夏ニット #ライン襟 #ケーブルニット #バイカラー #ポロニット
▼注意事項
※撮影環境やモニター環境によって実際の商品とお色味が
多少異なってみえる場合がございます。
品番：EE657112G001　/ 品名：ロゴパッチ襟ニット"	in stock	999	new	3990 JPY	https://www.retro-girl.jp/item/111281.html	https://img-retro-girl.freetls.fastly.net/retrogirl/image_item/111/111281/11128103_b.jpg	ems excite		https://img-retro-girl.freetls.fastly.net/retrogirl/image_item/111/111281/11128101_b.jpg,https://img-retro-girl.freetls.fastly.net/retrogirl/image_item/111/111281/11128102_b.jpg	トップス > ニット/セーター	ダークブルー	FREE	レーヨン66％ ポリエステル34％	adult	female	
EL657123C0011807	EL657123C001	シャーリングバックリボンシャツ - ブラック/ドット / FREE	"＜フロントシャーリングでトレンドを抑えるコンパクトシャツ＞
▼デザイン
・フロントシャーリングデザインが可愛いシャツアイテム。
・ピタッとボディラインに沿うシルエットで、くびれが際立つシルエット
・バッグリボンデザインで後ろ姿も可愛い♪
・韓国っぽいコンパクトな着丈が魅力的な１枚。
▼コーディネート
フリルスカートやバルーンスカートと合わせて韓国ガーリーなコーデがおすすめ♪
デニムやスウェットパンツ合わせでカジュアルな着用もおすすめです。
------------------------------
生地感：普通
伸縮性：なし
透け感：なし
裏地：なし
------------------------------
▼ブランド紹介
ems excite (エムズエキサイト）
“more fun more cute”
今をもっと楽しく
もっと可愛くいたい女の子に向けた
girly cuteなブランド
#シャツ #チェック #シャツコーデ #チェックシャツ #カラーシャツ #シャーリング #ドット柄
▼注意事項
※撮影環境やモニター環境によって実際の商品とお色味が
多少異なってみえる場合がございます。
品番：EL657123C001　/ 品名：シャーリングバッグリボンシャツ"	in stock	999	new	3890 JPY	https://www.retro-girl.jp/item/111336.html	https://img-retro-girl.freetls.fastly.net/retrogirl/image_item/111/111336/11133602_b.jpg	ems excite		https://img-retro-girl.freetls.fastly.net/retrogirl/image_item/111/111336/11133601_b.jpg,https://img-retro-girl.freetls.fastly.net/retrogirl/image_item/111/111336/11133603_b.jpg	トップス > シャツ/ブラウス	ブラック/ドット	FREE	ブラック/ドット、ホワイト/柄：ポリエステル74％ ナイロン26％グリーン/チェック：ポリエステル100％	adult	female	
EL657123C0010607	EL657123C001	シャーリングバックリボンシャツ - ホワイト/柄 / FREE	"＜フロントシャーリングでトレンドを抑えるコンパクトシャツ＞
▼デザイン
・フロントシャーリングデザインが可愛いシャツアイテム。
・ピタッとボディラインに沿うシルエットで、くびれが際立つシルエット
・バッグリボンデザインで後ろ姿も可愛い♪
・韓国っぽいコンパクトな着丈が魅力的な１枚。
▼コーディネート
フリルスカートやバルーンスカートと合わせて韓国ガーリーなコーデがおすすめ♪
デニムやスウェットパンツ合わせでカジュアルな着用もおすすめです。
------------------------------
生地感：普通
伸縮性：なし
透け感：なし
裏地：なし
------------------------------
▼ブランド紹介
ems excite (エムズエキサイト）
“more fun more cute”
今をもっと楽しく
もっと可愛くいたい女の子に向けた
girly cuteなブランド
#シャツ #チェック #シャツコーデ #チェックシャツ #カラーシャツ #シャーリング #ドット柄
▼注意事項
※撮影環境やモニター環境によって実際の商品とお色味が
多少異なってみえる場合がございます。
品番：EL657123C001　/ 品名：シャーリングバッグリボンシャツ"	in stock	999	new	3890 JPY	https://www.retro-girl.jp/item/111336.html	https://img-retro-girl.freetls.fastly.net/retrogirl/image_item/111/111336/11133601_b.jpg	ems excite		https://img-retro-girl.freetls.fastly.net/retrogirl/image_item/111/111336/11133602_b.jpg,https://img-retro-girl.freetls.fastly.net/retrogirl/image_item/111/111336/11133603_b.jpg	トップス > シャツ/ブラウス	ホワイト/柄	FREE	ブラック/ドット、ホワイト/柄：ポリエステル74％ ナイロン26％グリーン/チェック：ポリエステル100％	adult	female	
EL657123C0017607	EL657123C001	シャーリングバックリボンシャツ - グリーン/チェック / FREE	"＜フロントシャーリングでトレンドを抑えるコンパクトシャツ＞
▼デザイン
・フロントシャーリングデザインが可愛いシャツアイテム。
・ピタッとボディラインに沿うシルエットで、くびれが際立つシルエット
・バッグリボンデザインで後ろ姿も可愛い♪
・韓国っぽいコンパクトな着丈が魅力的な１枚。
▼コーディネート
フリルスカートやバルーンスカートと合わせて韓国ガーリーなコーデがおすすめ♪
デニムやスウェットパンツ合わせでカジュアルな着用もおすすめです。
------------------------------
生地感：普通
伸縮性：なし
透け感：なし
裏地：なし
------------------------------
▼ブランド紹介
ems excite (エムズエキサイト）
“more fun more cute”
今をもっと楽しく
もっと可愛くいたい女の子に向けた
girly cuteなブランド
#シャツ #チェック #シャツコーデ #チェックシャツ #カラーシャツ #シャーリング #ドット柄
▼注意事項
※撮影環境やモニター環境によって実際の商品とお色味が
多少異なってみえる場合がございます。
品番：EL657123C001　/ 品名：シャーリングバッグリボンシャツ"	in stock	999	new	3890 JPY	https://www.retro-girl.jp/item/111336.html	https://img-retro-girl.freetls.fastly.net/retrogirl/image_item/111/111336/11133603_b.jpg	ems excite		https://img-retro-girl.freetls.fastly.net/retrogirl/image_item/111/111336/11133602_b.jpg,https://img-retro-girl.freetls.fastly.net/retrogirl/image_item/111/111336/11133601_b.jpg	トップス > シャツ/ブラウス	グリーン/チェック	FREE	ブラック/ドット、ホワイト/柄：ポリエステル74％ ナイロン26％グリーン/チェック：ポリエステル100％	adult	female	
EF657112G0050407	EF657112G005	金釦セーラーカーディガン - エクリュ / FREE	"＜夏から大人気のセーラーデザインが目を惹くニットカーディガン＞
▼デザイン
・大きなセーラー襟で後ろ姿まで可愛いアイテム
・リブニット素材で伸縮性抜群
・フロント部分の金ボタンで秋っぽさを演出
・襟を縁取るバイカラーがアクセントになるガーリーアイテム。
▼コーディネート
ミニ丈ボトムと合わせた甘めコーデがおすすめ♪
プリーツスカートやバルーンスカートと相性抜群です。
------------------------------
生地感：普通
伸縮性：あり
透け感：なし
裏地：なし
------------------------------
▼ブランド紹介
ems excite (エムズエキサイト）
“more fun more cute”
今をもっと楽しく
もっと可愛くいたい女の子に向けた
girly cuteなブランド
#セーラー #ニット #ニットカーディガン #バイカラー #セーラー襟 #金ボタン
▼注意事項
※撮影環境やモニター環境によって実際の商品とお色味が
多少異なってみえる場合がございます。
品番：EF657112G005　/ 品名：金釦セーラーカーディガン"	in stock	999	new	4790 JPY	https://www.retro-girl.jp/item/111390.html	https://img-retro-girl.freetls.fastly.net/retrogirl/image_item/111/111390/11139001_b.jpg	ems excite		https://img-retro-girl.freetls.fastly.net/retrogirl/image_item/111/111390/11139002_b.jpg,https://img-retro-girl.freetls.fastly.net/retrogirl/image_item/111/111390/11139003_b.jpg	トップス > カーディガン/ボレロ	エクリュ	FREE	アクリル69％ ポリエステル31％	adult	female	
EF657112G0050907	EF657112G005	金釦セーラーカーディガン - ブラック / FREE	"＜夏から大人気のセーラーデザインが目を惹くニットカーディガン＞
▼デザイン
・大きなセーラー襟で後ろ姿まで可愛いアイテム
・リブニット素材で伸縮性抜群
・フロント部分の金ボタンで秋っぽさを演出
・襟を縁取るバイカラーがアクセントになるガーリーアイテム。
▼コーディネート
ミニ丈ボトムと合わせた甘めコーデがおすすめ♪
プリーツスカートやバルーンスカートと相性抜群です。
------------------------------
生地感：普通
伸縮性：あり
透け感：なし
裏地：なし
------------------------------
▼ブランド紹介
ems excite (エムズエキサイト）
“more fun more cute”
今をもっと楽しく
もっと可愛くいたい女の子に向けた
girly cuteなブランド
#セーラー #ニット #ニットカーディガン #バイカラー #セーラー襟 #金ボタン
▼注意事項
※撮影環境やモニター環境によって実際の商品とお色味が
多少異なってみえる場合がございます。
品番：EF657112G005　/ 品名：金釦セーラーカーディガン"	in stock	999	new	4790 JPY	https://www.retro-girl.jp/item/111390.html	https://img-retro-girl.freetls.fastly.net/retrogirl/image_item/111/111390/11139002_b.jpg	ems excite		https://img-retro-girl.freetls.fastly.net/retrogirl/image_item/111/111390/11139001_b.jpg,https://img-retro-girl.freetls.fastly.net/retrogirl/image_item/111/111390/11139003_b.jpg	トップス > カーディガン/ボレロ	ブラック	FREE	アクリル69％ ポリエステル31％	adult	female	
EF657112G0051207	EF657112G005	金釦セーラーカーディガン - チャコールグレー / FREE	"＜夏から大人気のセーラーデザインが目を惹くニットカーディガン＞
▼デザイン
・大きなセーラー襟で後ろ姿まで可愛いアイテム
・リブニット素材で伸縮性抜群
・フロント部分の金ボタンで秋っぽさを演出
・襟を縁取るバイカラーがアクセントになるガーリーアイテム。
▼コーディネート
ミニ丈ボトムと合わせた甘めコーデがおすすめ♪
プリーツスカートやバルーンスカートと相性抜群です。
------------------------------
生地感：普通
伸縮性：あり
透け感：なし
裏地：なし
------------------------------
▼ブランド紹介
ems excite (エムズエキサイト）
“more fun more cute”
今をもっと楽しく
もっと可愛くいたい女の子に向けた
girly cuteなブランド
#セーラー #ニット #ニットカーディガン #バイカラー #セーラー襟 #金ボタン
▼注意事項
※撮影環境やモニター環境によって実際の商品とお色味が
多少異なってみえる場合がございます。
品番：EF657112G005　/ 品名：金釦セーラーカーディガン"	in stock	999	new	4790 JPY	https://www.retro-girl.jp/item/111390.html	https://img-retro-girl.freetls.fastly.net/retrogirl/image_item/111/111390/11139003_b.jpg	ems excite		https://img-retro-girl.freetls.fastly.net/retrogirl/image_item/111/111390/11139001_b.jpg,https://img-retro-girl.freetls.fastly.net/retrogirl/image_item/111/111390/11139002_b.jpg	トップス > カーディガン/ボレロ	チャコールグレー	FREE	アクリル69％ ポリエステル31％	adult	female	
RF661432B0010907	RF661432B001	ビジュースラックスパンツ - ブラック / FREE	"＜キラキラビジューできらめきで魅せる、スラックスパンツ＞
▼デザイン
・キラキラビジューで存在感あるスラックスパンツ
・秋冬を感じるしっかり厚手の素材で防寒力も◎
・ウエストは後がゴムになっているので、伸縮性もあるゆったりした履き心地
・定番で合わせやすいデザインながら、ビジューでこなれ感を演出♪
▼コーディネート
トップスをブラウスにすればオフィスカジュアルな場面でも活躍◎
冬っぽ素材で、暖かく着用できるので、冬のイルミネーションデートにもおすすめ！
▼スタイルアップポイント
骨格問わず着用できるデザイン。
腰回りもカバーしてくれるので、気になりやすいウェーブさん、ストレートさんのお悩みを解決！
-----------------------------
生地感：普通
伸縮性：なし
透け感：なし
裏地：なし
------------------------------
▼ブランド紹介
RETRO GIRL (レトロガール）
～日常に、ひとさじのときめきを～
いつものスタイルに新しい気分を織り込んで、
毎日をたのしむきっかけを作るブランド。
▼SNS
新着アイテムやお得なセール情報を配信中♪
【公式 Instagram】
＠retrogirl_official
【公式 TikTok】
@retrogirl_official
#ワイドパンツ #パンツ #パンツコーデ #スラックスパンツ ＃大人コーデ #オフィスカジュアル #ビジュー
▼注意事項
※撮影環境やモニター環境によって実際の商品とお色味が多少異なってみえる場合がございます。
品番：RF661432B001　/ 品名：ビジュースラックスパンツ"	in stock	999	new	3990 JPY	https://www.retro-girl.jp/item/111365.html	https://img-retro-girl.freetls.fastly.net/retrogirl/image_item/111/111365/11136501_b.jpg	RETRO GIRL		https://img-retro-girl.freetls.fastly.net/retrogirl/image_item/111/111365/11136502_b.jpg	パンツ > パンツ全般	ブラック	FREE		adult	female	
RF661432B0011007	RF661432B001	ビジュースラックスパンツ - ライトグレー / FREE	"＜キラキラビジューできらめきで魅せる、スラックスパンツ＞
▼デザイン
・キラキラビジューで存在感あるスラックスパンツ
・秋冬を感じるしっかり厚手の素材で防寒力も◎
・ウエストは後がゴムになっているので、伸縮性もあるゆったりした履き心地
・定番で合わせやすいデザインながら、ビジューでこなれ感を演出♪
▼コーディネート
トップスをブラウスにすればオフィスカジュアルな場面でも活躍◎
冬っぽ素材で、暖かく着用できるので、冬のイルミネーションデートにもおすすめ！
▼スタイルアップポイント
骨格問わず着用できるデザイン。
腰回りもカバーしてくれるので、気になりやすいウェーブさん、ストレートさんのお悩みを解決！
-----------------------------
生地感：普通
伸縮性：なし
透け感：なし
裏地：なし
------------------------------
▼ブランド紹介
RETRO GIRL (レトロガール）
～日常に、ひとさじのときめきを～
いつものスタイルに新しい気分を織り込んで、
毎日をたのしむきっかけを作るブランド。
▼SNS
新着アイテムやお得なセール情報を配信中♪
【公式 Instagram】
＠retrogirl_official
【公式 TikTok】
@retrogirl_official
#ワイドパンツ #パンツ #パンツコーデ #スラックスパンツ ＃大人コーデ #オフィスカジュアル #ビジュー
▼注意事項
※撮影環境やモニター環境によって実際の商品とお色味が多少異なってみえる場合がございます。
品番：RF661432B001　/ 品名：ビジュースラックスパンツ"	in stock	999	new	3990 JPY	https://www.retro-girl.jp/item/111365.html	https://img-retro-girl.freetls.fastly.net/retrogirl/image_item/111/111365/11136502_b.jpg	RETRO GIRL		https://img-retro-girl.freetls.fastly.net/retrogirl/image_item/111/111365/11136501_b.jpg	パンツ > パンツ全般	ライトグレー	FREE		adult	female	
EE680023C0015607	EE680023C001	チェックフロントドロストシャツ - ブラウン/チェック / FREE	"＜毎年定番のフロントドロストチェックシャツ＞
▼デザイン
・フロントシャーリングデザインが可愛いシャツアイテム。
・胸元のプレートが可愛いワンポイント
・リボンの結ぶ位置で着丈の調節が可能◎
・フロント部分のボタンで着脱できるので、羽織スタイルもおすすめ！
▼コーディネート
フリルスカートやバルーンスカートと合わせて韓国ガーリーなコーデがおすすめ♪
デニムやスウェットパンツ合わせでカジュアルな着用もおすすめです。
------------------------------
生地感：普通
伸縮性：なし
透け感：なし
裏地：なし
------------------------------
▼ブランド紹介
ems excite (エムズエキサイト）
“more fun more cute”
今をもっと楽しく
もっと可愛くいたい女の子に向けた
girly cuteなブランド
#シャツ #チェック #シャツコーデ #チェックシャツ #カラーシャツ #シャーリング #ドロスト
▼注意事項
※撮影環境やモニター環境によって実際の商品とお色味が
多少異なってみえる場合がございます。
品番：EE680023C001 / 品名：チェックフロントドロストシャツ"	in stock	999	new	4290 JPY	https://www.retro-girl.jp/item/111349.html	https://img-retro-girl.freetls.fastly.net/retrogirl/image_item/111/111349/11134903_b.jpg	ems excite		https://img-retro-girl.freetls.fastly.net/retrogirl/image_item/111/111349/11134901_b.jpg,https://img-retro-girl.freetls.fastly.net/retrogirl/image_item/111/111349/11134902_b.jpg	トップス > シャツ/ブラウス	ブラウン/チェック	FREE	ポリエステル：80％レーヨン：17％ポリウレタン：3％	adult	female	
EE680023C0011607	EE680023C001	チェックフロントドロストシャツ - ブラック/チェック / FREE	"＜毎年定番のフロントドロストチェックシャツ＞
▼デザイン
・フロントシャーリングデザインが可愛いシャツアイテム。
・胸元のプレートが可愛いワンポイント
・リボンの結ぶ位置で着丈の調節が可能◎
・フロント部分のボタンで着脱できるので、羽織スタイルもおすすめ！
▼コーディネート
フリルスカートやバルーンスカートと合わせて韓国ガーリーなコーデがおすすめ♪
デニムやスウェットパンツ合わせでカジュアルな着用もおすすめです。
------------------------------
生地感：普通
伸縮性：なし
透け感：なし
裏地：なし
------------------------------
▼ブランド紹介
ems excite (エムズエキサイト）
“more fun more cute”
今をもっと楽しく
もっと可愛くいたい女の子に向けた
girly cuteなブランド
#シャツ #チェック #シャツコーデ #チェックシャツ #カラーシャツ #シャーリング #ドロスト
▼注意事項
※撮影環境やモニター環境によって実際の商品とお色味が
多少異なってみえる場合がございます。
品番：EE680023C001 / 品名：チェックフロントドロストシャツ"	in stock	999	new	4290 JPY	https://www.retro-girl.jp/item/111349.html	https://img-retro-girl.freetls.fastly.net/retrogirl/image_item/111/111349/11134901_b.jpg	ems excite		https://img-retro-girl.freetls.fastly.net/retrogirl/image_item/111/111349/11134903_b.jpg,https://img-retro-girl.freetls.fastly.net/retrogirl/image_item/111/111349/11134902_b.jpg	トップス > シャツ/ブラウス	ブラック/チェック	FREE	ポリエステル：80％レーヨン：17％ポリウレタン：3％	adult	female	
EE680023C0013607	EE680023C001	チェックフロントドロストシャツ - レッド/チェック / FREE	"＜毎年定番のフロントドロストチェックシャツ＞
▼デザイン
・フロントシャーリングデザインが可愛いシャツアイテム。
・胸元のプレートが可愛いワンポイント
・リボンの結ぶ位置で着丈の調節が可能◎
・フロント部分のボタンで着脱できるので、羽織スタイルもおすすめ！
▼コーディネート
フリルスカートやバルーンスカートと合わせて韓国ガーリーなコーデがおすすめ♪
デニムやスウェットパンツ合わせでカジュアルな着用もおすすめです。
------------------------------
生地感：普通
伸縮性：なし
透け感：なし
裏地：なし
------------------------------
▼ブランド紹介
ems excite (エムズエキサイト）
“more fun more cute”
今をもっと楽しく
もっと可愛くいたい女の子に向けた
girly cuteなブランド
#シャツ #チェック #シャツコーデ #チェックシャツ #カラーシャツ #シャーリング #ドロスト
▼注意事項
※撮影環境やモニター環境によって実際の商品とお色味が
多少異なってみえる場合がございます。
品番：EE680023C001 / 品名：チェックフロントドロストシャツ"	in stock	999	new	4290 JPY	https://www.retro-girl.jp/item/111349.html	https://img-retro-girl.freetls.fastly.net/retrogirl/image_item/111/111349/11134902_b.jpg	ems excite		https://img-retro-girl.freetls.fastly.net/retrogirl/image_item/111/111349/11134903_b.jpg,https://img-retro-girl.freetls.fastly.net/retrogirl/image_item/111/111349/11134901_b.jpg	トップス > シャツ/ブラウス	レッド/チェック	FREE	ポリエステル：80％レーヨン：17％ポリウレタン：3％	adult	female	
RF657111C0015007	RF657111C001	ラグランパーカー - ブラウン / FREE	"＜ロゴデザインが映えるWZIPのカジュアルフーディー＞
▼デザイン
・フロントロゴがカジュアルなパーカーアイテム
・WZIPになっているので、開き具合を調節できます
・肌寒くなる秋の気温にさらっと羽織るだけで暖かいコーデが完成します。
・大きめシルエットで体型カバーも可能です◎
▼コーディネート
デニム合わせで、カジュアルなスタイリングがおすすめ！
古着風コーデにも取り入れて頂けるデザインです。
-----------------------------
生地感：普通
伸縮性：ある
透け感：なし
裏地：なし
------------------------------
▼ブランド紹介
RETRO GIRL (レトロガール）
自分らしい“ベーシックアイテム”と
新しい自分の”トレンドアイテム”が
見つかる場所
今らしいファッションを楽しむ
女性のためのブランド
#パーカー #ロゴデザイン #フード #カジュアルコーデ #フーディー #WZIP
▼注意事項
※撮影環境やモニター環境によって実際の商品とお色味が多少異なってみえる場合がございます。
品番：RF657111C001　/ 品名：ラグランパーカー"	in stock	999	new	5490 JPY	https://www.retro-girl.jp/item/111366.html	https://img-retro-girl.freetls.fastly.net/retrogirl/image_item/111/111366/11136602_b.jpg	RETRO GIRL		https://img-retro-girl.freetls.fastly.net/retrogirl/image_item/111/111366/11136601_b.jpg	トップス > パーカー	ブラウン	FREE	ポリエステル63％、綿36％、レーヨン2％	adult	female	
RF657111C0011007	RF657111C001	ラグランパーカー - ライトグレー / FREE	"＜ロゴデザインが映えるWZIPのカジュアルフーディー＞
▼デザイン
・フロントロゴがカジュアルなパーカーアイテム
・WZIPになっているので、開き具合を調節できます
・肌寒くなる秋の気温にさらっと羽織るだけで暖かいコーデが完成します。
・大きめシルエットで体型カバーも可能です◎
▼コーディネート
デニム合わせで、カジュアルなスタイリングがおすすめ！
古着風コーデにも取り入れて頂けるデザインです。
-----------------------------
生地感：普通
伸縮性：ある
透け感：なし
裏地：なし
------------------------------
▼ブランド紹介
RETRO GIRL (レトロガール）
自分らしい“ベーシックアイテム”と
新しい自分の”トレンドアイテム”が
見つかる場所
今らしいファッションを楽しむ
女性のためのブランド
#パーカー #ロゴデザイン #フード #カジュアルコーデ #フーディー #WZIP
▼注意事項
※撮影環境やモニター環境によって実際の商品とお色味が多少異なってみえる場合がございます。
品番：RF657111C001　/ 品名：ラグランパーカー"	in stock	999	new	5490 JPY	https://www.retro-girl.jp/item/111366.html	https://img-retro-girl.freetls.fastly.net/retrogirl/image_item/111/111366/11136601_b.jpg	RETRO GIRL		https://img-retro-girl.freetls.fastly.net/retrogirl/image_item/111/111366/11136602_b.jpg	トップス > パーカー	ライトグレー	FREE	ポリエステル63％、綿36％、レーヨン2％	adult	female	
EE657111C0021707	EE657111C002	ホルターレイヤード風ボーダーカットソー - ブラック/ボーダー / FREE	"＜ボーダーデザインで爽やかな秋のレイヤードカットソー＞
▼デザイン
・マリンスタイルにぴったりなボーダーカットソー
・首回りにはホルターネックがついているので、顔周りも華やかに。
・袖丈は長く、指抜きデザインがかっこいい！
・インナー部分のレースがemsらしいワンポイント♪
▼コーディネート
ボトム次第でいろんなコーデに変身するトップスアイテム
デニムで合わせればカジュアルなコーデに♪
フレアスカートと合わせればガーリースタイルが実現◎
------------------------------
生地感：普通
伸縮性：ある
透け感：なし
裏地：なし
------------------------------
▼ブランド紹介
ems excite (エムズエキサイト）
“more fun more cute”
今をもっと楽しく
もっと可愛いくいたい女の子に向けた
girly cuteなブランド
#カットソー #レイヤード #ボーダー #韓国コーデ #カジュアルコーデ #レイヤードコーデ
▼注意事項
※撮影環境やモニター環境によって実際の商品とお色味が多少異なってみえる場合がございます。
品番：EE657111C002　/ 品名：ホルターレイヤード風ボーダーCT"	in stock	999	new	3690 JPY	https://www.retro-girl.jp/item/111348.html	https://img-retro-girl.freetls.fastly.net/retrogirl/image_item/111/111348/11134802_b.jpg	ems excite		https://img-retro-girl.freetls.fastly.net/retrogirl/image_item/111/111348/11134801_b.jpg,https://img-retro-girl.freetls.fastly.net/retrogirl/image_item/111/111348/11134803_b.jpg	トップス > Tシャツ/カットソー	ブラック/ボーダー	FREE	アウター部分ポリエステル：89％レーヨン:6％ポリウレタン：5％	adult	female	
EE657111C0021407	EE657111C002	ホルターレイヤード風ボーダーカットソー - グレー/ボーダー / FREE	"＜ボーダーデザインで爽やかな秋のレイヤードカットソー＞
▼デザイン
・マリンスタイルにぴったりなボーダーカットソー
・首回りにはホルターネックがついているので、顔周りも華やかに。
・袖丈は長く、指抜きデザインがかっこいい！
・インナー部分のレースがemsらしいワンポイント♪
▼コーディネート
ボトム次第でいろんなコーデに変身するトップスアイテム
デニムで合わせればカジュアルなコーデに♪
フレアスカートと合わせればガーリースタイルが実現◎
------------------------------
生地感：普通
伸縮性：ある
透け感：なし
裏地：なし
------------------------------
▼ブランド紹介
ems excite (エムズエキサイト）
“more fun more cute”
今をもっと楽しく
もっと可愛いくいたい女の子に向けた
girly cuteなブランド
#カットソー #レイヤード #ボーダー #韓国コーデ #カジュアルコーデ #レイヤードコーデ
▼注意事項
※撮影環境やモニター環境によって実際の商品とお色味が多少異なってみえる場合がございます。
品番：EE657111C002　/ 品名：ホルターレイヤード風ボーダーCT"	in stock	999	new	3690 JPY	https://www.retro-girl.jp/item/111348.html	https://img-retro-girl.freetls.fastly.net/retrogirl/image_item/111/111348/11134801_b.jpg	ems excite		https://img-retro-girl.freetls.fastly.net/retrogirl/image_item/111/111348/11134802_b.jpg,https://img-retro-girl.freetls.fastly.net/retrogirl/image_item/111/111348/11134803_b.jpg	トップス > Tシャツ/カットソー	グレー/ボーダー	FREE	アウター部分ポリエステル：89％レーヨン:6％ポリウレタン：5％	adult	female	
EE657111C0025707	EE657111C002	ホルターレイヤード風ボーダーカットソー - ブラウン/ボーダー / FREE	"＜ボーダーデザインで爽やかな秋のレイヤードカットソー＞
▼デザイン
・マリンスタイルにぴったりなボーダーカットソー
・首回りにはホルターネックがついているので、顔周りも華やかに。
・袖丈は長く、指抜きデザインがかっこいい！
・インナー部分のレースがemsらしいワンポイント♪
▼コーディネート
ボトム次第でいろんなコーデに変身するトップスアイテム
デニムで合わせればカジュアルなコーデに♪
フレアスカートと合わせればガーリースタイルが実現◎
------------------------------
生地感：普通
伸縮性：ある
透け感：なし
裏地：なし
------------------------------
▼ブランド紹介
ems excite (エムズエキサイト）
“more fun more cute”
今をもっと楽しく
もっと可愛いくいたい女の子に向けた
girly cuteなブランド
#カットソー #レイヤード #ボーダー #韓国コーデ #カジュアルコーデ #レイヤードコーデ
▼注意事項
※撮影環境やモニター環境によって実際の商品とお色味が多少異なってみえる場合がございます。
品番：EE657111C002　/ 品名：ホルターレイヤード風ボーダーCT"	in stock	999	new	3690 JPY	https://www.retro-girl.jp/item/111348.html	https://img-retro-girl.freetls.fastly.net/retrogirl/image_item/111/111348/11134803_b.jpg	ems excite		https://img-retro-girl.freetls.fastly.net/retrogirl/image_item/111/111348/11134802_b.jpg,https://img-retro-girl.freetls.fastly.net/retrogirl/image_item/111/111348/11134801_b.jpg	トップス > Tシャツ/カットソー	ブラウン/ボーダー	FREE	アウター部分ポリエステル：89％レーヨン:6％ポリウレタン：5％	adult	female	
EF657112G0030207	EF657112G003	キラキラBIGシャギーカーデ - オフホワイト / FREE	"""＜昨年大人気のシャギーカーデが今年も登場！＞
▼デザイン
・昨年大人気を頂いたシャギー素材のカーディガン。
・Vネックで首回りのすっきり空いたデザイン
・長い毛足のシャギー素材は暖かく、触り心地も抜群
・大き目のシルエットで、ヒップラインもカバーしてくれる！
・今年はキラキラ輝くラメ糸がミックスされて、存在感アップ！
・ゆるっとオーバーサイズに羽織ってあざとモテコーデの完成です。
▼コーディネート
深めのVネックでプリントトップスの上から羽織るのもVネックインナーを重ねてチラ見せするのも◎
ビッグシルエットでゆるっと着るスタイリングがおすすめです♪
------------------------------
生地感：厚手
伸縮性：ある
透け感：なし
裏地：なし
------------------------------
▼ブランド紹介
ems excite (エムズエキサイト）
“more fun more cute”
今をもっと楽しく
もっと可愛くいたい女の子に向けた
girly cuteなブランド
#シャギー素材#カーディガン #シャギーカーディガン#シャギー#ふわふわカーデ #ラメカーディガン #キラキラ #ラメ #ニット #ニットトップス
▼注意事項
※撮影環境やモニター環境によって実際の商品とお色味が
多少異なってみえる場合がございます。
※サイズはサンプル品を基に採寸しております。
実際の商品とは若干の誤差が生じる場合がございますので、あらかじめご了承ください。
品番：EF657112G003 / 品名：キラキラBIGシャギーカーデ"	in stock	999	new	5490 JPY	https://www.retro-girl.jp/item/111279.html	https://img-retro-girl.freetls.fastly.net/retrogirl/image_item/111/111279/11127901_b.jpg	ems excite		https://img-retro-girl.freetls.fastly.net/retrogirl/image_item/111/111279/11127902_b.jpg,https://img-retro-girl.freetls.fastly.net/retrogirl/image_item/111/111279/11127903_b.jpg,https://img-retro-girl.freetls.fastly.net/retrogirl/image_item/111/111279/11127904_b.jpg	トップス > カーディガン/ボレロ	オフホワイト	FREE	ナイロン71％ アクリル29％	adult	female	
EF657112G0031207	EF657112G003	キラキラBIGシャギーカーデ - チャコールグレー / FREE	"""＜昨年大人気のシャギーカーデが今年も登場！＞
▼デザイン
・昨年大人気を頂いたシャギー素材のカーディガン。
・Vネックで首回りのすっきり空いたデザイン
・長い毛足のシャギー素材は暖かく、触り心地も抜群
・大き目のシルエットで、ヒップラインもカバーしてくれる！
・今年はキラキラ輝くラメ糸がミックスされて、存在感アップ！
・ゆるっとオーバーサイズに羽織ってあざとモテコーデの完成です。
▼コーディネート
深めのVネックでプリントトップスの上から羽織るのもVネックインナーを重ねてチラ見せするのも◎
ビッグシルエットでゆるっと着るスタイリングがおすすめです♪
------------------------------
生地感：厚手
伸縮性：ある
透け感：なし
裏地：なし
------------------------------
▼ブランド紹介
ems excite (エムズエキサイト）
“more fun more cute”
今をもっと楽しく
もっと可愛くいたい女の子に向けた
girly cuteなブランド
#シャギー素材#カーディガン #シャギーカーディガン#シャギー#ふわふわカーデ #ラメカーディガン #キラキラ #ラメ #ニット #ニットトップス
▼注意事項
※撮影環境やモニター環境によって実際の商品とお色味が
多少異なってみえる場合がございます。
※サイズはサンプル品を基に採寸しております。
実際の商品とは若干の誤差が生じる場合がございますので、あらかじめご了承ください。
品番：EF657112G003 / 品名：キラキラBIGシャギーカーデ"	in stock	999	new	5490 JPY	https://www.retro-girl.jp/item/111279.html	https://img-retro-girl.freetls.fastly.net/retrogirl/image_item/111/111279/11127902_b.jpg	ems excite		https://img-retro-girl.freetls.fastly.net/retrogirl/image_item/111/111279/11127901_b.jpg,https://img-retro-girl.freetls.fastly.net/retrogirl/image_item/111/111279/11127903_b.jpg,https://img-retro-girl.freetls.fastly.net/retrogirl/image_item/111/111279/11127904_b.jpg	トップス > カーディガン/ボレロ	チャコールグレー	FREE	ナイロン71％ アクリル29％	adult	female	
EF657112G0032007	EF657112G003	キラキラBIGシャギーカーデ - ピンク / FREE	"""＜昨年大人気のシャギーカーデが今年も登場！＞
▼デザイン
・昨年大人気を頂いたシャギー素材のカーディガン。
・Vネックで首回りのすっきり空いたデザイン
・長い毛足のシャギー素材は暖かく、触り心地も抜群
・大き目のシルエットで、ヒップラインもカバーしてくれる！
・今年はキラキラ輝くラメ糸がミックスされて、存在感アップ！
・ゆるっとオーバーサイズに羽織ってあざとモテコーデの完成です。
▼コーディネート
深めのVネックでプリントトップスの上から羽織るのもVネックインナーを重ねてチラ見せするのも◎
ビッグシルエットでゆるっと着るスタイリングがおすすめです♪
------------------------------
生地感：厚手
伸縮性：ある
透け感：なし
裏地：なし
------------------------------
▼ブランド紹介
ems excite (エムズエキサイト）
“more fun more cute”
今をもっと楽しく
もっと可愛くいたい女の子に向けた
girly cuteなブランド
#シャギー素材#カーディガン #シャギーカーディガン#シャギー#ふわふわカーデ #ラメカーディガン #キラキラ #ラメ #ニット #ニットトップス
▼注意事項
※撮影環境やモニター環境によって実際の商品とお色味が
多少異なってみえる場合がございます。
※サイズはサンプル品を基に採寸しております。
実際の商品とは若干の誤差が生じる場合がございますので、あらかじめご了承ください。
品番：EF657112G003 / 品名：キラキラBIGシャギーカーデ"	in stock	999	new	5490 JPY	https://www.retro-girl.jp/item/111279.html	https://img-retro-girl.freetls.fastly.net/retrogirl/image_item/111/111279/11127903_b.jpg	ems excite		https://img-retro-girl.freetls.fastly.net/retrogirl/image_item/111/111279/11127901_b.jpg,https://img-retro-girl.freetls.fastly.net/retrogirl/image_item/111/111279/11127902_b.jpg,https://img-retro-girl.freetls.fastly.net/retrogirl/image_item/111/111279/11127904_b.jpg	トップス > カーディガン/ボレロ	ピンク	FREE	ナイロン71％ アクリル29％	adult	female	
EF657112G0038107	EF657112G003	キラキラBIGシャギーカーデ - ライトブルー / FREE	"""＜昨年大人気のシャギーカーデが今年も登場！＞
▼デザイン
・昨年大人気を頂いたシャギー素材のカーディガン。
・Vネックで首回りのすっきり空いたデザイン
・長い毛足のシャギー素材は暖かく、触り心地も抜群
・大き目のシルエットで、ヒップラインもカバーしてくれる！
・今年はキラキラ輝くラメ糸がミックスされて、存在感アップ！
・ゆるっとオーバーサイズに羽織ってあざとモテコーデの完成です。
▼コーディネート
深めのVネックでプリントトップスの上から羽織るのもVネックインナーを重ねてチラ見せするのも◎
ビッグシルエットでゆるっと着るスタイリングがおすすめです♪
------------------------------
生地感：厚手
伸縮性：ある
透け感：なし
裏地：なし
------------------------------
▼ブランド紹介
ems excite (エムズエキサイト）
“more fun more cute”
今をもっと楽しく
もっと可愛くいたい女の子に向けた
girly cuteなブランド
#シャギー素材#カーディガン #シャギーカーディガン#シャギー#ふわふわカーデ #ラメカーディガン #キラキラ #ラメ #ニット #ニットトップス
▼注意事項
※撮影環境やモニター環境によって実際の商品とお色味が
多少異なってみえる場合がございます。
※サイズはサンプル品を基に採寸しております。
実際の商品とは若干の誤差が生じる場合がございますので、あらかじめご了承ください。
品番：EF657112G003 / 品名：キラキラBIGシャギーカーデ"	in stock	999	new	5490 JPY	https://www.retro-girl.jp/item/111279.html	https://img-retro-girl.freetls.fastly.net/retrogirl/image_item/111/111279/11127904_b.jpg	ems excite		https://img-retro-girl.freetls.fastly.net/retrogirl/image_item/111/111279/11127901_b.jpg,https://img-retro-girl.freetls.fastly.net/retrogirl/image_item/111/111279/11127902_b.jpg,https://img-retro-girl.freetls.fastly.net/retrogirl/image_item/111/111279/11127903_b.jpg	トップス > カーディガン/ボレロ	ライトブルー	FREE	ナイロン71％ アクリル29％	adult	female	
RF641512T0027007	RF641512T002	金ボタンニットカーデ - グリーン / FREE	"＜金釦で高級感あるニットカーディガン＞
▼デザイン
・今年トレンドのコンパクトなサイズ感のシンプルカーディガン。
・胸元やフロント部分の金ボタンが目を惹くポイント
・カラー展開も秋らしいシックな３色でご用意！
・どんなコーデにも取り入れやすい♪
▼コーディネート
キャミワンピの上に羽織り、重ね着コーデが今年のトレンド◎
インナーにレースカットソーを着こむのもオシャレ上級者コーデに♪
▼スタイルアップポイント
骨格問わず着用できる定番デザイン！
骨格ストレートさんは、ボタンの上の方を少し開けると、首が長く見えるポイントに！
-----------------------------
生地感：普通
伸縮性：あり
透け感：なし
裏地：なし
------------------------------
▼ブランド紹介
RETRO GIRL (レトロガール）
自分らしい“ベーシックアイテム”と
新しい自分の”トレンドアイテム”が
見つかる場所
今らしいファッションを楽しむ
女性のためのブランド
#金釦 #ニットカーディガン #カーディガン #ゴールドボタン #秋コーデ #秋カラー
▼注意事項
※撮影環境やモニター環境によって実際の商品とお色味が多少異なってみえる場合がございます。
品番：RF641512T002　/ 品名：金ボタンニットカーデ"	in stock	999	new	3690 JPY	https://www.retro-girl.jp/item/111262.html	https://img-retro-girl.freetls.fastly.net/retrogirl/image_item/111/111262/11126203_b.jpg	RETRO GIRL		https://img-retro-girl.freetls.fastly.net/retrogirl/image_item/111/111262/11126201_b.jpg,https://img-retro-girl.freetls.fastly.net/retrogirl/image_item/111/111262/11126202_b.jpg	トップス > ニット/セーター	グリーン	FREE	ポリエステル100％	adult	female	
RF641512T0020407	RF641512T002	金ボタンニットカーデ - エクリュ / FREE	"＜金釦で高級感あるニットカーディガン＞
▼デザイン
・今年トレンドのコンパクトなサイズ感のシンプルカーディガン。
・胸元やフロント部分の金ボタンが目を惹くポイント
・カラー展開も秋らしいシックな３色でご用意！
・どんなコーデにも取り入れやすい♪
▼コーディネート
キャミワンピの上に羽織り、重ね着コーデが今年のトレンド◎
インナーにレースカットソーを着こむのもオシャレ上級者コーデに♪
▼スタイルアップポイント
骨格問わず着用できる定番デザイン！
骨格ストレートさんは、ボタンの上の方を少し開けると、首が長く見えるポイントに！
-----------------------------
生地感：普通
伸縮性：あり
透け感：なし
裏地：なし
------------------------------
▼ブランド紹介
RETRO GIRL (レトロガール）
自分らしい“ベーシックアイテム”と
新しい自分の”トレンドアイテム”が
見つかる場所
今らしいファッションを楽しむ
女性のためのブランド
#金釦 #ニットカーディガン #カーディガン #ゴールドボタン #秋コーデ #秋カラー
▼注意事項
※撮影環境やモニター環境によって実際の商品とお色味が多少異なってみえる場合がございます。
品番：RF641512T002　/ 品名：金ボタンニットカーデ"	in stock	999	new	3690 JPY	https://www.retro-girl.jp/item/111262.html	https://img-retro-girl.freetls.fastly.net/retrogirl/image_item/111/111262/11126201_b.jpg	RETRO GIRL		https://img-retro-girl.freetls.fastly.net/retrogirl/image_item/111/111262/11126203_b.jpg,https://img-retro-girl.freetls.fastly.net/retrogirl/image_item/111/111262/11126202_b.jpg	トップス > ニット/セーター	エクリュ	FREE	ポリエステル100％	adult	female	
RF641512T0023007	RF641512T002	金ボタンニットカーデ - レッド / FREE	"＜金釦で高級感あるニットカーディガン＞
▼デザイン
・今年トレンドのコンパクトなサイズ感のシンプルカーディガン。
・胸元やフロント部分の金ボタンが目を惹くポイント
・カラー展開も秋らしいシックな３色でご用意！
・どんなコーデにも取り入れやすい♪
▼コーディネート
キャミワンピの上に羽織り、重ね着コーデが今年のトレンド◎
インナーにレースカットソーを着こむのもオシャレ上級者コーデに♪
▼スタイルアップポイント
骨格問わず着用できる定番デザイン！
骨格ストレートさんは、ボタンの上の方を少し開けると、首が長く見えるポイントに！
-----------------------------
生地感：普通
伸縮性：あり
透け感：なし
裏地：なし
------------------------------
▼ブランド紹介
RETRO GIRL (レトロガール）
自分らしい“ベーシックアイテム”と
新しい自分の”トレンドアイテム”が
見つかる場所
今らしいファッションを楽しむ
女性のためのブランド
#金釦 #ニットカーディガン #カーディガン #ゴールドボタン #秋コーデ #秋カラー
▼注意事項
※撮影環境やモニター環境によって実際の商品とお色味が多少異なってみえる場合がございます。
品番：RF641512T002　/ 品名：金ボタンニットカーデ"	in stock	999	new	3690 JPY	https://www.retro-girl.jp/item/111262.html	https://img-retro-girl.freetls.fastly.net/retrogirl/image_item/111/111262/11126202_b.jpg	RETRO GIRL		https://img-retro-girl.freetls.fastly.net/retrogirl/image_item/111/111262/11126203_b.jpg,https://img-retro-girl.freetls.fastly.net/retrogirl/image_item/111/111262/11126201_b.jpg	トップス > ニット/セーター	レッド	FREE	ポリエステル100％	adult	female	
EW680021G0040207	EW680021G004	ノーカラーフェイクファーコート - オフホワイト / FREE	"""〈フェイクファーで触り心地抜群！冬素材アウター〉
▼デザイン
・ノーカーラーでスッキリした首回り
・フロント部分のボタンで着脱可能です
・ポケットもついていて、実用性もあるデザイン
・モコモコした素材感で真冬も嬉しい防寒力！
▼コーディネート
ミニ丈ボトムと相性バッチリなジャケットアイテム！
あえてデニムに合わせて韓国っぽいカジュアルコーデもオススメです
------------------------------
生地感：やや厚手
伸縮性：なし
透け感：なし
裏地：ある
------------------------------
▼ブランド紹介
ems excite (エムズエキサイト）
“more fun more cute”
今をもっと楽しく
もっと可愛くいたい女の子に向けた
girly cuteなブランド
#ジャケット #ツイードジャケット #韓国コーデ #アウターアイテム #フェィクファー #モコモコ #冬ジャケット
▼注意事項
※撮影環境やモニター環境によって実際の商品とお色味が
多少異なってみえる場合がございます。
※サイズはサンプル品を基に採寸しております。
実際の商品とは若干の誤差が生じる場合がございますので、あらかじめご了承ください。
品番：EW680021G004　 / 品名：ノーカラーフェイクファーコート
"""	in stock	999	new	7390 JPY	https://www.retro-girl.jp/item/111284.html	https://img-retro-girl.freetls.fastly.net/retrogirl/image_item/111/111284/11128401_b.jpg	ems excite		https://img-retro-girl.freetls.fastly.net/retrogirl/image_item/111/111284/11128402_b.jpg,https://img-retro-girl.freetls.fastly.net/retrogirl/image_item/111/111284/11128403_b.jpg	ジャケット/アウター > ノーカラーコート	オフホワイト	FREE		adult	female	
EW680021G0040907	EW680021G004	ノーカラーフェイクファーコート - ブラック / FREE	"""〈フェイクファーで触り心地抜群！冬素材アウター〉
▼デザイン
・ノーカーラーでスッキリした首回り
・フロント部分のボタンで着脱可能です
・ポケットもついていて、実用性もあるデザイン
・モコモコした素材感で真冬も嬉しい防寒力！
▼コーディネート
ミニ丈ボトムと相性バッチリなジャケットアイテム！
あえてデニムに合わせて韓国っぽいカジュアルコーデもオススメです
------------------------------
生地感：やや厚手
伸縮性：なし
透け感：なし
裏地：ある
------------------------------
▼ブランド紹介
ems excite (エムズエキサイト）
“more fun more cute”
今をもっと楽しく
もっと可愛くいたい女の子に向けた
girly cuteなブランド
#ジャケット #ツイードジャケット #韓国コーデ #アウターアイテム #フェィクファー #モコモコ #冬ジャケット
▼注意事項
※撮影環境やモニター環境によって実際の商品とお色味が
多少異なってみえる場合がございます。
※サイズはサンプル品を基に採寸しております。
実際の商品とは若干の誤差が生じる場合がございますので、あらかじめご了承ください。
品番：EW680021G004　 / 品名：ノーカラーフェイクファーコート
"""	in stock	999	new	7390 JPY	https://www.retro-girl.jp/item/111284.html	https://img-retro-girl.freetls.fastly.net/retrogirl/image_item/111/111284/11128402_b.jpg	ems excite		https://img-retro-girl.freetls.fastly.net/retrogirl/image_item/111/111284/11128401_b.jpg,https://img-retro-girl.freetls.fastly.net/retrogirl/image_item/111/111284/11128403_b.jpg	ジャケット/アウター > ノーカラーコート	ブラック	FREE		adult	female	
EW680021G0045407	EW680021G004	ノーカラーフェイクファーコート - ベージュ / FREE	"""〈フェイクファーで触り心地抜群！冬素材アウター〉
▼デザイン
・ノーカーラーでスッキリした首回り
・フロント部分のボタンで着脱可能です
・ポケットもついていて、実用性もあるデザイン
・モコモコした素材感で真冬も嬉しい防寒力！
▼コーディネート
ミニ丈ボトムと相性バッチリなジャケットアイテム！
あえてデニムに合わせて韓国っぽいカジュアルコーデもオススメです
------------------------------
生地感：やや厚手
伸縮性：なし
透け感：なし
裏地：ある
------------------------------
▼ブランド紹介
ems excite (エムズエキサイト）
“more fun more cute”
今をもっと楽しく
もっと可愛くいたい女の子に向けた
girly cuteなブランド
#ジャケット #ツイードジャケット #韓国コーデ #アウターアイテム #フェィクファー #モコモコ #冬ジャケット
▼注意事項
※撮影環境やモニター環境によって実際の商品とお色味が
多少異なってみえる場合がございます。
※サイズはサンプル品を基に採寸しております。
実際の商品とは若干の誤差が生じる場合がございますので、あらかじめご了承ください。
品番：EW680021G004　 / 品名：ノーカラーフェイクファーコート
"""	in stock	999	new	7390 JPY	https://www.retro-girl.jp/item/111284.html	https://img-retro-girl.freetls.fastly.net/retrogirl/image_item/111/111284/11128403_b.jpg	ems excite		https://img-retro-girl.freetls.fastly.net/retrogirl/image_item/111/111284/11128401_b.jpg,https://img-retro-girl.freetls.fastly.net/retrogirl/image_item/111/111284/11128402_b.jpg	ジャケット/アウター > ノーカラーコート	ベージュ	FREE		adult	female	
EL656122C0015607	EL656122C001	チェックラッフルミニキャミワンピース - ブラウン/チェック / FREE	"＜揺れるフリルが目を惹く秋見えワンピ＞
▼デザイン
・たっぷりと重ねたフリルが可愛いチェック柄のキャミワンピース。
・サイドに長く垂れるフリルが動きのある華やかなシルエットを演出。
・バックはシャーリング仕様ゴムで、すっきりとフィットするシルエットに仕上げました。
▼コーディネート
ショートボトムを合わせてワンピースを主役にしたガーリーなスタイリングがおすすめ。
デニムをレイヤードしてチュニックとして着用したり、
足元をスニーカーやブーツに変えることでカジュアルな着こなしも楽しめます。
------------------------------
生地感：普通
伸縮性：背中部分にあり
透け感：なし
裏地：なし
------------------------------
▼ブランド紹介
ems excite (エムズエキサイト）
“more fun more cute”
今をもっと楽しく
もっと可愛いくいたい女の子に向けた
girly cuteなブランド
#ミニワンピース #ワンピース #キャミワンピース #レイヤード #チェック柄  #夏コーデ
▼注意事項
※撮影環境やモニター環境によって実際の商品とお色味が多少異なってみえる場合がございます。
品番：EL656122C001　/ 品名：チェックラッフルミニキャミOP"	in stock	999	new	4390 JPY	https://www.retro-girl.jp/item/111292.html	https://img-retro-girl.freetls.fastly.net/retrogirl/image_item/111/111292/11129202_b.jpg	ems excite		https://img-retro-girl.freetls.fastly.net/retrogirl/image_item/111/111292/11129201_b.jpg	ワンピース/ドレス > ミニワンピース	ブラウン/チェック	FREE	ポリエステル：100％	adult	female	
EL656122C0011607	EL656122C001	チェックラッフルミニキャミワンピース - ブラック/チェック / FREE	"＜揺れるフリルが目を惹く秋見えワンピ＞
▼デザイン
・たっぷりと重ねたフリルが可愛いチェック柄のキャミワンピース。
・サイドに長く垂れるフリルが動きのある華やかなシルエットを演出。
・バックはシャーリング仕様ゴムで、すっきりとフィットするシルエットに仕上げました。
▼コーディネート
ショートボトムを合わせてワンピースを主役にしたガーリーなスタイリングがおすすめ。
デニムをレイヤードしてチュニックとして着用したり、
足元をスニーカーやブーツに変えることでカジュアルな着こなしも楽しめます。
------------------------------
生地感：普通
伸縮性：背中部分にあり
透け感：なし
裏地：なし
------------------------------
▼ブランド紹介
ems excite (エムズエキサイト）
“more fun more cute”
今をもっと楽しく
もっと可愛いくいたい女の子に向けた
girly cuteなブランド
#ミニワンピース #ワンピース #キャミワンピース #レイヤード #チェック柄  #夏コーデ
▼注意事項
※撮影環境やモニター環境によって実際の商品とお色味が多少異なってみえる場合がございます。
品番：EL656122C001　/ 品名：チェックラッフルミニキャミOP"	in stock	999	new	4390 JPY	https://www.retro-girl.jp/item/111292.html	https://img-retro-girl.freetls.fastly.net/retrogirl/image_item/111/111292/11129201_b.jpg	ems excite		https://img-retro-girl.freetls.fastly.net/retrogirl/image_item/111/111292/11129202_b.jpg	ワンピース/ドレス > ミニワンピース	ブラック/チェック	FREE	ポリエステル：100％	adult	female	
EF657112G0013207	EF657112G001	ラメ混ケーブルNTPO - ダークレッド / FREE	"〈キラキララメが目を惹くケーブルニットプルオーバー〉
▼デザイン
・昨年も大人気を頂いたケーブルニットアイテム。
・胸元にはemsオリジナルのロゴ刺繍が施されています。
・刺繍も同色でシンプルなデザインで合わせやすい
・中にシャツやブラウスを着こんで気温調節も可能！
▼コーディネート
ボトムは、定番のフレアスカートやプリーツスカートで！
スクールガールコーデにおすすめ！
------------------------------
生地感：普通
伸縮性：ある
透け感：なし
裏地：なし
------------------------------
▼ブランド紹介
ems excite (エムズエキサイト）
“more fun more cute”
今をもっと楽しく
もっと可愛くいたい女の子に向けた
girly cuteなブランド
#ケーブルニット #ニット #刺繍 #emsオリジナルアイテム #ケーブル編み #ニットコーデ #スクールコーデ
▼注意事項
※撮影環境やモニター環境によって実際の商品とお色味が
多少異なってみえる場合がございます。
※サイズはサンプル品を基に採寸しております。
実際の商品とは若干の誤差が生じる場合がございますので、あらかじめご了承ください。
品番：EF657112G001　 / 品名：ラメ混ケーブルNTPO"	in stock	999	new	3990 JPY	https://www.retro-girl.jp/item/111283.html	https://img-retro-girl.freetls.fastly.net/retrogirl/image_item/111/111283/11128302_b.jpg	ems excite		https://img-retro-girl.freetls.fastly.net/retrogirl/image_item/111/111283/11128301_b.jpg,https://img-retro-girl.freetls.fastly.net/retrogirl/image_item/111/111283/11128303_b.jpg,https://img-retro-girl.freetls.fastly.net/retrogirl/image_item/111/111283/11128304_b.jpg	トップス > ニット/セーター	ダークレッド	FREE		adult	female	
EF657112G0011107	EF657112G001	ラメ混ケーブルNTPO - ダークグレー / FREE	"〈キラキララメが目を惹くケーブルニットプルオーバー〉
▼デザイン
・昨年も大人気を頂いたケーブルニットアイテム。
・胸元にはemsオリジナルのロゴ刺繍が施されています。
・刺繍も同色でシンプルなデザインで合わせやすい
・中にシャツやブラウスを着こんで気温調節も可能！
▼コーディネート
ボトムは、定番のフレアスカートやプリーツスカートで！
スクールガールコーデにおすすめ！
------------------------------
生地感：普通
伸縮性：ある
透け感：なし
裏地：なし
------------------------------
▼ブランド紹介
ems excite (エムズエキサイト）
“more fun more cute”
今をもっと楽しく
もっと可愛くいたい女の子に向けた
girly cuteなブランド
#ケーブルニット #ニット #刺繍 #emsオリジナルアイテム #ケーブル編み #ニットコーデ #スクールコーデ
▼注意事項
※撮影環境やモニター環境によって実際の商品とお色味が
多少異なってみえる場合がございます。
※サイズはサンプル品を基に採寸しております。
実際の商品とは若干の誤差が生じる場合がございますので、あらかじめご了承ください。
品番：EF657112G001　 / 品名：ラメ混ケーブルNTPO"	in stock	999	new	3990 JPY	https://www.retro-girl.jp/item/111283.html	https://img-retro-girl.freetls.fastly.net/retrogirl/image_item/111/111283/11128301_b.jpg	ems excite		https://img-retro-girl.freetls.fastly.net/retrogirl/image_item/111/111283/11128302_b.jpg,https://img-retro-girl.freetls.fastly.net/retrogirl/image_item/111/111283/11128303_b.jpg,https://img-retro-girl.freetls.fastly.net/retrogirl/image_item/111/111283/11128304_b.jpg	トップス > ニット/セーター	ダークグレー	FREE		adult	female	
EF657112G0015007	EF657112G001	ラメ混ケーブルNTPO - ブラウン / FREE	"〈キラキララメが目を惹くケーブルニットプルオーバー〉
▼デザイン
・昨年も大人気を頂いたケーブルニットアイテム。
・胸元にはemsオリジナルのロゴ刺繍が施されています。
・刺繍も同色でシンプルなデザインで合わせやすい
・中にシャツやブラウスを着こんで気温調節も可能！
▼コーディネート
ボトムは、定番のフレアスカートやプリーツスカートで！
スクールガールコーデにおすすめ！
------------------------------
生地感：普通
伸縮性：ある
透け感：なし
裏地：なし
------------------------------
▼ブランド紹介
ems excite (エムズエキサイト）
“more fun more cute”
今をもっと楽しく
もっと可愛くいたい女の子に向けた
girly cuteなブランド
#ケーブルニット #ニット #刺繍 #emsオリジナルアイテム #ケーブル編み #ニットコーデ #スクールコーデ
▼注意事項
※撮影環境やモニター環境によって実際の商品とお色味が
多少異なってみえる場合がございます。
※サイズはサンプル品を基に採寸しております。
実際の商品とは若干の誤差が生じる場合がございますので、あらかじめご了承ください。
品番：EF657112G001　 / 品名：ラメ混ケーブルNTPO"	in stock	999	new	3990 JPY	https://www.retro-girl.jp/item/111283.html	https://img-retro-girl.freetls.fastly.net/retrogirl/image_item/111/111283/11128303_b.jpg	ems excite		https://img-retro-girl.freetls.fastly.net/retrogirl/image_item/111/111283/11128302_b.jpg,https://img-retro-girl.freetls.fastly.net/retrogirl/image_item/111/111283/11128301_b.jpg,https://img-retro-girl.freetls.fastly.net/retrogirl/image_item/111/111283/11128304_b.jpg	トップス > ニット/セーター	ブラウン	FREE		adult	female	
EF657112G0018207	EF657112G001	ラメ混ケーブルNTPO - ダークブルー / FREE	"〈キラキララメが目を惹くケーブルニットプルオーバー〉
▼デザイン
・昨年も大人気を頂いたケーブルニットアイテム。
・胸元にはemsオリジナルのロゴ刺繍が施されています。
・刺繍も同色でシンプルなデザインで合わせやすい
・中にシャツやブラウスを着こんで気温調節も可能！
▼コーディネート
ボトムは、定番のフレアスカートやプリーツスカートで！
スクールガールコーデにおすすめ！
------------------------------
生地感：普通
伸縮性：ある
透け感：なし
裏地：なし
------------------------------
▼ブランド紹介
ems excite (エムズエキサイト）
“more fun more cute”
今をもっと楽しく
もっと可愛くいたい女の子に向けた
girly cuteなブランド
#ケーブルニット #ニット #刺繍 #emsオリジナルアイテム #ケーブル編み #ニットコーデ #スクールコーデ
▼注意事項
※撮影環境やモニター環境によって実際の商品とお色味が
多少異なってみえる場合がございます。
※サイズはサンプル品を基に採寸しております。
実際の商品とは若干の誤差が生じる場合がございますので、あらかじめご了承ください。
品番：EF657112G001　 / 品名：ラメ混ケーブルNTPO"	in stock	999	new	3990 JPY	https://www.retro-girl.jp/item/111283.html	https://img-retro-girl.freetls.fastly.net/retrogirl/image_item/111/111283/11128304_b.jpg	ems excite		https://img-retro-girl.freetls.fastly.net/retrogirl/image_item/111/111283/11128302_b.jpg,https://img-retro-girl.freetls.fastly.net/retrogirl/image_item/111/111283/11128301_b.jpg,https://img-retro-girl.freetls.fastly.net/retrogirl/image_item/111/111283/11128303_b.jpg	トップス > ニット/セーター	ダークブルー	FREE		adult	female	
EE661523C0011307	EE661523C001	リボンビスチェ＆インナーSET - グレー/チェック / FREE	"＜2wayでアレンジできるチェック柄ビスチェのセットアイテム＞
▼デザイン
・ems exciteで毎回大人気を頂くセットアイテム。
・フロントリボンにしても、バックリボンにしても可愛いビスチェアイテム！
・シアーインナーは袖口がフレアシルエットで、ワンポイントになるデザイン
・バスト部分はシャーリングデザインになっていて、伸縮性も抜群◎
・別々でも着用できる着回し力が光るアイテム
▼コーディネート
セットでの着用がおすすめのアイテム！
シーズンに合わせてインナーをTシャツやキャミソールに切り替えることで、オールシーズン着用可能です！
------------------------------
生地感：ビスチェ：普通　インナー：薄手
伸縮性：ビスチェ：ある　インナー：なし
透け感：ビスチェ：なし　インナー：ある
裏地：なし
------------------------------
▼ブランド紹介
ems excite (エムズエキサイト）
“more fun more cute”
今をもっと楽しく
もっと可愛くいたい女の子に向けた
girly cuteなブランド
#リボン #チェック #チェック柄 #ビスチェ #バックリボン #レイヤード #夏コーデ #2way #シアーインナー #シアーデザイン
▼注意事項
※撮影環境やモニター環境によって実際の商品とお色味が
多少異なってみえる場合がございます。
品番：EE661523C001　/ 品名：リボンビスチェ＆インナーSET"	in stock	999	new	4990 JPY	https://www.retro-girl.jp/item/111357.html	https://img-retro-girl.freetls.fastly.net/retrogirl/image_item/111/111357/11135701_b.jpg	ems excite		https://img-retro-girl.freetls.fastly.net/retrogirl/image_item/111/111357/11135702_b.jpg	トップス > シャツ/ブラウス	グレー/チェック	FREE	ビスチェ：ポリエステル80％ レーヨン20％インナー：ポリエステル95％ ポリウレタン5％	adult	female	
EE661523C0015607	EE661523C001	リボンビスチェ＆インナーSET - ブラウン/チェック / FREE	"＜2wayでアレンジできるチェック柄ビスチェのセットアイテム＞
▼デザイン
・ems exciteで毎回大人気を頂くセットアイテム。
・フロントリボンにしても、バックリボンにしても可愛いビスチェアイテム！
・シアーインナーは袖口がフレアシルエットで、ワンポイントになるデザイン
・バスト部分はシャーリングデザインになっていて、伸縮性も抜群◎
・別々でも着用できる着回し力が光るアイテム
▼コーディネート
セットでの着用がおすすめのアイテム！
シーズンに合わせてインナーをTシャツやキャミソールに切り替えることで、オールシーズン着用可能です！
------------------------------
生地感：ビスチェ：普通　インナー：薄手
伸縮性：ビスチェ：ある　インナー：なし
透け感：ビスチェ：なし　インナー：ある
裏地：なし
------------------------------
▼ブランド紹介
ems excite (エムズエキサイト）
“more fun more cute”
今をもっと楽しく
もっと可愛くいたい女の子に向けた
girly cuteなブランド
#リボン #チェック #チェック柄 #ビスチェ #バックリボン #レイヤード #夏コーデ #2way #シアーインナー #シアーデザイン
▼注意事項
※撮影環境やモニター環境によって実際の商品とお色味が
多少異なってみえる場合がございます。
品番：EE661523C001　/ 品名：リボンビスチェ＆インナーSET"	in stock	999	new	4990 JPY	https://www.retro-girl.jp/item/111357.html	https://img-retro-girl.freetls.fastly.net/retrogirl/image_item/111/111357/11135702_b.jpg	ems excite		https://img-retro-girl.freetls.fastly.net/retrogirl/image_item/111/111357/11135701_b.jpg	トップス > シャツ/ブラウス	ブラウン/チェック	FREE	ビスチェ：ポリエステル80％ レーヨン20％インナー：ポリエステル95％ ポリウレタン5％	adult	female	
EL634832C0018302	EL634832C001	【セットアップ対応】裾スリットフリルデニムパンツ - ブリーチ / S	"＜裾のレースがガーリーなデニムパンツ。＞
▼デザイン
・裾に向かって広がるフレアシルエットのデニムパンツ
・スリット部分から見えるレースが女性らしいワンポイント！
・ポケットもついていて、実用性も◎
・サイズ展開もあり、ぴったりサイズをセレクト♪
▼コーディネート
どんなトップスとも合わせていただける定番のデニムアイテム。
レース付デニムビスチェと合わせることで、セットアップコーデが完成です。
------------------------------
生地感：普通
伸縮性：なし
透け感：なし
裏地：なし
------------------------------
▼ブランド紹介
ems excite (エムズエキサイト）
“more fun more cute”
今をもっと楽しく
もっと可愛くいたい女の子に向けた
girly cuteなブランド
#デニムパンツ #デニムコーデ #デニムセットアップ #デニム #フレアデニム #レースデニム
▼注意事項
※撮影環境やモニター環境によって実際の商品とお色味が多少異なってみえる場合がございます。
品番：EL634832C001　/ 品名：裾スリットフリルデニムパンツ"	in stock	999	new	5590 JPY	https://www.retro-girl.jp/item/111269.html	https://img-retro-girl.freetls.fastly.net/retrogirl/image_item/111/111269/11126901_b.jpg	ems excite		https://img-retro-girl.freetls.fastly.net/retrogirl/image_item/111/111269/11126902_b.jpg	パンツ > デニムパンツ	ブリーチ	S	本体　綿:100％　レース　ポリエステル：100％	adult	female	
EL634832C0018303	EL634832C001	【セットアップ対応】裾スリットフリルデニムパンツ - ブリーチ / M	"＜裾のレースがガーリーなデニムパンツ。＞
▼デザイン
・裾に向かって広がるフレアシルエットのデニムパンツ
・スリット部分から見えるレースが女性らしいワンポイント！
・ポケットもついていて、実用性も◎
・サイズ展開もあり、ぴったりサイズをセレクト♪
▼コーディネート
どんなトップスとも合わせていただける定番のデニムアイテム。
レース付デニムビスチェと合わせることで、セットアップコーデが完成です。
------------------------------
生地感：普通
伸縮性：なし
透け感：なし
裏地：なし
------------------------------
▼ブランド紹介
ems excite (エムズエキサイト）
“more fun more cute”
今をもっと楽しく
もっと可愛くいたい女の子に向けた
girly cuteなブランド
#デニムパンツ #デニムコーデ #デニムセットアップ #デニム #フレアデニム #レースデニム
▼注意事項
※撮影環境やモニター環境によって実際の商品とお色味が多少異なってみえる場合がございます。
品番：EL634832C001　/ 品名：裾スリットフリルデニムパンツ"	in stock	999	new	5590 JPY	https://www.retro-girl.jp/item/111269.html	https://img-retro-girl.freetls.fastly.net/retrogirl/image_item/111/111269/11126901_b.jpg	ems excite		https://img-retro-girl.freetls.fastly.net/retrogirl/image_item/111/111269/11126902_b.jpg	パンツ > デニムパンツ	ブリーチ	M	本体　綿:100％　レース　ポリエステル：100％	adult	female	
EL634832C0018502	EL634832C001	【セットアップ対応】裾スリットフリルデニムパンツ - インディゴブルー / S	"＜裾のレースがガーリーなデニムパンツ。＞
▼デザイン
・裾に向かって広がるフレアシルエットのデニムパンツ
・スリット部分から見えるレースが女性らしいワンポイント！
・ポケットもついていて、実用性も◎
・サイズ展開もあり、ぴったりサイズをセレクト♪
▼コーディネート
どんなトップスとも合わせていただける定番のデニムアイテム。
レース付デニムビスチェと合わせることで、セットアップコーデが完成です。
------------------------------
生地感：普通
伸縮性：なし
透け感：なし
裏地：なし
------------------------------
▼ブランド紹介
ems excite (エムズエキサイト）
“more fun more cute”
今をもっと楽しく
もっと可愛くいたい女の子に向けた
girly cuteなブランド
#デニムパンツ #デニムコーデ #デニムセットアップ #デニム #フレアデニム #レースデニム
▼注意事項
※撮影環境やモニター環境によって実際の商品とお色味が多少異なってみえる場合がございます。
品番：EL634832C001　/ 品名：裾スリットフリルデニムパンツ"	in stock	999	new	5590 JPY	https://www.retro-girl.jp/item/111269.html	https://img-retro-girl.freetls.fastly.net/retrogirl/image_item/111/111269/11126902_b.jpg	ems excite		https://img-retro-girl.freetls.fastly.net/retrogirl/image_item/111/111269/11126901_b.jpg	パンツ > デニムパンツ	インディゴブルー	S	本体　綿:100％　レース　ポリエステル：100％	adult	female	
EL634832C0018503	EL634832C001	【セットアップ対応】裾スリットフリルデニムパンツ - インディゴブルー / M	"＜裾のレースがガーリーなデニムパンツ。＞
▼デザイン
・裾に向かって広がるフレアシルエットのデニムパンツ
・スリット部分から見えるレースが女性らしいワンポイント！
・ポケットもついていて、実用性も◎
・サイズ展開もあり、ぴったりサイズをセレクト♪
▼コーディネート
どんなトップスとも合わせていただける定番のデニムアイテム。
レース付デニムビスチェと合わせることで、セットアップコーデが完成です。
------------------------------
生地感：普通
伸縮性：なし
透け感：なし
裏地：なし
------------------------------
▼ブランド紹介
ems excite (エムズエキサイト）
“more fun more cute”
今をもっと楽しく
もっと可愛くいたい女の子に向けた
girly cuteなブランド
#デニムパンツ #デニムコーデ #デニムセットアップ #デニム #フレアデニム #レースデニム
▼注意事項
※撮影環境やモニター環境によって実際の商品とお色味が多少異なってみえる場合がございます。
品番：EL634832C001　/ 品名：裾スリットフリルデニムパンツ"	in stock	999	new	5590 JPY	https://www.retro-girl.jp/item/111269.html	https://img-retro-girl.freetls.fastly.net/retrogirl/image_item/111/111269/11126902_b.jpg	ems excite		https://img-retro-girl.freetls.fastly.net/retrogirl/image_item/111/111269/11126901_b.jpg	パンツ > デニムパンツ	インディゴブルー	M	本体　綿:100％　レース　ポリエステル：100％	adult	female	
EL641531C0011607	EL641531C001	【セットアップ対応】切替ティアードチェックミニスカート - ブラック/チェック / FREE	"＜裾フリルが可愛いティアードミニスカート＞
▼デザイン
・裾のフリルでボリューム感あるスカート
・オリジナルのプレートがついていて、emsらしいワンポイント
・後ろはゴムになっていて、伸縮性抜群！
・途中までタイトなシルエットなので、ヒップ周りのボリューム感を拾わないシルエット！
▼コーディネート
裾レースドッキングカットソーと合わせれば、セットアップコーデに。
チェック柄は華やかなので、シンプルなトップスとも合わせて頂けます。
------------------------------
生地感：普通
伸縮性：なし
透け感：なし
インパン：ある
------------------------------
▼ブランド紹介
ems excite (エムズエキサイト）
“more fun more cute”
今をもっと楽しく
もっと可愛くいたい女の子に向けた
girly cuteなブランド
#ティアードスカート #フリルスカート #チェック柄 #プレート付き
▼注意事項
※撮影環境やモニター環境によって実際の商品とお色味が
多少異なってみえる場合がございます。
品番：EL641531C001　/ 品名：切替ティアードチェックミニスカート"	in stock	999	new	4590 JPY	https://www.retro-girl.jp/item/111245.html	https://img-retro-girl.freetls.fastly.net/retrogirl/image_item/111/111245/11124501_b.jpg	ems excite	4090 JPY	https://img-retro-girl.freetls.fastly.net/retrogirl/image_item/111/111245/11124502_b.jpg,https://img-retro-girl.freetls.fastly.net/retrogirl/image_item/111/111245/11124503_b.jpg	スカート > ミニスカート	ブラック/チェック	FREE		adult	female	
EL641531C0015607	EL641531C001	【セットアップ対応】切替ティアードチェックミニスカート - ブラウン/チェック / FREE	"＜裾フリルが可愛いティアードミニスカート＞
▼デザイン
・裾のフリルでボリューム感あるスカート
・オリジナルのプレートがついていて、emsらしいワンポイント
・後ろはゴムになっていて、伸縮性抜群！
・途中までタイトなシルエットなので、ヒップ周りのボリューム感を拾わないシルエット！
▼コーディネート
裾レースドッキングカットソーと合わせれば、セットアップコーデに。
チェック柄は華やかなので、シンプルなトップスとも合わせて頂けます。
------------------------------
生地感：普通
伸縮性：なし
透け感：なし
インパン：ある
------------------------------
▼ブランド紹介
ems excite (エムズエキサイト）
“more fun more cute”
今をもっと楽しく
もっと可愛くいたい女の子に向けた
girly cuteなブランド
#ティアードスカート #フリルスカート #チェック柄 #プレート付き
▼注意事項
※撮影環境やモニター環境によって実際の商品とお色味が
多少異なってみえる場合がございます。
品番：EL641531C001　/ 品名：切替ティアードチェックミニスカート"	in stock	999	new	4590 JPY	https://www.retro-girl.jp/item/111245.html	https://img-retro-girl.freetls.fastly.net/retrogirl/image_item/111/111245/11124502_b.jpg	ems excite	4090 JPY	https://img-retro-girl.freetls.fastly.net/retrogirl/image_item/111/111245/11124501_b.jpg,https://img-retro-girl.freetls.fastly.net/retrogirl/image_item/111/111245/11124503_b.jpg	スカート > ミニスカート	ブラウン/チェック	FREE		adult	female	
EL641531C0018607	EL641531C001	【セットアップ対応】切替ティアードチェックミニスカート - ブルー/チェック / FREE	"＜裾フリルが可愛いティアードミニスカート＞
▼デザイン
・裾のフリルでボリューム感あるスカート
・オリジナルのプレートがついていて、emsらしいワンポイント
・後ろはゴムになっていて、伸縮性抜群！
・途中までタイトなシルエットなので、ヒップ周りのボリューム感を拾わないシルエット！
▼コーディネート
裾レースドッキングカットソーと合わせれば、セットアップコーデに。
チェック柄は華やかなので、シンプルなトップスとも合わせて頂けます。
------------------------------
生地感：普通
伸縮性：なし
透け感：なし
インパン：ある
------------------------------
▼ブランド紹介
ems excite (エムズエキサイト）
“more fun more cute”
今をもっと楽しく
もっと可愛くいたい女の子に向けた
girly cuteなブランド
#ティアードスカート #フリルスカート #チェック柄 #プレート付き
▼注意事項
※撮影環境やモニター環境によって実際の商品とお色味が
多少異なってみえる場合がございます。
品番：EL641531C001　/ 品名：切替ティアードチェックミニスカート"	in stock	999	new	4590 JPY	https://www.retro-girl.jp/item/111245.html	https://img-retro-girl.freetls.fastly.net/retrogirl/image_item/111/111245/11124503_b.jpg	ems excite	4090 JPY	https://img-retro-girl.freetls.fastly.net/retrogirl/image_item/111/111245/11124501_b.jpg,https://img-retro-girl.freetls.fastly.net/retrogirl/image_item/111/111245/11124502_b.jpg	スカート > ミニスカート	ブルー/チェック	FREE		adult	female	
RE661723B0010907	RE661723B001	肩フリルブラウス - ブラック / FREE	"＜大胆なからフリルが目を惹くフェミニンブラウス＞
▼デザイン
・大きく空いたVネックで顔周りがすっきり！
・ウエストの高い位置にシャーリングが入っているので、スタイルアップ効果も！
・肩紐は太く、インナーも目立ちにくいのが嬉しい
・後ろはリボンでとめられるので、肩から落ちる心配も不要◎
▼コーディネート
フェミニンなスタイリングにおすすめのブラウス！
スラックスパンツやスカートと合わせるのがおすすめ◎
▼スタイルアップポイント
ストレートさんが得意なスクエアネックになるアイテム
二の腕もカバーしてくれる肩フリルデザインが嬉しいポイント！
肩紐は太みで、ウェーブさんが着ても華奢になり過ぎず、全骨格バランスの取れるアイテム！
------------------------------
生地感：普通
伸縮性：ある
透け感：なし
裏地：なし
------------------------------
▼ブランド紹介
RETRO GIRL (レトロガール）
自分らしい“ベーシックアイテム”と
新しい自分の”トレンドアイテム”が
見つかる場所
今らしいファッションを楽しむ
女性のためのブランド
▼SNS
新着アイテムやお得なセール情報を配信中♪
【公式 Instagram】
＠retrogirl_official
【公式 TikTok】
@retrogirl_official
#ブラウス #ビスチェ #ブラウス #ノースリーブ #バックリボン #Vネック
▼注意事項
※撮影環境やモニター環境によって実際の商品とお色味が
多少異なってみえる場合がございます。
品番：RE661723B001　/ 品名：肩フリルブラウス"	in stock	999	new	3080 JPY	https://www.retro-girl.jp/item/111265.html	https://img-retro-girl.freetls.fastly.net/retrogirl/image_item/111/111265/11126502_b.jpg	RETRO GIRL	1540 JPY	https://img-retro-girl.freetls.fastly.net/retrogirl/image_item/111/111265/11126501_b.jpg,https://img-retro-girl.freetls.fastly.net/retrogirl/image_item/111/111265/11126503_b.jpg	トップス > シャツ/ブラウス	ブラック	FREE	ポリエステル100％	adult	female	
RE661723B0010407	RE661723B001	肩フリルブラウス - エクリュ / FREE	"＜大胆なからフリルが目を惹くフェミニンブラウス＞
▼デザイン
・大きく空いたVネックで顔周りがすっきり！
・ウエストの高い位置にシャーリングが入っているので、スタイルアップ効果も！
・肩紐は太く、インナーも目立ちにくいのが嬉しい
・後ろはリボンでとめられるので、肩から落ちる心配も不要◎
▼コーディネート
フェミニンなスタイリングにおすすめのブラウス！
スラックスパンツやスカートと合わせるのがおすすめ◎
▼スタイルアップポイント
ストレートさんが得意なスクエアネックになるアイテム
二の腕もカバーしてくれる肩フリルデザインが嬉しいポイント！
肩紐は太みで、ウェーブさんが着ても華奢になり過ぎず、全骨格バランスの取れるアイテム！
------------------------------
生地感：普通
伸縮性：ある
透け感：なし
裏地：なし
------------------------------
▼ブランド紹介
RETRO GIRL (レトロガール）
自分らしい“ベーシックアイテム”と
新しい自分の”トレンドアイテム”が
見つかる場所
今らしいファッションを楽しむ
女性のためのブランド
▼SNS
新着アイテムやお得なセール情報を配信中♪
【公式 Instagram】
＠retrogirl_official
【公式 TikTok】
@retrogirl_official
#ブラウス #ビスチェ #ブラウス #ノースリーブ #バックリボン #Vネック
▼注意事項
※撮影環境やモニター環境によって実際の商品とお色味が
多少異なってみえる場合がございます。
品番：RE661723B001　/ 品名：肩フリルブラウス"	in stock	999	new	3080 JPY	https://www.retro-girl.jp/item/111265.html	https://img-retro-girl.freetls.fastly.net/retrogirl/image_item/111/111265/11126501_b.jpg	RETRO GIRL	1540 JPY	https://img-retro-girl.freetls.fastly.net/retrogirl/image_item/111/111265/11126502_b.jpg,https://img-retro-girl.freetls.fastly.net/retrogirl/image_item/111/111265/11126503_b.jpg	トップス > シャツ/ブラウス	エクリュ	FREE	ポリエステル100％	adult	female	
RE661723B0015407	RE661723B001	肩フリルブラウス - ベージュ / FREE	"＜大胆なからフリルが目を惹くフェミニンブラウス＞
▼デザイン
・大きく空いたVネックで顔周りがすっきり！
・ウエストの高い位置にシャーリングが入っているので、スタイルアップ効果も！
・肩紐は太く、インナーも目立ちにくいのが嬉しい
・後ろはリボンでとめられるので、肩から落ちる心配も不要◎
▼コーディネート
フェミニンなスタイリングにおすすめのブラウス！
スラックスパンツやスカートと合わせるのがおすすめ◎
▼スタイルアップポイント
ストレートさんが得意なスクエアネックになるアイテム
二の腕もカバーしてくれる肩フリルデザインが嬉しいポイント！
肩紐は太みで、ウェーブさんが着ても華奢になり過ぎず、全骨格バランスの取れるアイテム！
------------------------------
生地感：普通
伸縮性：ある
透け感：なし
裏地：なし
------------------------------
▼ブランド紹介
RETRO GIRL (レトロガール）
自分らしい“ベーシックアイテム”と
新しい自分の”トレンドアイテム”が
見つかる場所
今らしいファッションを楽しむ
女性のためのブランド
▼SNS
新着アイテムやお得なセール情報を配信中♪
【公式 Instagram】
＠retrogirl_official
【公式 TikTok】
@retrogirl_official
#ブラウス #ビスチェ #ブラウス #ノースリーブ #バックリボン #Vネック
▼注意事項
※撮影環境やモニター環境によって実際の商品とお色味が
多少異なってみえる場合がございます。
品番：RE661723B001　/ 品名：肩フリルブラウス"	in stock	999	new	3080 JPY	https://www.retro-girl.jp/item/111265.html	https://img-retro-girl.freetls.fastly.net/retrogirl/image_item/111/111265/11126503_b.jpg	RETRO GIRL	1540 JPY	https://img-retro-girl.freetls.fastly.net/retrogirl/image_item/111/111265/11126502_b.jpg,https://img-retro-girl.freetls.fastly.net/retrogirl/image_item/111/111265/11126501_b.jpg	トップス > シャツ/ブラウス	ベージュ	FREE	ポリエステル100％	adult	female	
EE641511G0015007	EE641511G001	BIGリボン切替Tシャツ - ブラウン / FREE	"＜ガーリー気分を高めるリボントップス＞
▼デザイン
・胸元の大きなリボンが目を惹く可愛らしい半袖Tシャツ。
・カラーによって異なるリボンの配色や柄もポイント！
・サイドにシャーリングを施し、身体に沿うすっきりとしたシルエットに。
タックインもアウトも楽しめるバランスの取りやすい着丈に仕上げました。
▼コーディネート
デニムを合わせてカジュアルに、ミニボトムを合わせればとことんガーリーなスタイリングに。
コンパクトなシルエットなのでボリュームのあるボトムともバランスよく着こなせます。
------------------------------
生地感：普通
伸縮性：あり
透け感：なし
裏地：なし
------------------------------
▼ブランド紹介
ems excite (エムズエキサイト）
“more fun more cute”
今をもっと楽しく
もっと可愛くいたい女の子に向けた
girly cuteなブランド
#リボン  #ドッキング #リボンデザイン  #ドット柄 #ガーリーコーデ #夏コーデ
▼注意事項
※撮影環境やモニター環境によって実際の商品とお色味が
多少異なってみえる場合がございます。
品番：EE641511G001　/ 品名：BIGリボン切替Tシャツ"	in stock	999	new	3590 JPY	https://www.retro-girl.jp/item/111295.html	https://img-retro-girl.freetls.fastly.net/retrogirl/image_item/111/111295/11129503_b.jpg	ems excite	1790 JPY	https://img-retro-girl.freetls.fastly.net/retrogirl/image_item/111/111295/11129501_b.jpg,https://img-retro-girl.freetls.fastly.net/retrogirl/image_item/111/111295/11129502_b.jpg	トップス > Tシャツ/カットソー	ブラウン	FREE		adult	female	
EE641511G0010907	EE641511G001	BIGリボン切替Tシャツ - ブラック / FREE	"＜ガーリー気分を高めるリボントップス＞
▼デザイン
・胸元の大きなリボンが目を惹く可愛らしい半袖Tシャツ。
・カラーによって異なるリボンの配色や柄もポイント！
・サイドにシャーリングを施し、身体に沿うすっきりとしたシルエットに。
タックインもアウトも楽しめるバランスの取りやすい着丈に仕上げました。
▼コーディネート
デニムを合わせてカジュアルに、ミニボトムを合わせればとことんガーリーなスタイリングに。
コンパクトなシルエットなのでボリュームのあるボトムともバランスよく着こなせます。
------------------------------
生地感：普通
伸縮性：あり
透け感：なし
裏地：なし
------------------------------
▼ブランド紹介
ems excite (エムズエキサイト）
“more fun more cute”
今をもっと楽しく
もっと可愛くいたい女の子に向けた
girly cuteなブランド
#リボン  #ドッキング #リボンデザイン  #ドット柄 #ガーリーコーデ #夏コーデ
▼注意事項
※撮影環境やモニター環境によって実際の商品とお色味が
多少異なってみえる場合がございます。
品番：EE641511G001　/ 品名：BIGリボン切替Tシャツ"	in stock	999	new	3590 JPY	https://www.retro-girl.jp/item/111295.html	https://img-retro-girl.freetls.fastly.net/retrogirl/image_item/111/111295/11129501_b.jpg	ems excite	1790 JPY	https://img-retro-girl.freetls.fastly.net/retrogirl/image_item/111/111295/11129503_b.jpg,https://img-retro-girl.freetls.fastly.net/retrogirl/image_item/111/111295/11129502_b.jpg	トップス > Tシャツ/カットソー	ブラック	FREE		adult	female	
EE641511G0012007	EE641511G001	BIGリボン切替Tシャツ - ピンク / FREE	"＜ガーリー気分を高めるリボントップス＞
▼デザイン
・胸元の大きなリボンが目を惹く可愛らしい半袖Tシャツ。
・カラーによって異なるリボンの配色や柄もポイント！
・サイドにシャーリングを施し、身体に沿うすっきりとしたシルエットに。
タックインもアウトも楽しめるバランスの取りやすい着丈に仕上げました。
▼コーディネート
デニムを合わせてカジュアルに、ミニボトムを合わせればとことんガーリーなスタイリングに。
コンパクトなシルエットなのでボリュームのあるボトムともバランスよく着こなせます。
------------------------------
生地感：普通
伸縮性：あり
透け感：なし
裏地：なし
------------------------------
▼ブランド紹介
ems excite (エムズエキサイト）
“more fun more cute”
今をもっと楽しく
もっと可愛くいたい女の子に向けた
girly cuteなブランド
#リボン  #ドッキング #リボンデザイン  #ドット柄 #ガーリーコーデ #夏コーデ
▼注意事項
※撮影環境やモニター環境によって実際の商品とお色味が
多少異なってみえる場合がございます。
品番：EE641511G001　/ 品名：BIGリボン切替Tシャツ"	in stock	999	new	3590 JPY	https://www.retro-girl.jp/item/111295.html	https://img-retro-girl.freetls.fastly.net/retrogirl/image_item/111/111295/11129502_b.jpg	ems excite	1790 JPY	https://img-retro-girl.freetls.fastly.net/retrogirl/image_item/111/111295/11129503_b.jpg,https://img-retro-girl.freetls.fastly.net/retrogirl/image_item/111/111295/11129501_b.jpg	トップス > Tシャツ/カットソー	ピンク	FREE		adult	female	
EF641512G0090407	EF641512G009	ポンポンオフショルニットワンピ - エクリュ / FREE	"〈emsらしさが詰まったあざとモテニットワンピース〉
▼デザイン
・毎年大人気のニットワンピース
・今年は、オフショルダーでセクシーなデザイン
・胸元から垂れるリボンはぽんぽんがデザインされていて、冬らしいアクセントに。
・ケーブル編みデザインも冬気分を高めてくれます。
▼コーディネート
１枚でコーデが完成するアイテム！
冬のデートコーデにぜひセレクトしてください♪
------------------------------
生地感：普通
伸縮性：ある
透け感：なし
裏地：なし
------------------------------
▼ブランド紹介
ems excite (エムズエキサイト）
“more fun more cute”
今をもっと楽しく
もっと可愛くいたい女の子に向けた
girly cuteなブランド
#ニット #ニットアイテム #ケーブルニット #ニットワンピース #ワンピースコーデ #デートコーデ #ぽんぽん #オフショルニット
▼注意事項
※撮影環境やモニター環境によって実際の商品とお色味が
多少異なってみえる場合がございます。
※サイズはサンプル品を基に採寸しております。
実際の商品とは若干の誤差が生じる場合がございますので、あらかじめご了承ください。
品番：EF641512G009 / 品名：ポンポンオフショルニットワンピ"	in stock	999	new	4990 JPY	https://www.retro-girl.jp/item/111297.html	https://img-retro-girl.freetls.fastly.net/retrogirl/image_item/111/111297/11129701_b.jpg	ems excite		https://img-retro-girl.freetls.fastly.net/retrogirl/image_item/111/111297/11129702_b.jpg,https://img-retro-girl.freetls.fastly.net/retrogirl/image_item/111/111297/11129703_b.jpg	ワンピース/ドレス > ミニワンピース	エクリュ	FREE		adult	female	
EF641512G0091207	EF641512G009	ポンポンオフショルニットワンピ - チャコールグレー / FREE	"〈emsらしさが詰まったあざとモテニットワンピース〉
▼デザイン
・毎年大人気のニットワンピース
・今年は、オフショルダーでセクシーなデザイン
・胸元から垂れるリボンはぽんぽんがデザインされていて、冬らしいアクセントに。
・ケーブル編みデザインも冬気分を高めてくれます。
▼コーディネート
１枚でコーデが完成するアイテム！
冬のデートコーデにぜひセレクトしてください♪
------------------------------
生地感：普通
伸縮性：ある
透け感：なし
裏地：なし
------------------------------
▼ブランド紹介
ems excite (エムズエキサイト）
“more fun more cute”
今をもっと楽しく
もっと可愛くいたい女の子に向けた
girly cuteなブランド
#ニット #ニットアイテム #ケーブルニット #ニットワンピース #ワンピースコーデ #デートコーデ #ぽんぽん #オフショルニット
▼注意事項
※撮影環境やモニター環境によって実際の商品とお色味が
多少異なってみえる場合がございます。
※サイズはサンプル品を基に採寸しております。
実際の商品とは若干の誤差が生じる場合がございますので、あらかじめご了承ください。
品番：EF641512G009 / 品名：ポンポンオフショルニットワンピ"	in stock	999	new	4990 JPY	https://www.retro-girl.jp/item/111297.html	https://img-retro-girl.freetls.fastly.net/retrogirl/image_item/111/111297/11129702_b.jpg	ems excite		https://img-retro-girl.freetls.fastly.net/retrogirl/image_item/111/111297/11129701_b.jpg,https://img-retro-girl.freetls.fastly.net/retrogirl/image_item/111/111297/11129703_b.jpg	ワンピース/ドレス > ミニワンピース	チャコールグレー	FREE		adult	female	
EF641512G0095407	EF641512G009	ポンポンオフショルニットワンピ - ベージュ / FREE	"〈emsらしさが詰まったあざとモテニットワンピース〉
▼デザイン
・毎年大人気のニットワンピース
・今年は、オフショルダーでセクシーなデザイン
・胸元から垂れるリボンはぽんぽんがデザインされていて、冬らしいアクセントに。
・ケーブル編みデザインも冬気分を高めてくれます。
▼コーディネート
１枚でコーデが完成するアイテム！
冬のデートコーデにぜひセレクトしてください♪
------------------------------
生地感：普通
伸縮性：ある
透け感：なし
裏地：なし
------------------------------
▼ブランド紹介
ems excite (エムズエキサイト）
“more fun more cute”
今をもっと楽しく
もっと可愛くいたい女の子に向けた
girly cuteなブランド
#ニット #ニットアイテム #ケーブルニット #ニットワンピース #ワンピースコーデ #デートコーデ #ぽんぽん #オフショルニット
▼注意事項
※撮影環境やモニター環境によって実際の商品とお色味が
多少異なってみえる場合がございます。
※サイズはサンプル品を基に採寸しております。
実際の商品とは若干の誤差が生じる場合がございますので、あらかじめご了承ください。
品番：EF641512G009 / 品名：ポンポンオフショルニットワンピ"	in stock	999	new	4990 JPY	https://www.retro-girl.jp/item/111297.html	https://img-retro-girl.freetls.fastly.net/retrogirl/image_item/111/111297/11129703_b.jpg	ems excite		https://img-retro-girl.freetls.fastly.net/retrogirl/image_item/111/111297/11129701_b.jpg,https://img-retro-girl.freetls.fastly.net/retrogirl/image_item/111/111297/11129702_b.jpg	ワンピース/ドレス > ミニワンピース	ベージュ	FREE		adult	female	
EL641522G0010607	EL641522G001	ドット柄フリルキャミワンピース - ホワイト/柄 / FREE	"＜肩リボンが華やかなキャミワンピース＞
▼デザイン
・今年トレンドのドット柄キャミワンピ！
・肩紐部分はアジャスターがついているので、着丈の調節も可能です♪
・リボン部分は肩の上で結んでも、二の腕部分に垂らしても◎
・体型に合わせてアレンジが楽しめるアイテムです。
▼コーディネート
ボトムにスウェットパンツやデニムパンツを着用して上からレイヤードがおすすめ！
１枚で着る場合は、ボトムにミニ丈ボトムを合わせてみて♪
------------------------------
生地感：普通
伸縮性：なし
透け感：なし
裏地：ある
------------------------------
▼ブランド紹介
ems excite (エムズエキサイト）
“more fun more cute”
今をもっと楽しく
もっと可愛くいたい女の子に向けた
girly cuteなブランド
#夏ワンピ #キャミワンピース #ガーリー #ガーリーワンピ #ミニワンピ #レイヤードコーデ #ドット柄
▼注意事項
※撮影環境やモニター環境によって実際の商品とお色味が
多少異なってみえる場合がございます。
品番：EL641522G001　/ 品名：ドット柄フリルキャミワンピース"	in stock	999	new	3990 JPY	https://www.retro-girl.jp/item/111320.html	https://img-retro-girl.freetls.fastly.net/retrogirl/image_item/111/111320/11132001_b.jpg	ems excite		https://img-retro-girl.freetls.fastly.net/retrogirl/image_item/111/111320/11132002_b.jpg	ワンピース/ドレス > ミニワンピース	ホワイト/柄	FREE	表地　ポリエステル：100％　裏地　ポリエステル：100％	adult	female	
EL641522G0011807	EL641522G001	ドット柄フリルキャミワンピース - ブラック/ドット / FREE	"＜肩リボンが華やかなキャミワンピース＞
▼デザイン
・今年トレンドのドット柄キャミワンピ！
・肩紐部分はアジャスターがついているので、着丈の調節も可能です♪
・リボン部分は肩の上で結んでも、二の腕部分に垂らしても◎
・体型に合わせてアレンジが楽しめるアイテムです。
▼コーディネート
ボトムにスウェットパンツやデニムパンツを着用して上からレイヤードがおすすめ！
１枚で着る場合は、ボトムにミニ丈ボトムを合わせてみて♪
------------------------------
生地感：普通
伸縮性：なし
透け感：なし
裏地：ある
------------------------------
▼ブランド紹介
ems excite (エムズエキサイト）
“more fun more cute”
今をもっと楽しく
もっと可愛くいたい女の子に向けた
girly cuteなブランド
#夏ワンピ #キャミワンピース #ガーリー #ガーリーワンピ #ミニワンピ #レイヤードコーデ #ドット柄
▼注意事項
※撮影環境やモニター環境によって実際の商品とお色味が
多少異なってみえる場合がございます。
品番：EL641522G001　/ 品名：ドット柄フリルキャミワンピース"	in stock	999	new	3990 JPY	https://www.retro-girl.jp/item/111320.html	https://img-retro-girl.freetls.fastly.net/retrogirl/image_item/111/111320/11132002_b.jpg	ems excite		https://img-retro-girl.freetls.fastly.net/retrogirl/image_item/111/111320/11132001_b.jpg	ワンピース/ドレス > ミニワンピース	ブラック/ドット	FREE	表地　ポリエステル：100％　裏地　ポリエステル：100％	adult	female	
EL634823C0018307	EL634823C001	【セットアップ対応】レース付デニムビスチェ - ブリーチ / FREE	"＜夏らしいレースデザインのデニムビスチェ＞
▼デザイン
・デニム素材の爽やかなビスチェ
・肩紐はリボンになっているので、結ぶ位置で着丈の調節が可能！
・1枚でパッと華やかになるデザイン
・裾から見えるレースが目を惹くワンポイント
▼コーディネート
ミニ丈ボトムと合わせて、チュニックワンピース風に着用も可愛い！
裾スリットフリルデニムパンツと合わせれば、セットアップコーデに◎
------------------------------
生地感：普通
伸縮性：なし
透け感：なし
裏地：なし
------------------------------
▼ブランド紹介
ems excite (エムズエキサイト）
“more fun more cute”
今をもっと楽しく
もっと可愛くいたい女の子に向けた
girly cuteなブランド
#ビスチェ #デニム #マリン #ガーリー #ガーリーアイテム #セットアップ #セットアップコーデ
▼注意事項
※撮影環境やモニター環境によって実際の商品とお色味が
多少異なってみえる場合がございます。
品番：EL634823C001　/ 品名：レース付デニムビスチェ"	in stock	999	new	3990 JPY	https://www.retro-girl.jp/item/111268.html	https://img-retro-girl.freetls.fastly.net/retrogirl/image_item/111/111268/11126801_b.jpg	ems excite		https://img-retro-girl.freetls.fastly.net/retrogirl/image_item/111/111268/11126802_b.jpg	トップス > シャツ/ブラウス	ブリーチ	FREE	本体　綿:100％　レース　ポリエステル：100％	adult	female	
EL634823C0018507	EL634823C001	【セットアップ対応】レース付デニムビスチェ - インディゴブルー / FREE	"＜夏らしいレースデザインのデニムビスチェ＞
▼デザイン
・デニム素材の爽やかなビスチェ
・肩紐はリボンになっているので、結ぶ位置で着丈の調節が可能！
・1枚でパッと華やかになるデザイン
・裾から見えるレースが目を惹くワンポイント
▼コーディネート
ミニ丈ボトムと合わせて、チュニックワンピース風に着用も可愛い！
裾スリットフリルデニムパンツと合わせれば、セットアップコーデに◎
------------------------------
生地感：普通
伸縮性：なし
透け感：なし
裏地：なし
------------------------------
▼ブランド紹介
ems excite (エムズエキサイト）
“more fun more cute”
今をもっと楽しく
もっと可愛くいたい女の子に向けた
girly cuteなブランド
#ビスチェ #デニム #マリン #ガーリー #ガーリーアイテム #セットアップ #セットアップコーデ
▼注意事項
※撮影環境やモニター環境によって実際の商品とお色味が
多少異なってみえる場合がございます。
品番：EL634823C001　/ 品名：レース付デニムビスチェ"	in stock	999	new	3990 JPY	https://www.retro-girl.jp/item/111268.html	https://img-retro-girl.freetls.fastly.net/retrogirl/image_item/111/111268/11126802_b.jpg	ems excite		https://img-retro-girl.freetls.fastly.net/retrogirl/image_item/111/111268/11126801_b.jpg	トップス > シャツ/ブラウス	インディゴブルー	FREE	本体　綿:100％　レース　ポリエステル：100％	adult	female	
EE656412G0010907	EE656412G001	フレアスリーブシアーニットカーデ - ブラック / FREE	"＜シンプルで合わせやすいコンパクトな透け感ニットカーデ＞
▼デザイン
・透け感のあるシアー素材で軽い素材感から、持ち歩きにも便利です◎
・夏の羽織にぴったりなアイテム
・同素材のクリア釦で馴染むデザインが魅力的！
・コンパクトな着丈で、ボトムの邪魔をしないのも嬉しい。
▼コーディネート
キャミワンピースに羽織ってリゾートスタイルも夏らしくておすすめ！
装飾の少ないシンプルデザインで、どんなコーデにも合わせて頂けます。
------------------------------
生地感：薄手
伸縮性：ある
透け感：ある
裏地：なし
------------------------------
▼ブランド紹介
ems excite (エムズエキサイト）
“more fun more cute”
今をもっと楽しく
もっと可愛くいたい女の子に向けた
girly cuteなブランド
#シアー #ニット #カーデ #UV対策 #羽織アイテム #透け感 #レッド #ブラウン #冷房対策
▼注意事項
※撮影環境やモニター環境によって実際の商品とお色味が
多少異なってみえる場合がございます。
品番：EE656412G001 / 品名：フレアスリーブシアーNTカーデ"	in stock	999	new	3290 JPY	https://www.retro-girl.jp/item/111278.html	https://img-retro-girl.freetls.fastly.net/retrogirl/image_item/111/111278/11127802_b.jpg	ems excite		https://img-retro-girl.freetls.fastly.net/retrogirl/image_item/111/111278/11127801_b.jpg,https://img-retro-girl.freetls.fastly.net/retrogirl/image_item/111/111278/11127803_b.jpg,https://img-retro-girl.freetls.fastly.net/retrogirl/image_item/111/111278/11127804_b.jpg	トップス > カーディガン/ボレロ	ブラック	FREE		adult	female	
EE656412G0010207	EE656412G001	フレアスリーブシアーニットカーデ - オフホワイト / FREE	"＜シンプルで合わせやすいコンパクトな透け感ニットカーデ＞
▼デザイン
・透け感のあるシアー素材で軽い素材感から、持ち歩きにも便利です◎
・夏の羽織にぴったりなアイテム
・同素材のクリア釦で馴染むデザインが魅力的！
・コンパクトな着丈で、ボトムの邪魔をしないのも嬉しい。
▼コーディネート
キャミワンピースに羽織ってリゾートスタイルも夏らしくておすすめ！
装飾の少ないシンプルデザインで、どんなコーデにも合わせて頂けます。
------------------------------
生地感：薄手
伸縮性：ある
透け感：ある
裏地：なし
------------------------------
▼ブランド紹介
ems excite (エムズエキサイト）
“more fun more cute”
今をもっと楽しく
もっと可愛くいたい女の子に向けた
girly cuteなブランド
#シアー #ニット #カーデ #UV対策 #羽織アイテム #透け感 #レッド #ブラウン #冷房対策
▼注意事項
※撮影環境やモニター環境によって実際の商品とお色味が
多少異なってみえる場合がございます。
品番：EE656412G001 / 品名：フレアスリーブシアーNTカーデ"	in stock	999	new	3290 JPY	https://www.retro-girl.jp/item/111278.html	https://img-retro-girl.freetls.fastly.net/retrogirl/image_item/111/111278/11127801_b.jpg	ems excite		https://img-retro-girl.freetls.fastly.net/retrogirl/image_item/111/111278/11127802_b.jpg,https://img-retro-girl.freetls.fastly.net/retrogirl/image_item/111/111278/11127803_b.jpg,https://img-retro-girl.freetls.fastly.net/retrogirl/image_item/111/111278/11127804_b.jpg	トップス > カーディガン/ボレロ	オフホワイト	FREE		adult	female	
EE656412G0013007	EE656412G001	フレアスリーブシアーニットカーデ - レッド / FREE	"＜シンプルで合わせやすいコンパクトな透け感ニットカーデ＞
▼デザイン
・透け感のあるシアー素材で軽い素材感から、持ち歩きにも便利です◎
・夏の羽織にぴったりなアイテム
・同素材のクリア釦で馴染むデザインが魅力的！
・コンパクトな着丈で、ボトムの邪魔をしないのも嬉しい。
▼コーディネート
キャミワンピースに羽織ってリゾートスタイルも夏らしくておすすめ！
装飾の少ないシンプルデザインで、どんなコーデにも合わせて頂けます。
------------------------------
生地感：薄手
伸縮性：ある
透け感：ある
裏地：なし
------------------------------
▼ブランド紹介
ems excite (エムズエキサイト）
“more fun more cute”
今をもっと楽しく
もっと可愛くいたい女の子に向けた
girly cuteなブランド
#シアー #ニット #カーデ #UV対策 #羽織アイテム #透け感 #レッド #ブラウン #冷房対策
▼注意事項
※撮影環境やモニター環境によって実際の商品とお色味が
多少異なってみえる場合がございます。
品番：EE656412G001 / 品名：フレアスリーブシアーNTカーデ"	in stock	999	new	3290 JPY	https://www.retro-girl.jp/item/111278.html	https://img-retro-girl.freetls.fastly.net/retrogirl/image_item/111/111278/11127803_b.jpg	ems excite		https://img-retro-girl.freetls.fastly.net/retrogirl/image_item/111/111278/11127802_b.jpg,https://img-retro-girl.freetls.fastly.net/retrogirl/image_item/111/111278/11127801_b.jpg,https://img-retro-girl.freetls.fastly.net/retrogirl/image_item/111/111278/11127804_b.jpg	トップス > カーディガン/ボレロ	レッド	FREE		adult	female	
EE656412G0015007	EE656412G001	フレアスリーブシアーニットカーデ - ブラウン / FREE	"＜シンプルで合わせやすいコンパクトな透け感ニットカーデ＞
▼デザイン
・透け感のあるシアー素材で軽い素材感から、持ち歩きにも便利です◎
・夏の羽織にぴったりなアイテム
・同素材のクリア釦で馴染むデザインが魅力的！
・コンパクトな着丈で、ボトムの邪魔をしないのも嬉しい。
▼コーディネート
キャミワンピースに羽織ってリゾートスタイルも夏らしくておすすめ！
装飾の少ないシンプルデザインで、どんなコーデにも合わせて頂けます。
------------------------------
生地感：薄手
伸縮性：ある
透け感：ある
裏地：なし
------------------------------
▼ブランド紹介
ems excite (エムズエキサイト）
“more fun more cute”
今をもっと楽しく
もっと可愛くいたい女の子に向けた
girly cuteなブランド
#シアー #ニット #カーデ #UV対策 #羽織アイテム #透け感 #レッド #ブラウン #冷房対策
▼注意事項
※撮影環境やモニター環境によって実際の商品とお色味が
多少異なってみえる場合がございます。
品番：EE656412G001 / 品名：フレアスリーブシアーNTカーデ"	in stock	999	new	3290 JPY	https://www.retro-girl.jp/item/111278.html	https://img-retro-girl.freetls.fastly.net/retrogirl/image_item/111/111278/11127804_b.jpg	ems excite		https://img-retro-girl.freetls.fastly.net/retrogirl/image_item/111/111278/11127802_b.jpg,https://img-retro-girl.freetls.fastly.net/retrogirl/image_item/111/111278/11127801_b.jpg,https://img-retro-girl.freetls.fastly.net/retrogirl/image_item/111/111278/11127803_b.jpg	トップス > カーディガン/ボレロ	ブラウン	FREE		adult	female	
EL657132C0011007	EL657132C001	【セットアップ対応】レース付スリットスウェットパンツ - ライトグレー / FREE	"〈レースで甘さをプラスしたemsらしいサイドスリットスウェットパンツ＞
▼デザイン
・ゆるっとルーズなシルエットで、かっこよく着こなせるスウェットパンツ。
・両サイドに程よいスリットが入っていて、そこをリボンで結ぶデザインなので、甘さもプラスされます。
・スリット部分やポケットにレースが施されていて、ガーリー好きさんも取り入れやすいデザインに。
・ウエストは360°ゴムで、伸縮性も抜群です◎
▼コーディネート
ファッション小物ではキャップやニット帽が相性のいいアイテム。
スポーツデザインにアイテムと合わせるとよりトレンド感のあるコーデに♪
------------------------------
生地感：普通
伸縮性：あり
透け感：なし
裏地：なし
------------------------------
▼ブランド紹介
ems excite (エムズエキサイト）
“more fun more cute”
今をもっと楽しく
もっと可愛くいたい女の子に向けた
girly cuteなブランド
#ラフパンツ #スエット#スエットパンツ#カットパンツ#サイドスリット #レースデザイン #レース
▼注意事項
※撮影環境やモニター環境によって実際の商品とお色味が多少異なってみえる場合がございます。
品番：EL657132C001　/ 品名：レース付スリットスウェットパンツ"	in stock	999	new	4590 JPY	https://www.retro-girl.jp/item/111326.html	https://img-retro-girl.freetls.fastly.net/retrogirl/image_item/111/111326/11132602_b.jpg	ems excite		https://img-retro-girl.freetls.fastly.net/retrogirl/image_item/111/111326/11132601_b.jpg,https://img-retro-girl.freetls.fastly.net/retrogirl/image_item/111/111326/11132603_b.jpg	パンツ > その他パンツ	ライトグレー	FREE	ポリエステル：65％綿:35％	adult	female	
EL657132C0010907	EL657132C001	【セットアップ対応】レース付スリットスウェットパンツ - ブラック / FREE	"〈レースで甘さをプラスしたemsらしいサイドスリットスウェットパンツ＞
▼デザイン
・ゆるっとルーズなシルエットで、かっこよく着こなせるスウェットパンツ。
・両サイドに程よいスリットが入っていて、そこをリボンで結ぶデザインなので、甘さもプラスされます。
・スリット部分やポケットにレースが施されていて、ガーリー好きさんも取り入れやすいデザインに。
・ウエストは360°ゴムで、伸縮性も抜群です◎
▼コーディネート
ファッション小物ではキャップやニット帽が相性のいいアイテム。
スポーツデザインにアイテムと合わせるとよりトレンド感のあるコーデに♪
------------------------------
生地感：普通
伸縮性：あり
透け感：なし
裏地：なし
------------------------------
▼ブランド紹介
ems excite (エムズエキサイト）
“more fun more cute”
今をもっと楽しく
もっと可愛くいたい女の子に向けた
girly cuteなブランド
#ラフパンツ #スエット#スエットパンツ#カットパンツ#サイドスリット #レースデザイン #レース
▼注意事項
※撮影環境やモニター環境によって実際の商品とお色味が多少異なってみえる場合がございます。
品番：EL657132C001　/ 品名：レース付スリットスウェットパンツ"	in stock	999	new	4590 JPY	https://www.retro-girl.jp/item/111326.html	https://img-retro-girl.freetls.fastly.net/retrogirl/image_item/111/111326/11132601_b.jpg	ems excite		https://img-retro-girl.freetls.fastly.net/retrogirl/image_item/111/111326/11132602_b.jpg,https://img-retro-girl.freetls.fastly.net/retrogirl/image_item/111/111326/11132603_b.jpg	パンツ > その他パンツ	ブラック	FREE	ポリエステル：65％綿:35％	adult	female	
EL657132C0012007	EL657132C001	【セットアップ対応】レース付スリットスウェットパンツ - ピンク / FREE	"〈レースで甘さをプラスしたemsらしいサイドスリットスウェットパンツ＞
▼デザイン
・ゆるっとルーズなシルエットで、かっこよく着こなせるスウェットパンツ。
・両サイドに程よいスリットが入っていて、そこをリボンで結ぶデザインなので、甘さもプラスされます。
・スリット部分やポケットにレースが施されていて、ガーリー好きさんも取り入れやすいデザインに。
・ウエストは360°ゴムで、伸縮性も抜群です◎
▼コーディネート
ファッション小物ではキャップやニット帽が相性のいいアイテム。
スポーツデザインにアイテムと合わせるとよりトレンド感のあるコーデに♪
------------------------------
生地感：普通
伸縮性：あり
透け感：なし
裏地：なし
------------------------------
▼ブランド紹介
ems excite (エムズエキサイト）
“more fun more cute”
今をもっと楽しく
もっと可愛くいたい女の子に向けた
girly cuteなブランド
#ラフパンツ #スエット#スエットパンツ#カットパンツ#サイドスリット #レースデザイン #レース
▼注意事項
※撮影環境やモニター環境によって実際の商品とお色味が多少異なってみえる場合がございます。
品番：EL657132C001　/ 品名：レース付スリットスウェットパンツ"	in stock	999	new	4590 JPY	https://www.retro-girl.jp/item/111326.html	https://img-retro-girl.freetls.fastly.net/retrogirl/image_item/111/111326/11132603_b.jpg	ems excite		https://img-retro-girl.freetls.fastly.net/retrogirl/image_item/111/111326/11132602_b.jpg,https://img-retro-girl.freetls.fastly.net/retrogirl/image_item/111/111326/11132601_b.jpg	パンツ > その他パンツ	ピンク	FREE	ポリエステル：65％綿:35％	adult	female	
EE680032G0018002	EE680032G001	レースアップフレアデニムパンツ - ブルー / S	"＜甘めデザインのデニムパンツ＞
▼デザイン
・両サイドにレースアップデザインが施されたデニムパンツ。
・スウェード素材のリボンでカジュアルにかっこよく着こなして頂けます。
・デニム自体はトレンドのフレアシルエットを採用！
・秋から冬にかけてこれからのシーズンにピッタリです！
▼コーディネート
トップスを選ばない定番デニムパンツなので、コーデにも取り入れやすい！
サイドデザインが可愛いので、ぜひトップスはインして合わせてみてね♪
------------------------------
生地感：普通
伸縮性：なし
透け感：なし
裏地：なし
------------------------------
▼ブランド紹介
ems excite (エムズエキサイト）
“more fun more cute”
今をもっと楽しく
もっと可愛くいたい女の子に向けた
girly cuteなブランド
#デニムパンツ #デニムコーデ#レースアップデニム #デニム #ガーリーデニム#ストレートデニム#スウェード
▼注意事項
※撮影環境やモニター環境によって実際の商品とお色味が多少異なってみえる場合がございます。
品番：EE680032G001　/ 品名：レースアップフレアデニムパンツ"	in stock	999	new	5990 JPY	https://www.retro-girl.jp/item/111330.html	https://img-retro-girl.freetls.fastly.net/retrogirl/image_item/111/111330/11133002_b.jpg	ems excite		https://img-retro-girl.freetls.fastly.net/retrogirl/image_item/111/111330/11133003_b.jpg	パンツ > デニムパンツ	ブルー	S	綿：70％ポリエステル：28％ポリウレタン：2％	adult	female	
EE680032G0018003	EE680032G001	レースアップフレアデニムパンツ - ブルー / M	"＜甘めデザインのデニムパンツ＞
▼デザイン
・両サイドにレースアップデザインが施されたデニムパンツ。
・スウェード素材のリボンでカジュアルにかっこよく着こなして頂けます。
・デニム自体はトレンドのフレアシルエットを採用！
・秋から冬にかけてこれからのシーズンにピッタリです！
▼コーディネート
トップスを選ばない定番デニムパンツなので、コーデにも取り入れやすい！
サイドデザインが可愛いので、ぜひトップスはインして合わせてみてね♪
------------------------------
生地感：普通
伸縮性：なし
透け感：なし
裏地：なし
------------------------------
▼ブランド紹介
ems excite (エムズエキサイト）
“more fun more cute”
今をもっと楽しく
もっと可愛くいたい女の子に向けた
girly cuteなブランド
#デニムパンツ #デニムコーデ#レースアップデニム #デニム #ガーリーデニム#ストレートデニム#スウェード
▼注意事項
※撮影環境やモニター環境によって実際の商品とお色味が多少異なってみえる場合がございます。
品番：EE680032G001　/ 品名：レースアップフレアデニムパンツ"	in stock	999	new	5990 JPY	https://www.retro-girl.jp/item/111330.html	https://img-retro-girl.freetls.fastly.net/retrogirl/image_item/111/111330/11133002_b.jpg	ems excite		https://img-retro-girl.freetls.fastly.net/retrogirl/image_item/111/111330/11133003_b.jpg	パンツ > デニムパンツ	ブルー	M	綿：70％ポリエステル：28％ポリウレタン：2％	adult	female	
EE680032G0018202	EE680032G001	レースアップフレアデニムパンツ - ダークブルー / S	"＜甘めデザインのデニムパンツ＞
▼デザイン
・両サイドにレースアップデザインが施されたデニムパンツ。
・スウェード素材のリボンでカジュアルにかっこよく着こなして頂けます。
・デニム自体はトレンドのフレアシルエットを採用！
・秋から冬にかけてこれからのシーズンにピッタリです！
▼コーディネート
トップスを選ばない定番デニムパンツなので、コーデにも取り入れやすい！
サイドデザインが可愛いので、ぜひトップスはインして合わせてみてね♪
------------------------------
生地感：普通
伸縮性：なし
透け感：なし
裏地：なし
------------------------------
▼ブランド紹介
ems excite (エムズエキサイト）
“more fun more cute”
今をもっと楽しく
もっと可愛くいたい女の子に向けた
girly cuteなブランド
#デニムパンツ #デニムコーデ#レースアップデニム #デニム #ガーリーデニム#ストレートデニム#スウェード
▼注意事項
※撮影環境やモニター環境によって実際の商品とお色味が多少異なってみえる場合がございます。
品番：EE680032G001　/ 品名：レースアップフレアデニムパンツ"	in stock	999	new	5990 JPY	https://www.retro-girl.jp/item/111330.html	https://img-retro-girl.freetls.fastly.net/retrogirl/image_item/111/111330/11133003_b.jpg	ems excite		https://img-retro-girl.freetls.fastly.net/retrogirl/image_item/111/111330/11133002_b.jpg	パンツ > デニムパンツ	ダークブルー	S	綿：70％ポリエステル：28％ポリウレタン：2％	adult	female	
EE680032G0018203	EE680032G001	レースアップフレアデニムパンツ - ダークブルー / M	"＜甘めデザインのデニムパンツ＞
▼デザイン
・両サイドにレースアップデザインが施されたデニムパンツ。
・スウェード素材のリボンでカジュアルにかっこよく着こなして頂けます。
・デニム自体はトレンドのフレアシルエットを採用！
・秋から冬にかけてこれからのシーズンにピッタリです！
▼コーディネート
トップスを選ばない定番デニムパンツなので、コーデにも取り入れやすい！
サイドデザインが可愛いので、ぜひトップスはインして合わせてみてね♪
------------------------------
生地感：普通
伸縮性：なし
透け感：なし
裏地：なし
------------------------------
▼ブランド紹介
ems excite (エムズエキサイト）
“more fun more cute”
今をもっと楽しく
もっと可愛くいたい女の子に向けた
girly cuteなブランド
#デニムパンツ #デニムコーデ#レースアップデニム #デニム #ガーリーデニム#ストレートデニム#スウェード
▼注意事項
※撮影環境やモニター環境によって実際の商品とお色味が多少異なってみえる場合がございます。
品番：EE680032G001　/ 品名：レースアップフレアデニムパンツ"	in stock	999	new	5990 JPY	https://www.retro-girl.jp/item/111330.html	https://img-retro-girl.freetls.fastly.net/retrogirl/image_item/111/111330/11133003_b.jpg	ems excite		https://img-retro-girl.freetls.fastly.net/retrogirl/image_item/111/111330/11133002_b.jpg	パンツ > デニムパンツ	ダークブルー	M	綿：70％ポリエステル：28％ポリウレタン：2％	adult	female	
EF657111G0050407	EF657111G005	ファー付ワンショルトレーナー - エクリュ / FREE	"""〈冬見えするファー素材のワンショルトレーナー〉
▼デザイン
・秋コーデにピッタリなトレーナーアイテム！
・肩回りに施されたファーデザインがコーデを華やかに
・フロント部分にはリボン刺繍で可愛いデザイン
・ファーはボタンで取り外し可能で、洗濯もしやすい！
▼コーディネート
ショートパンツと合わせればどこか懐かしいギャルスタイルに。
プリーツスカートやフレアスカートと合わせてガーリーコーデもおすすめ♪
------------------------------
生地感：普通
伸縮性：あり
透け感：なし
裏地：なし
------------------------------
▼ブランド紹介
ems excite (エムズエキサイト）
“more fun more cute”
今をもっと楽しく
もっと可愛くいたい女の子に向けた
girly cuteなブランド
#ワンショルアイテム #ファーアイテム #トレーナー＃ガーリーコーデ #刺繍デザイン
▼注意事項
※撮影環境やモニター環境によって実際の商品とお色味が多少異なってみえる場合がございます。
※サイズはサンプル品を基に採寸しております。
実際の商品とは若干の誤差が生じる場合がございますので、あらかじめご了承ください。
品番：EF657111G005　 / 品名：ファー付きワンショルトレーナー"""	in stock	999	new	4990 JPY	https://www.retro-girl.jp/item/111285.html	https://img-retro-girl.freetls.fastly.net/retrogirl/image_item/111/111285/11128501_b.jpg	ems excite		https://img-retro-girl.freetls.fastly.net/retrogirl/image_item/111/111285/11128502_b.jpg,https://img-retro-girl.freetls.fastly.net/retrogirl/image_item/111/111285/11128503_b.jpg	トップス > スウェット	エクリュ	FREE		adult	female	
EF657111G0051107	EF657111G005	ファー付ワンショルトレーナー - ダークグレー / FREE	"""〈冬見えするファー素材のワンショルトレーナー〉
▼デザイン
・秋コーデにピッタリなトレーナーアイテム！
・肩回りに施されたファーデザインがコーデを華やかに
・フロント部分にはリボン刺繍で可愛いデザイン
・ファーはボタンで取り外し可能で、洗濯もしやすい！
▼コーディネート
ショートパンツと合わせればどこか懐かしいギャルスタイルに。
プリーツスカートやフレアスカートと合わせてガーリーコーデもおすすめ♪
------------------------------
生地感：普通
伸縮性：あり
透け感：なし
裏地：なし
------------------------------
▼ブランド紹介
ems excite (エムズエキサイト）
“more fun more cute”
今をもっと楽しく
もっと可愛くいたい女の子に向けた
girly cuteなブランド
#ワンショルアイテム #ファーアイテム #トレーナー＃ガーリーコーデ #刺繍デザイン
▼注意事項
※撮影環境やモニター環境によって実際の商品とお色味が多少異なってみえる場合がございます。
※サイズはサンプル品を基に採寸しております。
実際の商品とは若干の誤差が生じる場合がございますので、あらかじめご了承ください。
品番：EF657111G005　 / 品名：ファー付きワンショルトレーナー"""	in stock	999	new	4990 JPY	https://www.retro-girl.jp/item/111285.html	https://img-retro-girl.freetls.fastly.net/retrogirl/image_item/111/111285/11128502_b.jpg	ems excite		https://img-retro-girl.freetls.fastly.net/retrogirl/image_item/111/111285/11128501_b.jpg,https://img-retro-girl.freetls.fastly.net/retrogirl/image_item/111/111285/11128503_b.jpg	トップス > スウェット	ダークグレー	FREE		adult	female	
EF657111G0055407	EF657111G005	ファー付ワンショルトレーナー - ベージュ / FREE	"""〈冬見えするファー素材のワンショルトレーナー〉
▼デザイン
・秋コーデにピッタリなトレーナーアイテム！
・肩回りに施されたファーデザインがコーデを華やかに
・フロント部分にはリボン刺繍で可愛いデザイン
・ファーはボタンで取り外し可能で、洗濯もしやすい！
▼コーディネート
ショートパンツと合わせればどこか懐かしいギャルスタイルに。
プリーツスカートやフレアスカートと合わせてガーリーコーデもおすすめ♪
------------------------------
生地感：普通
伸縮性：あり
透け感：なし
裏地：なし
------------------------------
▼ブランド紹介
ems excite (エムズエキサイト）
“more fun more cute”
今をもっと楽しく
もっと可愛くいたい女の子に向けた
girly cuteなブランド
#ワンショルアイテム #ファーアイテム #トレーナー＃ガーリーコーデ #刺繍デザイン
▼注意事項
※撮影環境やモニター環境によって実際の商品とお色味が多少異なってみえる場合がございます。
※サイズはサンプル品を基に採寸しております。
実際の商品とは若干の誤差が生じる場合がございますので、あらかじめご了承ください。
品番：EF657111G005　 / 品名：ファー付きワンショルトレーナー"""	in stock	999	new	4990 JPY	https://www.retro-girl.jp/item/111285.html	https://img-retro-girl.freetls.fastly.net/retrogirl/image_item/111/111285/11128503_b.jpg	ems excite		https://img-retro-girl.freetls.fastly.net/retrogirl/image_item/111/111285/11128501_b.jpg,https://img-retro-girl.freetls.fastly.net/retrogirl/image_item/111/111285/11128502_b.jpg	トップス > スウェット	ベージュ	FREE		adult	female	
RL645943B0024400	RL645943B002	【トイストーリー】プリントトート - マルチB / ONE SIZE	"〈TOY STORY COLLECTION〉
▼デザイン
大ヒット上映中！『トイ・ストーリー』のアイテムが登場！
毎日使えるプリントトートバッグ
お気に入りのキャラクターと一緒なら、いつものお出かけももっと楽しく
カラー展開も夏らしいPOPなカラーでご用意♪
▼ブランド紹介
RETRO GIRL (レトロガール）
自分らしい“ベーシックアイテム”と
新しい自分の”トレンドアイテム”が
見つかる場所
今らしいファッションを楽しむ
女性のためのブランド
#バッグ #トートバッグ #ギンガムチェック #コラボバッグ #カラーアイテム
▼注意事項
※撮影環境やモニター環境によって実際の商品とお色味が
多少異なってみえる場合がございます。
品番：RL645943B002　/ 品名：【トイストーリー】プリントトート"	in stock	999	new	3390 JPY	https://www.retro-girl.jp/item/111276.html	https://img-retro-girl.freetls.fastly.net/retrogirl/image_item/111/111276/11127602_b.jpg	RETRO GIRL		https://img-retro-girl.freetls.fastly.net/retrogirl/image_item/111/111276/11127601_b.jpg,https://img-retro-girl.freetls.fastly.net/retrogirl/image_item/111/111276/11127603_b.jpg,https://img-retro-girl.freetls.fastly.net/retrogirl/image_item/111/111276/11127604_b.jpg	バッグ > トートバッグ	マルチB	ONE SIZE	ポリエステル100％	adult	female	
RL645943B0028000	RL645943B002	【トイストーリー】プリントトート - ブルー / ONE SIZE	"〈TOY STORY COLLECTION〉
▼デザイン
大ヒット上映中！『トイ・ストーリー』のアイテムが登場！
毎日使えるプリントトートバッグ
お気に入りのキャラクターと一緒なら、いつものお出かけももっと楽しく
カラー展開も夏らしいPOPなカラーでご用意♪
▼ブランド紹介
RETRO GIRL (レトロガール）
自分らしい“ベーシックアイテム”と
新しい自分の”トレンドアイテム”が
見つかる場所
今らしいファッションを楽しむ
女性のためのブランド
#バッグ #トートバッグ #ギンガムチェック #コラボバッグ #カラーアイテム
▼注意事項
※撮影環境やモニター環境によって実際の商品とお色味が
多少異なってみえる場合がございます。
品番：RL645943B002　/ 品名：【トイストーリー】プリントトート"	in stock	999	new	3390 JPY	https://www.retro-girl.jp/item/111276.html	https://img-retro-girl.freetls.fastly.net/retrogirl/image_item/111/111276/11127604_b.jpg	RETRO GIRL		https://img-retro-girl.freetls.fastly.net/retrogirl/image_item/111/111276/11127601_b.jpg,https://img-retro-girl.freetls.fastly.net/retrogirl/image_item/111/111276/11127602_b.jpg,https://img-retro-girl.freetls.fastly.net/retrogirl/image_item/111/111276/11127603_b.jpg	バッグ > トートバッグ	ブルー	ONE SIZE	ポリエステル100％	adult	female	
EL656131G0010207	EL656131G001	2段バルーンミニスカート - オフホワイト / FREE	"＜今年人気にバルーンミニスカートがブラッシュアップ！＞
▼デザイン
・今年トレンドのバルーンスカート！
・２段のティアードデザインになっていて、新しいデザイン！
・ウエストは後ろがゴムになっていて、伸縮性抜群です◎
・無地とドットのアソート柄でお好みをセレクト！
▼コーディネート
甘めで、ガーリーなコーデにぴったりなアイテム
ボリューム感のあるデザインで、コーデが華やかに仕上がります！
------------------------------
生地感：普通
伸縮性：なし（ウエスト部分はある）
透け感：なし
インパン：ある
------------------------------
▼ブランド紹介
ems excite (エムズエキサイト）
“more fun more cute”
今をもっと楽しく
もっと可愛くいたい女の子に向けた
girly cuteなブランド
#バルーンスカート #ミニスカート #デザインスカート ＃スカート #ガーリーコーデ #ティアードデザイン
▼注意事項
※撮影環境やモニター環境によって実際の商品とお色味が多少異なってみえる場合がございます。
品番：EL656131G001　/ 品名：2段バルーンミニスカート"	in stock	999	new	3990 JPY	https://www.retro-girl.jp/item/111251.html	https://img-retro-girl.freetls.fastly.net/retrogirl/image_item/111/111251/11125101_b.jpg	ems excite		https://img-retro-girl.freetls.fastly.net/retrogirl/image_item/111/111251/11125102_b.jpg,https://img-retro-girl.freetls.fastly.net/retrogirl/image_item/111/111251/11125103_b.jpg	スカート > ミニスカート	オフホワイト	FREE		adult	female	
EL656131G0010607	EL656131G001	2段バルーンミニスカート - ホワイト/柄 / FREE	"＜今年人気にバルーンミニスカートがブラッシュアップ！＞
▼デザイン
・今年トレンドのバルーンスカート！
・２段のティアードデザインになっていて、新しいデザイン！
・ウエストは後ろがゴムになっていて、伸縮性抜群です◎
・無地とドットのアソート柄でお好みをセレクト！
▼コーディネート
甘めで、ガーリーなコーデにぴったりなアイテム
ボリューム感のあるデザインで、コーデが華やかに仕上がります！
------------------------------
生地感：普通
伸縮性：なし（ウエスト部分はある）
透け感：なし
インパン：ある
------------------------------
▼ブランド紹介
ems excite (エムズエキサイト）
“more fun more cute”
今をもっと楽しく
もっと可愛くいたい女の子に向けた
girly cuteなブランド
#バルーンスカート #ミニスカート #デザインスカート ＃スカート #ガーリーコーデ #ティアードデザイン
▼注意事項
※撮影環境やモニター環境によって実際の商品とお色味が多少異なってみえる場合がございます。
品番：EL656131G001　/ 品名：2段バルーンミニスカート"	in stock	999	new	3990 JPY	https://www.retro-girl.jp/item/111251.html	https://img-retro-girl.freetls.fastly.net/retrogirl/image_item/111/111251/11125102_b.jpg	ems excite		https://img-retro-girl.freetls.fastly.net/retrogirl/image_item/111/111251/11125101_b.jpg,https://img-retro-girl.freetls.fastly.net/retrogirl/image_item/111/111251/11125103_b.jpg	スカート > ミニスカート	ホワイト/柄	FREE		adult	female	
EL656131G0011207	EL656131G001	2段バルーンミニスカート - チャコールグレー / FREE	"＜今年人気にバルーンミニスカートがブラッシュアップ！＞
▼デザイン
・今年トレンドのバルーンスカート！
・２段のティアードデザインになっていて、新しいデザイン！
・ウエストは後ろがゴムになっていて、伸縮性抜群です◎
・無地とドットのアソート柄でお好みをセレクト！
▼コーディネート
甘めで、ガーリーなコーデにぴったりなアイテム
ボリューム感のあるデザインで、コーデが華やかに仕上がります！
------------------------------
生地感：普通
伸縮性：なし（ウエスト部分はある）
透け感：なし
インパン：ある
------------------------------
▼ブランド紹介
ems excite (エムズエキサイト）
“more fun more cute”
今をもっと楽しく
もっと可愛くいたい女の子に向けた
girly cuteなブランド
#バルーンスカート #ミニスカート #デザインスカート ＃スカート #ガーリーコーデ #ティアードデザイン
▼注意事項
※撮影環境やモニター環境によって実際の商品とお色味が多少異なってみえる場合がございます。
品番：EL656131G001　/ 品名：2段バルーンミニスカート"	in stock	999	new	3990 JPY	https://www.retro-girl.jp/item/111251.html	https://img-retro-girl.freetls.fastly.net/retrogirl/image_item/111/111251/11125103_b.jpg	ems excite		https://img-retro-girl.freetls.fastly.net/retrogirl/image_item/111/111251/11125101_b.jpg,https://img-retro-girl.freetls.fastly.net/retrogirl/image_item/111/111251/11125102_b.jpg	スカート > ミニスカート	チャコールグレー	FREE		adult	female	
EE656431G0020907	EE656431G002	2wayリボンミニスカート - ブラック / FREE	"＜マルチな着こなしが楽しめるリボンスカート＞
▼デザイン
・２段のティアードデザインが可愛いミニスカート。
・ボリューム感のあるデザインで、美脚効果も期待できます。
・ウエスト部分のリボンは前に結ぶことも、後ろに結ぶこともできる2way仕様！
・後ろのZIPで着脱できて、シルエットもとっても綺麗！
▼コーディネート
ガーリーなスタイリングにおすすめのアイテム。
ハイウエストなので、コンパクトなトップスと相性バッチリ◎
------------------------------
生地感：普通
伸縮性：なし
透け感：なし
裏地：ある
------------------------------
▼ブランド紹介
ems excite (エムズエキサイト）
“more fun more cute”
今をもっと楽しく
もっと可愛くいたい女の子に向けた
girly cuteなブランド
#ティアードスカート #ミニスカート #リボンデザイン #デザインスカート ＃フリルスカート
▼注意事項
※撮影環境やモニター環境によって実際の商品とお色味が多少異なってみえる場合がございます。
品番：EE656431G002　/ 品名：2wayリボンミニスカート"	in stock	999	new	3990 JPY	https://www.retro-girl.jp/item/111335.html	https://img-retro-girl.freetls.fastly.net/retrogirl/image_item/111/111335/11133501_b.jpg	ems excite		https://img-retro-girl.freetls.fastly.net/retrogirl/image_item/111/111335/11133502_b.jpg	スカート > ミニスカート	ブラック	FREE		adult	female	
EE656431G0021107	EE656431G002	2wayリボンミニスカート - ダークグレー / FREE	"＜マルチな着こなしが楽しめるリボンスカート＞
▼デザイン
・２段のティアードデザインが可愛いミニスカート。
・ボリューム感のあるデザインで、美脚効果も期待できます。
・ウエスト部分のリボンは前に結ぶことも、後ろに結ぶこともできる2way仕様！
・後ろのZIPで着脱できて、シルエットもとっても綺麗！
▼コーディネート
ガーリーなスタイリングにおすすめのアイテム。
ハイウエストなので、コンパクトなトップスと相性バッチリ◎
------------------------------
生地感：普通
伸縮性：なし
透け感：なし
裏地：ある
------------------------------
▼ブランド紹介
ems excite (エムズエキサイト）
“more fun more cute”
今をもっと楽しく
もっと可愛くいたい女の子に向けた
girly cuteなブランド
#ティアードスカート #ミニスカート #リボンデザイン #デザインスカート ＃フリルスカート
▼注意事項
※撮影環境やモニター環境によって実際の商品とお色味が多少異なってみえる場合がございます。
品番：EE656431G002　/ 品名：2wayリボンミニスカート"	in stock	999	new	3990 JPY	https://www.retro-girl.jp/item/111335.html	https://img-retro-girl.freetls.fastly.net/retrogirl/image_item/111/111335/11133502_b.jpg	ems excite		https://img-retro-girl.freetls.fastly.net/retrogirl/image_item/111/111335/11133501_b.jpg	スカート > ミニスカート	ダークグレー	FREE		adult	female	
RF633011B0010607	RF633011B001	袖シャーリングベロアカットソー - ホワイト/柄 / FREE	"＜秋冬コーデに、今年もベロアの艶めきを＞
▼デザイン
・毎年大人気のベロアカットソー
・インナーに取り入れるだけで、一気に秋めくシーズン素材。
・袖口はシャーリングデザインになっていて、ボリュームシルエット
・１色花柄になっていて、いつものコーデに華やかさをプラス
▼コーディネート
ビスチェのインナーに取り入れるのが今年っぽいスタイリング。
ベロア素材ですが、薄手なので、９月から秋先取りコーデが楽しめます。
▼スタイルアップポイント
骨格ウェーブさんは、胸元が華やかなビスチェとレイヤードするスタイリングがおすすめ！
ナチュラルさんのデコルテ部分が綺麗に見えるネックデザインです。
-----------------------------
生地感：普通
伸縮性：ある
透け感：なし
裏地：なし
------------------------------
▼ブランド紹介
RETRO GIRL (レトロガール）
～日常に、ひとさじのときめきを～
いつものスタイルに新しい気分を織り込んで、
毎日をたのしむきっかけを作るブランド。
▼SNS
新着アイテムやお得なセール情報を配信中♪
【公式 Instagram】
＠retrogirl_official
【公式 TikTok】
@retrogirl_official
#ベロア #カットソー #花柄 #秋コーデ #レイヤードコーデ #ベロア素材
▼注意事項
※撮影環境やモニター環境によって実際の商品とお色味が多少異なってみえる場合がございます。
品番：RF633011B001 / 品名：袖シャーリングベロアカットソー"	in stock	999	new	2990 JPY	https://www.retro-girl.jp/item/111374.html	https://img-retro-girl.freetls.fastly.net/retrogirl/image_item/111/111374/11137401_b.jpg	RETRO GIRL		https://img-retro-girl.freetls.fastly.net/retrogirl/image_item/111/111374/11137402_b.jpg,https://img-retro-girl.freetls.fastly.net/retrogirl/image_item/111/111374/11137403_b.jpg	トップス > Tシャツ/カットソー	ホワイト/柄	FREE	ポリエステル90％、ポリウレタン10％	adult	female	
RF633011B0015407	RF633011B001	袖シャーリングベロアカットソー - ベージュ / FREE	"＜秋冬コーデに、今年もベロアの艶めきを＞
▼デザイン
・毎年大人気のベロアカットソー
・インナーに取り入れるだけで、一気に秋めくシーズン素材。
・袖口はシャーリングデザインになっていて、ボリュームシルエット
・１色花柄になっていて、いつものコーデに華やかさをプラス
▼コーディネート
ビスチェのインナーに取り入れるのが今年っぽいスタイリング。
ベロア素材ですが、薄手なので、９月から秋先取りコーデが楽しめます。
▼スタイルアップポイント
骨格ウェーブさんは、胸元が華やかなビスチェとレイヤードするスタイリングがおすすめ！
ナチュラルさんのデコルテ部分が綺麗に見えるネックデザインです。
-----------------------------
生地感：普通
伸縮性：ある
透け感：なし
裏地：なし
------------------------------
▼ブランド紹介
RETRO GIRL (レトロガール）
～日常に、ひとさじのときめきを～
いつものスタイルに新しい気分を織り込んで、
毎日をたのしむきっかけを作るブランド。
▼SNS
新着アイテムやお得なセール情報を配信中♪
【公式 Instagram】
＠retrogirl_official
【公式 TikTok】
@retrogirl_official
#ベロア #カットソー #花柄 #秋コーデ #レイヤードコーデ #ベロア素材
▼注意事項
※撮影環境やモニター環境によって実際の商品とお色味が多少異なってみえる場合がございます。
品番：RF633011B001 / 品名：袖シャーリングベロアカットソー"	in stock	999	new	2990 JPY	https://www.retro-girl.jp/item/111374.html	https://img-retro-girl.freetls.fastly.net/retrogirl/image_item/111/111374/11137402_b.jpg	RETRO GIRL		https://img-retro-girl.freetls.fastly.net/retrogirl/image_item/111/111374/11137401_b.jpg,https://img-retro-girl.freetls.fastly.net/retrogirl/image_item/111/111374/11137403_b.jpg	トップス > Tシャツ/カットソー	ベージュ	FREE	ポリエステル90％、ポリウレタン10％	adult	female	
RF633011B0017007	RF633011B001	袖シャーリングベロアカットソー - グリーン / FREE	"＜秋冬コーデに、今年もベロアの艶めきを＞
▼デザイン
・毎年大人気のベロアカットソー
・インナーに取り入れるだけで、一気に秋めくシーズン素材。
・袖口はシャーリングデザインになっていて、ボリュームシルエット
・１色花柄になっていて、いつものコーデに華やかさをプラス
▼コーディネート
ビスチェのインナーに取り入れるのが今年っぽいスタイリング。
ベロア素材ですが、薄手なので、９月から秋先取りコーデが楽しめます。
▼スタイルアップポイント
骨格ウェーブさんは、胸元が華やかなビスチェとレイヤードするスタイリングがおすすめ！
ナチュラルさんのデコルテ部分が綺麗に見えるネックデザインです。
-----------------------------
生地感：普通
伸縮性：ある
透け感：なし
裏地：なし
------------------------------
▼ブランド紹介
RETRO GIRL (レトロガール）
～日常に、ひとさじのときめきを～
いつものスタイルに新しい気分を織り込んで、
毎日をたのしむきっかけを作るブランド。
▼SNS
新着アイテムやお得なセール情報を配信中♪
【公式 Instagram】
＠retrogirl_official
【公式 TikTok】
@retrogirl_official
#ベロア #カットソー #花柄 #秋コーデ #レイヤードコーデ #ベロア素材
▼注意事項
※撮影環境やモニター環境によって実際の商品とお色味が多少異なってみえる場合がございます。
品番：RF633011B001 / 品名：袖シャーリングベロアカットソー"	in stock	999	new	2990 JPY	https://www.retro-girl.jp/item/111374.html	https://img-retro-girl.freetls.fastly.net/retrogirl/image_item/111/111374/11137403_b.jpg	RETRO GIRL		https://img-retro-girl.freetls.fastly.net/retrogirl/image_item/111/111374/11137401_b.jpg,https://img-retro-girl.freetls.fastly.net/retrogirl/image_item/111/111374/11137402_b.jpg	トップス > Tシャツ/カットソー	グリーン	FREE	ポリエステル90％、ポリウレタン10％	adult	female	
EF641512G0021607	EF641512G002	チェックビスチェ＆ボレロSET - ブラック/チェック / FREE	"＜着るだけで今っぽコーデが完成する優秀セット＞
▼デザイン
・コーデの主役になるチェックビスチェとニットボレロのセットアイテム。
・ニットボレロはフロントリボンと長めの袖がポイント。
・ショート丈の組み合わせですっきりとしたバランスで着用できます。
・別々でも着用できるので、幅広いスタイリングを楽しめるのも魅力！
▼コーディネート
ミニ丈ボトム×ロングブーツで合わせると今年らしいバランスに♪
デニム合わせなら甘くなりすぎず、デイリーにも取り入れやすいです◎
------------------------------
生地感：普通
伸縮性：ビスチェ→背中部分にあり、ボレロ→あり
透け感：なし
裏地：なし
------------------------------
▼ブランド紹介
ems excite (エムズエキサイト）
“more fun more cute”
今をもっと楽しく
もっと可愛くいたい女の子に向けた
girly cuteなブランド
#セットアイテム #ボレロ #カーディガン #チェック柄 #レイヤード #秋コーデ #ガーリーコーデ #フェミニンコーデ
▼注意事項
※撮影環境やモニター環境によって実際の商品とお色味が
多少異なってみえる場合がございます。
品番：EF641512G002 / 品名：チェックビスチェ＆ボレロSET"	in stock	999	new	6490 JPY	https://www.retro-girl.jp/item/111406.html	https://img-retro-girl.freetls.fastly.net/retrogirl/image_item/111/111406/11140601_b.jpg	ems excite		https://img-retro-girl.freetls.fastly.net/retrogirl/image_item/111/111406/11140602_b.jpg	トップス > アンサンブル	ブラック/チェック	FREE	【ボレロ】ポリエステル100％【キャミソール】表地：ポリエステル78％ レーヨン20％ ポリウレタン2％　裏地：ポリエステル100％	adult	female	
EF641512G0025607	EF641512G002	チェックビスチェ＆ボレロSET - ブラウン/チェック / FREE	"＜着るだけで今っぽコーデが完成する優秀セット＞
▼デザイン
・コーデの主役になるチェックビスチェとニットボレロのセットアイテム。
・ニットボレロはフロントリボンと長めの袖がポイント。
・ショート丈の組み合わせですっきりとしたバランスで着用できます。
・別々でも着用できるので、幅広いスタイリングを楽しめるのも魅力！
▼コーディネート
ミニ丈ボトム×ロングブーツで合わせると今年らしいバランスに♪
デニム合わせなら甘くなりすぎず、デイリーにも取り入れやすいです◎
------------------------------
生地感：普通
伸縮性：ビスチェ→背中部分にあり、ボレロ→あり
透け感：なし
裏地：なし
------------------------------
▼ブランド紹介
ems excite (エムズエキサイト）
“more fun more cute”
今をもっと楽しく
もっと可愛くいたい女の子に向けた
girly cuteなブランド
#セットアイテム #ボレロ #カーディガン #チェック柄 #レイヤード #秋コーデ #ガーリーコーデ #フェミニンコーデ
▼注意事項
※撮影環境やモニター環境によって実際の商品とお色味が
多少異なってみえる場合がございます。
品番：EF641512G002 / 品名：チェックビスチェ＆ボレロSET"	in stock	999	new	6490 JPY	https://www.retro-girl.jp/item/111406.html	https://img-retro-girl.freetls.fastly.net/retrogirl/image_item/111/111406/11140602_b.jpg	ems excite		https://img-retro-girl.freetls.fastly.net/retrogirl/image_item/111/111406/11140601_b.jpg	トップス > アンサンブル	ブラウン/チェック	FREE	【ボレロ】ポリエステル100％【キャミソール】表地：ポリエステル78％ レーヨン20％ ポリウレタン2％　裏地：ポリエステル100％	adult	female	
RW656921T0010307	RW656921T001	アソートフェイクファーブルゾン - アイボリー / FREE	"＜フェイクファーで暖かい大人気ブルゾン＞
▼デザイン
・昨年大人気を頂いたフェイクファーブルゾンが今年も登場。
・フェイクファーで高級感溢れるデザイン。
・起毛感があり、触り心地も抜群です。
・センターZIPで着脱もしやすく、羽織スタイルでも◎
・毛足の長いファーと、もこもこ触り心地抜群なファーのアソートでご用意です。
▼コーディネート
ジャスト丈なので、ボトムをしっかり魅せられるデザイン。
上品な印象で、オケージョンワンピースに羽織ればお呼ばれコーデにもぴったり◎
------------------------------
生地感：厚手
伸縮性：なし
透け感：なし
裏地：あり
------------------------------
▼ブランド紹介
RETRO GIRL (レトロガール）
自分らしい“ベーシックアイテム”と
新しい自分の”トレンドアイテム”が
見つかる場所
今らしいファッションを楽しむ
女性のためのブランド
#ブルゾン #フェイクファー #起毛アウター #アウター #ファーアウター
▼注意事項
※撮影環境やモニター環境によって実際の商品とお色味が
多少異なってみえる場合がございます。
品番：RW656921T001　/ 品名：アソートフェイクファーブルゾン"	in stock	999	new	6990 JPY	https://www.retro-girl.jp/item/111323.html	https://img-retro-girl.freetls.fastly.net/retrogirl/image_item/111/111323/11132301_b.jpg	RETRO GIRL		https://img-retro-girl.freetls.fastly.net/retrogirl/image_item/111/111323/11132302_b.jpg,https://img-retro-girl.freetls.fastly.net/retrogirl/image_item/111/111323/11132303_b.jpg,https://img-retro-girl.freetls.fastly.net/retrogirl/image_item/111/111323/11132304_b.jpg	ジャケット/アウター > その他アウター	アイボリー	FREE		adult	female	
RW656921T0011007	RW656921T001	アソートフェイクファーブルゾン - ライトグレー / FREE	"＜フェイクファーで暖かい大人気ブルゾン＞
▼デザイン
・昨年大人気を頂いたフェイクファーブルゾンが今年も登場。
・フェイクファーで高級感溢れるデザイン。
・起毛感があり、触り心地も抜群です。
・センターZIPで着脱もしやすく、羽織スタイルでも◎
・毛足の長いファーと、もこもこ触り心地抜群なファーのアソートでご用意です。
▼コーディネート
ジャスト丈なので、ボトムをしっかり魅せられるデザイン。
上品な印象で、オケージョンワンピースに羽織ればお呼ばれコーデにもぴったり◎
------------------------------
生地感：厚手
伸縮性：なし
透け感：なし
裏地：あり
------------------------------
▼ブランド紹介
RETRO GIRL (レトロガール）
自分らしい“ベーシックアイテム”と
新しい自分の”トレンドアイテム”が
見つかる場所
今らしいファッションを楽しむ
女性のためのブランド
#ブルゾン #フェイクファー #起毛アウター #アウター #ファーアウター
▼注意事項
※撮影環境やモニター環境によって実際の商品とお色味が
多少異なってみえる場合がございます。
品番：RW656921T001　/ 品名：アソートフェイクファーブルゾン"	in stock	999	new	6990 JPY	https://www.retro-girl.jp/item/111323.html	https://img-retro-girl.freetls.fastly.net/retrogirl/image_item/111/111323/11132302_b.jpg	RETRO GIRL		https://img-retro-girl.freetls.fastly.net/retrogirl/image_item/111/111323/11132301_b.jpg,https://img-retro-girl.freetls.fastly.net/retrogirl/image_item/111/111323/11132303_b.jpg,https://img-retro-girl.freetls.fastly.net/retrogirl/image_item/111/111323/11132304_b.jpg	ジャケット/アウター > その他アウター	ライトグレー	FREE		adult	female	
RW656921T0015007	RW656921T001	アソートフェイクファーブルゾン - ブラウン / FREE	"＜フェイクファーで暖かい大人気ブルゾン＞
▼デザイン
・昨年大人気を頂いたフェイクファーブルゾンが今年も登場。
・フェイクファーで高級感溢れるデザイン。
・起毛感があり、触り心地も抜群です。
・センターZIPで着脱もしやすく、羽織スタイルでも◎
・毛足の長いファーと、もこもこ触り心地抜群なファーのアソートでご用意です。
▼コーディネート
ジャスト丈なので、ボトムをしっかり魅せられるデザイン。
上品な印象で、オケージョンワンピースに羽織ればお呼ばれコーデにもぴったり◎
------------------------------
生地感：厚手
伸縮性：なし
透け感：なし
裏地：あり
------------------------------
▼ブランド紹介
RETRO GIRL (レトロガール）
自分らしい“ベーシックアイテム”と
新しい自分の”トレンドアイテム”が
見つかる場所
今らしいファッションを楽しむ
女性のためのブランド
#ブルゾン #フェイクファー #起毛アウター #アウター #ファーアウター
▼注意事項
※撮影環境やモニター環境によって実際の商品とお色味が
多少異なってみえる場合がございます。
品番：RW656921T001　/ 品名：アソートフェイクファーブルゾン"	in stock	999	new	6990 JPY	https://www.retro-girl.jp/item/111323.html	https://img-retro-girl.freetls.fastly.net/retrogirl/image_item/111/111323/11132303_b.jpg	RETRO GIRL		https://img-retro-girl.freetls.fastly.net/retrogirl/image_item/111/111323/11132301_b.jpg,https://img-retro-girl.freetls.fastly.net/retrogirl/image_item/111/111323/11132302_b.jpg,https://img-retro-girl.freetls.fastly.net/retrogirl/image_item/111/111323/11132304_b.jpg	ジャケット/アウター > その他アウター	ブラウン	FREE		adult	female	
RW656921T0015407	RW656921T001	アソートフェイクファーブルゾン - ベージュ / FREE	"＜フェイクファーで暖かい大人気ブルゾン＞
▼デザイン
・昨年大人気を頂いたフェイクファーブルゾンが今年も登場。
・フェイクファーで高級感溢れるデザイン。
・起毛感があり、触り心地も抜群です。
・センターZIPで着脱もしやすく、羽織スタイルでも◎
・毛足の長いファーと、もこもこ触り心地抜群なファーのアソートでご用意です。
▼コーディネート
ジャスト丈なので、ボトムをしっかり魅せられるデザイン。
上品な印象で、オケージョンワンピースに羽織ればお呼ばれコーデにもぴったり◎
------------------------------
生地感：厚手
伸縮性：なし
透け感：なし
裏地：あり
------------------------------
▼ブランド紹介
RETRO GIRL (レトロガール）
自分らしい“ベーシックアイテム”と
新しい自分の”トレンドアイテム”が
見つかる場所
今らしいファッションを楽しむ
女性のためのブランド
#ブルゾン #フェイクファー #起毛アウター #アウター #ファーアウター
▼注意事項
※撮影環境やモニター環境によって実際の商品とお色味が
多少異なってみえる場合がございます。
品番：RW656921T001　/ 品名：アソートフェイクファーブルゾン"	in stock	999	new	6990 JPY	https://www.retro-girl.jp/item/111323.html	https://img-retro-girl.freetls.fastly.net/retrogirl/image_item/111/111323/11132304_b.jpg	RETRO GIRL		https://img-retro-girl.freetls.fastly.net/retrogirl/image_item/111/111323/11132301_b.jpg,https://img-retro-girl.freetls.fastly.net/retrogirl/image_item/111/111323/11132302_b.jpg,https://img-retro-girl.freetls.fastly.net/retrogirl/image_item/111/111323/11132303_b.jpg	ジャケット/アウター > その他アウター	ベージュ	FREE		adult	female	
EL656422G0025607	EL656422G002	切替チェックロングワンピース - ブラウン/チェック / FREE	"＜美シルエットを叶えるチェック柄ワンピース＞
▼デザイン
・肩を大胆に見せたオープンショルダーデザインのロングワンピース。
・袖口のフリルと華奢なリボンが、フェミニンなアクセントに！
・ウエストは身体に沿っていて、女性らしいフィット感のあるラインを演出。
・裾に向かってふんわり広がるAラインシルエットで、ウエストの細さが際立つように計算されたディティール。
▼コーディネート
1枚でスタイリングが完成する存在感たっぷりの主役ワンピース。
サンダルやパンプスでガーリーにまとめるのはもちろん、厚底シューズを合わせたスタイリングもおすすめです。
------------------------------
生地感：普通
伸縮性：なし
透け感：なし
裏地：あり
------------------------------
▼ブランド紹介
ems excite (エムズエキサイト）
“more fun more cute”
今をもっと楽しく
もっと可愛くいたい女の子に向けた
girly cuteなブランド
#ワンピース #オフショルダー #フェミニン #オフショルワンピ #ロングワンピース #チェック柄 #夏コーデ
▼注意事項
※撮影環境やモニター環境によって実際の商品とお色味が
多少異なってみえる場合がございます。
品番：EL656422G002　/ 品名：切替チェックロングワンピース"	in stock	999	new	4990 JPY	https://www.retro-girl.jp/item/111294.html	https://img-retro-girl.freetls.fastly.net/retrogirl/image_item/111/111294/11129402_b.jpg	ems excite		https://img-retro-girl.freetls.fastly.net/retrogirl/image_item/111/111294/11129401_b.jpg	ワンピース/ドレス > ロング・マキシワンピース	ブラウン/チェック	FREE	ポリエステル：100％	adult	female	
EL656422G0021607	EL656422G002	切替チェックロングワンピース - ブラック/チェック / FREE	"＜美シルエットを叶えるチェック柄ワンピース＞
▼デザイン
・肩を大胆に見せたオープンショルダーデザインのロングワンピース。
・袖口のフリルと華奢なリボンが、フェミニンなアクセントに！
・ウエストは身体に沿っていて、女性らしいフィット感のあるラインを演出。
・裾に向かってふんわり広がるAラインシルエットで、ウエストの細さが際立つように計算されたディティール。
▼コーディネート
1枚でスタイリングが完成する存在感たっぷりの主役ワンピース。
サンダルやパンプスでガーリーにまとめるのはもちろん、厚底シューズを合わせたスタイリングもおすすめです。
------------------------------
生地感：普通
伸縮性：なし
透け感：なし
裏地：あり
------------------------------
▼ブランド紹介
ems excite (エムズエキサイト）
“more fun more cute”
今をもっと楽しく
もっと可愛くいたい女の子に向けた
girly cuteなブランド
#ワンピース #オフショルダー #フェミニン #オフショルワンピ #ロングワンピース #チェック柄 #夏コーデ
▼注意事項
※撮影環境やモニター環境によって実際の商品とお色味が
多少異なってみえる場合がございます。
品番：EL656422G002　/ 品名：切替チェックロングワンピース"	in stock	999	new	4990 JPY	https://www.retro-girl.jp/item/111294.html	https://img-retro-girl.freetls.fastly.net/retrogirl/image_item/111/111294/11129401_b.jpg	ems excite		https://img-retro-girl.freetls.fastly.net/retrogirl/image_item/111/111294/11129402_b.jpg	ワンピース/ドレス > ロング・マキシワンピース	ブラック/チェック	FREE	ポリエステル：100％	adult	female	
RE647731B0010407	RE647731B001	ティアードスカート - エクリュ / FREE	"＜ティアードシルエットでふんわり女性らしいスカート＞
▼デザイン
・３段のティアードで女性らしいシルエット
・秋冬を感じるしっかり厚手の素材で防寒力も◎
・ウエストはゴムになっているので、伸縮性もあるゆったりした履き心地
・定番で合わせやすいデザインなので、どんなトップスとも組み合わせ可能♪
▼コーディネート
女性らしいフェミニンスタイリングにおすすめ！
大き目ニットと合わせても可愛い冬コーデに仕上ります。
▼スタイルアップポイント
骨格問わず着用できるデザイン。
腰回りもカバーしてくれるので、気になりやすいウェーブさん、ストレートさんのお悩みを解決！
-----------------------------
生地感：普通
伸縮性：なし
透け感：なし
裏地：ある
------------------------------
▼ブランド紹介
RETRO GIRL (レトロガール）
～日常に、ひとさじのときめきを～
いつものスタイルに新しい気分を織り込んで、
毎日をたのしむきっかけを作るブランド。
▼SNS
新着アイテムやお得なセール情報を配信中♪
【公式 Instagram】
＠retrogirl_official
【公式 TikTok】
@retrogirl_official
#スカート #ティアードスカート #フェミニンコーデ #定番コーデ ＃大人コーデ #ティアード
▼注意事項
※撮影環境やモニター環境によって実際の商品とお色味が多少異なってみえる場合がございます。
品番：RE647731B001　/ 品名：ティアードスカート"	in stock	999	new	3990 JPY	https://www.retro-girl.jp/item/111352.html	https://img-retro-girl.freetls.fastly.net/retrogirl/image_item/111/111352/11135201_b.jpg	RETRO GIRL		https://img-retro-girl.freetls.fastly.net/retrogirl/image_item/111/111352/11135202_b.jpg,https://img-retro-girl.freetls.fastly.net/retrogirl/image_item/111/111352/11135203_b.jpg	スカート > ロング･マキシスカート	エクリュ	FREE		adult	female	
RE647731B0010907	RE647731B001	ティアードスカート - ブラック / FREE	"＜ティアードシルエットでふんわり女性らしいスカート＞
▼デザイン
・３段のティアードで女性らしいシルエット
・秋冬を感じるしっかり厚手の素材で防寒力も◎
・ウエストはゴムになっているので、伸縮性もあるゆったりした履き心地
・定番で合わせやすいデザインなので、どんなトップスとも組み合わせ可能♪
▼コーディネート
女性らしいフェミニンスタイリングにおすすめ！
大き目ニットと合わせても可愛い冬コーデに仕上ります。
▼スタイルアップポイント
骨格問わず着用できるデザイン。
腰回りもカバーしてくれるので、気になりやすいウェーブさん、ストレートさんのお悩みを解決！
-----------------------------
生地感：普通
伸縮性：なし
透け感：なし
裏地：ある
------------------------------
▼ブランド紹介
RETRO GIRL (レトロガール）
～日常に、ひとさじのときめきを～
いつものスタイルに新しい気分を織り込んで、
毎日をたのしむきっかけを作るブランド。
▼SNS
新着アイテムやお得なセール情報を配信中♪
【公式 Instagram】
＠retrogirl_official
【公式 TikTok】
@retrogirl_official
#スカート #ティアードスカート #フェミニンコーデ #定番コーデ ＃大人コーデ #ティアード
▼注意事項
※撮影環境やモニター環境によって実際の商品とお色味が多少異なってみえる場合がございます。
品番：RE647731B001　/ 品名：ティアードスカート"	in stock	999	new	3990 JPY	https://www.retro-girl.jp/item/111352.html	https://img-retro-girl.freetls.fastly.net/retrogirl/image_item/111/111352/11135202_b.jpg	RETRO GIRL		https://img-retro-girl.freetls.fastly.net/retrogirl/image_item/111/111352/11135201_b.jpg,https://img-retro-girl.freetls.fastly.net/retrogirl/image_item/111/111352/11135203_b.jpg	スカート > ロング･マキシスカート	ブラック	FREE		adult	female	
RE647731B0015007	RE647731B001	ティアードスカート - ブラウン / FREE	"＜ティアードシルエットでふんわり女性らしいスカート＞
▼デザイン
・３段のティアードで女性らしいシルエット
・秋冬を感じるしっかり厚手の素材で防寒力も◎
・ウエストはゴムになっているので、伸縮性もあるゆったりした履き心地
・定番で合わせやすいデザインなので、どんなトップスとも組み合わせ可能♪
▼コーディネート
女性らしいフェミニンスタイリングにおすすめ！
大き目ニットと合わせても可愛い冬コーデに仕上ります。
▼スタイルアップポイント
骨格問わず着用できるデザイン。
腰回りもカバーしてくれるので、気になりやすいウェーブさん、ストレートさんのお悩みを解決！
-----------------------------
生地感：普通
伸縮性：なし
透け感：なし
裏地：ある
------------------------------
▼ブランド紹介
RETRO GIRL (レトロガール）
～日常に、ひとさじのときめきを～
いつものスタイルに新しい気分を織り込んで、
毎日をたのしむきっかけを作るブランド。
▼SNS
新着アイテムやお得なセール情報を配信中♪
【公式 Instagram】
＠retrogirl_official
【公式 TikTok】
@retrogirl_official
#スカート #ティアードスカート #フェミニンコーデ #定番コーデ ＃大人コーデ #ティアード
▼注意事項
※撮影環境やモニター環境によって実際の商品とお色味が多少異なってみえる場合がございます。
品番：RE647731B001　/ 品名：ティアードスカート"	in stock	999	new	3990 JPY	https://www.retro-girl.jp/item/111352.html	https://img-retro-girl.freetls.fastly.net/retrogirl/image_item/111/111352/11135203_b.jpg	RETRO GIRL		https://img-retro-girl.freetls.fastly.net/retrogirl/image_item/111/111352/11135201_b.jpg,https://img-retro-girl.freetls.fastly.net/retrogirl/image_item/111/111352/11135202_b.jpg	スカート > ロング･マキシスカート	ブラウン	FREE		adult	female	
RL645941B0028000	RL645941B002	【トイストーリー】サガラポーチ - ブルー / ONE SIZE	"〈TOY STORY COLLECTION〉
▼デザイン
大ヒット上映中！『トイ・ストーリー』のアイテムが登場！
もこもこしたサガラ刺繍が可愛いポーチ！
お気に入りのキャラクターと一緒なら、いつものお出かけももっと楽しく
マチもしっかりしていて、大容量なのが嬉しい！
▼ブランド紹介
RETRO GIRL (レトロガール）
自分らしい“ベーシックアイテム”と
新しい自分の”トレンドアイテム”が
見つかる場所
今らしいファッションを楽しむ
女性のためのブランド
#ポーチ #ストラップ #サガラ刺繍 #コラボバッグ #カラーアイテム
▼注意事項
バズ・ライトイヤー、リトルグリーンメンのデザイン：ブラウン
ウッディ、ジェシーのデザイン：ブラウン/柄
ボーピープのデザイン：ブルー
※撮影環境やモニター環境によって実際の商品とお色味が
多少異なってみえる場合がございます。
品番：RL645941B002　/ 品名：【トイストーリー】サガラポーチ"	in stock	999	new	2990 JPY	https://www.retro-girl.jp/item/111315.html	https://img-retro-girl.freetls.fastly.net/retrogirl/image_item/111/111315/11131503_b.jpg	RETRO GIRL		https://img-retro-girl.freetls.fastly.net/retrogirl/image_item/111/111315/11131501_b.jpg,https://img-retro-girl.freetls.fastly.net/retrogirl/image_item/111/111315/11131502_b.jpg	その他 > その他	ブルー	ONE SIZE	表面：アクリル100％背面：綿100％裏地：ポリエステル100％	adult	female	
EF656122G0010607	EF656122G001	前リボンミニワンピース - ホワイト/柄 / FREE	"＜大ぶりのドット柄で存在感あるに見ワンピース＞
▼デザイン
・今年トレンドのドット柄キャミワンピ！
・肩紐部分はアジャスターがついているので、着丈の調節も可能です♪
・胸元のBIGリボンは存在感たっぷり♪
・裾からちらっと見えるヒゲレースが今年らしい！
▼コーディネート
デニムパンツと合わせてチュニックっぽく着るのもおすすめ！
１枚で着る場合は、ボトムにミニ丈ボトムを合わせてみて♪
------------------------------
生地感：普通
伸縮性：なし
透け感：なし
裏地：ある
------------------------------
▼ブランド紹介
ems excite (エムズエキサイト）
“more fun more cute”
今をもっと楽しく
もっと可愛くいたい女の子に向けた
girly cuteなブランド
#夏ワンピ #キャミワンピース #ガーリー #ガーリーワンピ #ミニワンピ #レイヤードコーデ #ドット柄
▼注意事項
※撮影環境やモニター環境によって実際の商品とお色味が
多少異なってみえる場合がございます。
品番：EF656122G001　/ 品名：前リボンミニワンピース"	in stock	999	new	4390 JPY	https://www.retro-girl.jp/item/111382.html	https://img-retro-girl.freetls.fastly.net/retrogirl/image_item/111/111382/11138201_b.jpg	ems excite		https://img-retro-girl.freetls.fastly.net/retrogirl/image_item/111/111382/11138202_b.jpg,https://img-retro-girl.freetls.fastly.net/retrogirl/image_item/111/111382/11138203_b.jpg	ワンピース/ドレス > ミニワンピース	ホワイト/柄	FREE	表地：ポリエステル100％裏地：ポリエステル100％レース：ナイロン100％	adult	female	
EF656122G0011807	EF656122G001	前リボンミニワンピース - ブラック/ドット / FREE	"＜大ぶりのドット柄で存在感あるに見ワンピース＞
▼デザイン
・今年トレンドのドット柄キャミワンピ！
・肩紐部分はアジャスターがついているので、着丈の調節も可能です♪
・胸元のBIGリボンは存在感たっぷり♪
・裾からちらっと見えるヒゲレースが今年らしい！
▼コーディネート
デニムパンツと合わせてチュニックっぽく着るのもおすすめ！
１枚で着る場合は、ボトムにミニ丈ボトムを合わせてみて♪
------------------------------
生地感：普通
伸縮性：なし
透け感：なし
裏地：ある
------------------------------
▼ブランド紹介
ems excite (エムズエキサイト）
“more fun more cute”
今をもっと楽しく
もっと可愛くいたい女の子に向けた
girly cuteなブランド
#夏ワンピ #キャミワンピース #ガーリー #ガーリーワンピ #ミニワンピ #レイヤードコーデ #ドット柄
▼注意事項
※撮影環境やモニター環境によって実際の商品とお色味が
多少異なってみえる場合がございます。
品番：EF656122G001　/ 品名：前リボンミニワンピース"	in stock	999	new	4390 JPY	https://www.retro-girl.jp/item/111382.html	https://img-retro-girl.freetls.fastly.net/retrogirl/image_item/111/111382/11138202_b.jpg	ems excite		https://img-retro-girl.freetls.fastly.net/retrogirl/image_item/111/111382/11138201_b.jpg,https://img-retro-girl.freetls.fastly.net/retrogirl/image_item/111/111382/11138203_b.jpg	ワンピース/ドレス > ミニワンピース	ブラック/ドット	FREE	表地：ポリエステル100％裏地：ポリエステル100％レース：ナイロン100％	adult	female	
EF656122G0013807	EF656122G001	前リボンミニワンピース - レッド/ドット / FREE	"＜大ぶりのドット柄で存在感あるに見ワンピース＞
▼デザイン
・今年トレンドのドット柄キャミワンピ！
・肩紐部分はアジャスターがついているので、着丈の調節も可能です♪
・胸元のBIGリボンは存在感たっぷり♪
・裾からちらっと見えるヒゲレースが今年らしい！
▼コーディネート
デニムパンツと合わせてチュニックっぽく着るのもおすすめ！
１枚で着る場合は、ボトムにミニ丈ボトムを合わせてみて♪
------------------------------
生地感：普通
伸縮性：なし
透け感：なし
裏地：ある
------------------------------
▼ブランド紹介
ems excite (エムズエキサイト）
“more fun more cute”
今をもっと楽しく
もっと可愛くいたい女の子に向けた
girly cuteなブランド
#夏ワンピ #キャミワンピース #ガーリー #ガーリーワンピ #ミニワンピ #レイヤードコーデ #ドット柄
▼注意事項
※撮影環境やモニター環境によって実際の商品とお色味が
多少異なってみえる場合がございます。
品番：EF656122G001　/ 品名：前リボンミニワンピース"	in stock	999	new	4390 JPY	https://www.retro-girl.jp/item/111382.html	https://img-retro-girl.freetls.fastly.net/retrogirl/image_item/111/111382/11138203_b.jpg	ems excite		https://img-retro-girl.freetls.fastly.net/retrogirl/image_item/111/111382/11138201_b.jpg,https://img-retro-girl.freetls.fastly.net/retrogirl/image_item/111/111382/11138202_b.jpg	ワンピース/ドレス > ミニワンピース	レッド/ドット	FREE	表地：ポリエステル100％裏地：ポリエステル100％レース：ナイロン100％	adult	female	
RL657111N0020907	RL657111N002	ポコポコカットカーデ - ブラック / FREE	"＜表面感のあるポコポコ素材が優しいカットカーディガン＞
▼デザイン
・ベーシックで使いやすいカーディガン。
・表面感のあるポコポコ素材で触り心地抜群！
・軽い着心地で、夏の羽織にも最適！
・襟付きなので、綺麗目にも着用して頂けます
▼コーディネート
羽織もトップス使いもできるカーディガンアイテム。
デイリー使いにぴったりな着回し力アイテム。
▼スタイルアップポイント
骨格ストレートさんは、第一ボタンまで開ければ、首が長く見えて小顔効果が！
ナチュラルさんはゆるっとワイドなデニムと合わせるのがおすすめです。
-----------------------------
生地感：普通
伸縮性：あり
透け感：なし
裏地：なし
------------------------------
▼ブランド紹介
RETRO GIRL (レトロガール）
自分らしい“ベーシックアイテム”と
新しい自分の”トレンドアイテム”が
見つかる場所
今らしいファッションを楽しむ
女性のためのブランド
#ポコポコ素材 #カーディガン #襟付きカーデ
▼注意事項
※撮影環境やモニター環境によって実際の商品とお色味が
多少異なってみえる場合がございます。
品番：RL657111N002　/ 品名：ポコポコカットカーデ"	in stock	999	new	3080 JPY	https://www.retro-girl.jp/item/111310.html	https://img-retro-girl.freetls.fastly.net/retrogirl/image_item/111/111310/11131001_b.jpg	RETRO GIRL		https://img-retro-girl.freetls.fastly.net/retrogirl/image_item/111/111310/11131002_b.jpg,https://img-retro-girl.freetls.fastly.net/retrogirl/image_item/111/111310/11131003_b.jpg	トップス > カーディガン/ボレロ	ブラック	FREE		adult	female	
RL657111N0025007	RL657111N002	ポコポコカットカーデ - ブラウン / FREE	"＜表面感のあるポコポコ素材が優しいカットカーディガン＞
▼デザイン
・ベーシックで使いやすいカーディガン。
・表面感のあるポコポコ素材で触り心地抜群！
・軽い着心地で、夏の羽織にも最適！
・襟付きなので、綺麗目にも着用して頂けます
▼コーディネート
羽織もトップス使いもできるカーディガンアイテム。
デイリー使いにぴったりな着回し力アイテム。
▼スタイルアップポイント
骨格ストレートさんは、第一ボタンまで開ければ、首が長く見えて小顔効果が！
ナチュラルさんはゆるっとワイドなデニムと合わせるのがおすすめです。
-----------------------------
生地感：普通
伸縮性：あり
透け感：なし
裏地：なし
------------------------------
▼ブランド紹介
RETRO GIRL (レトロガール）
自分らしい“ベーシックアイテム”と
新しい自分の”トレンドアイテム”が
見つかる場所
今らしいファッションを楽しむ
女性のためのブランド
#ポコポコ素材 #カーディガン #襟付きカーデ
▼注意事項
※撮影環境やモニター環境によって実際の商品とお色味が
多少異なってみえる場合がございます。
品番：RL657111N002　/ 品名：ポコポコカットカーデ"	in stock	999	new	3080 JPY	https://www.retro-girl.jp/item/111310.html	https://img-retro-girl.freetls.fastly.net/retrogirl/image_item/111/111310/11131002_b.jpg	RETRO GIRL		https://img-retro-girl.freetls.fastly.net/retrogirl/image_item/111/111310/11131001_b.jpg,https://img-retro-girl.freetls.fastly.net/retrogirl/image_item/111/111310/11131003_b.jpg	トップス > カーディガン/ボレロ	ブラウン	FREE		adult	female	
RL657111N0026207	RL657111N002	ポコポコカットカーデ - ダークイエロー / FREE	"＜表面感のあるポコポコ素材が優しいカットカーディガン＞
▼デザイン
・ベーシックで使いやすいカーディガン。
・表面感のあるポコポコ素材で触り心地抜群！
・軽い着心地で、夏の羽織にも最適！
・襟付きなので、綺麗目にも着用して頂けます
▼コーディネート
羽織もトップス使いもできるカーディガンアイテム。
デイリー使いにぴったりな着回し力アイテム。
▼スタイルアップポイント
骨格ストレートさんは、第一ボタンまで開ければ、首が長く見えて小顔効果が！
ナチュラルさんはゆるっとワイドなデニムと合わせるのがおすすめです。
-----------------------------
生地感：普通
伸縮性：あり
透け感：なし
裏地：なし
------------------------------
▼ブランド紹介
RETRO GIRL (レトロガール）
自分らしい“ベーシックアイテム”と
新しい自分の”トレンドアイテム”が
見つかる場所
今らしいファッションを楽しむ
女性のためのブランド
#ポコポコ素材 #カーディガン #襟付きカーデ
▼注意事項
※撮影環境やモニター環境によって実際の商品とお色味が
多少異なってみえる場合がございます。
品番：RL657111N002　/ 品名：ポコポコカットカーデ"	in stock	999	new	3080 JPY	https://www.retro-girl.jp/item/111310.html	https://img-retro-girl.freetls.fastly.net/retrogirl/image_item/111/111310/11131003_b.jpg	RETRO GIRL		https://img-retro-girl.freetls.fastly.net/retrogirl/image_item/111/111310/11131001_b.jpg,https://img-retro-girl.freetls.fastly.net/retrogirl/image_item/111/111310/11131002_b.jpg	トップス > カーディガン/ボレロ	ダークイエロー	FREE		adult	female	
EE657111G0015607	EE657111G001	柄アソートリボンキャミ - ブラウン/チェック / FREE	"〈胸元のリボンがワンポイントになるカップ付きキャミソール〉
▼デザイン
・夏に大人気だったキャミソールが秋カラーにブラッシュアップ！
・胸元に施されたリボンがemsらしい可愛いワンポイント！
・今年らしいドット柄や秋っぽいチェック柄のアソート4色でご用意♪
・デザイン性抜群なアイテムながらとってもプチプラなので、２色買いもおススメです！
▼コーディネート
上からシャツやカーディガンを羽織って秋コーデに♪
見せても可愛いデザインと、インナーにもなる汎用性がとっても嬉しい！
------------------------------
生地感：普通
伸縮性：ある
透け感：なし
裏地：なし
------------------------------
▼ブランド紹介
ems excite (エムズエキサイト）
“more fun more cute”
今をもっと楽しく
もっと可愛くいたい女の子に向けた
girly cuteなブランド
#インナー #カップ付きインナー #レイヤードコーデ #リボン #秋コーデ #チェック柄 #ドット柄 #カップ付き #キャミソール
▼注意事項
※撮影環境やモニター環境によって実際の商品とお色味が
多少異なってみえる場合がございます。
品番：EE657111G001　/ 品名：柄アソートリボンキャミ"	in stock	999	new	2590 JPY	https://www.retro-girl.jp/item/111350.html	https://img-retro-girl.freetls.fastly.net/retrogirl/image_item/111/111350/11135003_b.jpg	ems excite		https://img-retro-girl.freetls.fastly.net/retrogirl/image_item/111/111350/11135001_b.jpg,https://img-retro-girl.freetls.fastly.net/retrogirl/image_item/111/111350/11135002_b.jpg,https://img-retro-girl.freetls.fastly.net/retrogirl/image_item/111/111350/11135004_b.jpg	トップス > キャミソール	ブラウン/チェック	FREE	表地　ポリエステル：62％綿:33％ポリウレタン：５％裏地　ポリエステル：62％綿:33％ポリウレタン：5％　レース部分　ナイロン:90％ポリウレタン：10％	adult	female	
EE657111G0010607	EE657111G001	柄アソートリボンキャミ - ホワイト/柄 / FREE	"〈胸元のリボンがワンポイントになるカップ付きキャミソール〉
▼デザイン
・夏に大人気だったキャミソールが秋カラーにブラッシュアップ！
・胸元に施されたリボンがemsらしい可愛いワンポイント！
・今年らしいドット柄や秋っぽいチェック柄のアソート4色でご用意♪
・デザイン性抜群なアイテムながらとってもプチプラなので、２色買いもおススメです！
▼コーディネート
上からシャツやカーディガンを羽織って秋コーデに♪
見せても可愛いデザインと、インナーにもなる汎用性がとっても嬉しい！
------------------------------
生地感：普通
伸縮性：ある
透け感：なし
裏地：なし
------------------------------
▼ブランド紹介
ems excite (エムズエキサイト）
“more fun more cute”
今をもっと楽しく
もっと可愛くいたい女の子に向けた
girly cuteなブランド
#インナー #カップ付きインナー #レイヤードコーデ #リボン #秋コーデ #チェック柄 #ドット柄 #カップ付き #キャミソール
▼注意事項
※撮影環境やモニター環境によって実際の商品とお色味が
多少異なってみえる場合がございます。
品番：EE657111G001　/ 品名：柄アソートリボンキャミ"	in stock	999	new	2590 JPY	https://www.retro-girl.jp/item/111350.html	https://img-retro-girl.freetls.fastly.net/retrogirl/image_item/111/111350/11135001_b.jpg	ems excite		https://img-retro-girl.freetls.fastly.net/retrogirl/image_item/111/111350/11135003_b.jpg,https://img-retro-girl.freetls.fastly.net/retrogirl/image_item/111/111350/11135002_b.jpg,https://img-retro-girl.freetls.fastly.net/retrogirl/image_item/111/111350/11135004_b.jpg	トップス > キャミソール	ホワイト/柄	FREE	表地　ポリエステル：62％綿:33％ポリウレタン：５％裏地　ポリエステル：62％綿:33％ポリウレタン：5％　レース部分　ナイロン:90％ポリウレタン：10％	adult	female	
EE657111G0013607	EE657111G001	柄アソートリボンキャミ - レッド/チェック / FREE	"〈胸元のリボンがワンポイントになるカップ付きキャミソール〉
▼デザイン
・夏に大人気だったキャミソールが秋カラーにブラッシュアップ！
・胸元に施されたリボンがemsらしい可愛いワンポイント！
・今年らしいドット柄や秋っぽいチェック柄のアソート4色でご用意♪
・デザイン性抜群なアイテムながらとってもプチプラなので、２色買いもおススメです！
▼コーディネート
上からシャツやカーディガンを羽織って秋コーデに♪
見せても可愛いデザインと、インナーにもなる汎用性がとっても嬉しい！
------------------------------
生地感：普通
伸縮性：ある
透け感：なし
裏地：なし
------------------------------
▼ブランド紹介
ems excite (エムズエキサイト）
“more fun more cute”
今をもっと楽しく
もっと可愛くいたい女の子に向けた
girly cuteなブランド
#インナー #カップ付きインナー #レイヤードコーデ #リボン #秋コーデ #チェック柄 #ドット柄 #カップ付き #キャミソール
▼注意事項
※撮影環境やモニター環境によって実際の商品とお色味が
多少異なってみえる場合がございます。
品番：EE657111G001　/ 品名：柄アソートリボンキャミ"	in stock	999	new	2590 JPY	https://www.retro-girl.jp/item/111350.html	https://img-retro-girl.freetls.fastly.net/retrogirl/image_item/111/111350/11135002_b.jpg	ems excite		https://img-retro-girl.freetls.fastly.net/retrogirl/image_item/111/111350/11135003_b.jpg,https://img-retro-girl.freetls.fastly.net/retrogirl/image_item/111/111350/11135001_b.jpg,https://img-retro-girl.freetls.fastly.net/retrogirl/image_item/111/111350/11135004_b.jpg	トップス > キャミソール	レッド/チェック	FREE	表地　ポリエステル：62％綿:33％ポリウレタン：５％裏地　ポリエステル：62％綿:33％ポリウレタン：5％　レース部分　ナイロン:90％ポリウレタン：10％	adult	female	
EE657111G0015807	EE657111G001	柄アソートリボンキャミ - ブラウン/ドット / FREE	"〈胸元のリボンがワンポイントになるカップ付きキャミソール〉
▼デザイン
・夏に大人気だったキャミソールが秋カラーにブラッシュアップ！
・胸元に施されたリボンがemsらしい可愛いワンポイント！
・今年らしいドット柄や秋っぽいチェック柄のアソート4色でご用意♪
・デザイン性抜群なアイテムながらとってもプチプラなので、２色買いもおススメです！
▼コーディネート
上からシャツやカーディガンを羽織って秋コーデに♪
見せても可愛いデザインと、インナーにもなる汎用性がとっても嬉しい！
------------------------------
生地感：普通
伸縮性：ある
透け感：なし
裏地：なし
------------------------------
▼ブランド紹介
ems excite (エムズエキサイト）
“more fun more cute”
今をもっと楽しく
もっと可愛くいたい女の子に向けた
girly cuteなブランド
#インナー #カップ付きインナー #レイヤードコーデ #リボン #秋コーデ #チェック柄 #ドット柄 #カップ付き #キャミソール
▼注意事項
※撮影環境やモニター環境によって実際の商品とお色味が
多少異なってみえる場合がございます。
品番：EE657111G001　/ 品名：柄アソートリボンキャミ"	in stock	999	new	2590 JPY	https://www.retro-girl.jp/item/111350.html	https://img-retro-girl.freetls.fastly.net/retrogirl/image_item/111/111350/11135004_b.jpg	ems excite		https://img-retro-girl.freetls.fastly.net/retrogirl/image_item/111/111350/11135003_b.jpg,https://img-retro-girl.freetls.fastly.net/retrogirl/image_item/111/111350/11135001_b.jpg,https://img-retro-girl.freetls.fastly.net/retrogirl/image_item/111/111350/11135002_b.jpg	トップス > キャミソール	ブラウン/ドット	FREE	表地　ポリエステル：62％綿:33％ポリウレタン：５％裏地　ポリエステル：62％綿:33％ポリウレタン：5％　レース部分　ナイロン:90％ポリウレタン：10％	adult	female	
RE641511N0020407	RE641511N002	2wayラグランロンTシャツ - エクリュ / FREE	"＜カジュアルで可愛い配色が目を惹くラグランTシャツ＞
▼デザイン
・袖とフロントのカラーが違うラグランアイテム。
・透け感のあるシアー素材で夏から秋に涼しいな着心地
・RETRO GIRLらしいデザイン性の光るアイテムです。
・前後2wayでいろんな着こなしが楽しめるのも魅力！
▼コーディネート
カジュアルにデニム合わせでもコーデがまとまるアイテム！
韓国っぽいスタイリングにおすすめです。
------------------------------
生地感：薄手
伸縮性：あり
透け感：なし
裏地：なし
------------------------------
▼ブランド紹介
RETRO GIRL (レトロガール）
自分らしい“ベーシックアイテム”と
新しい自分の”トレンドアイテム”が
見つかる場所
今らしいファッションを楽しむ
女性のためのブランド
#ラグランデザイン #シアー素材 ＃カジュアルコーデ　＃韓国コーデ #バイカラーアイテム ＃トレンドコーデ #2way
▼注意事項
※撮影環境やモニター環境によって実際の商品とお色味が
多少異なってみえる場合がございます。
品番：RE641511N002　/ 品名:2wayラグランロンT"	in stock	999	new	3290 JPY	https://www.retro-girl.jp/item/111290.html	https://img-retro-girl.freetls.fastly.net/retrogirl/image_item/111/111290/11129001_b.jpg	RETRO GIRL		https://img-retro-girl.freetls.fastly.net/retrogirl/image_item/111/111290/11129002_b.jpg,https://img-retro-girl.freetls.fastly.net/retrogirl/image_item/111/111290/11129003_b.jpg	トップス > Tシャツ/カットソー	エクリュ	FREE	ポリエステル80％ レーヨン20％	adult	female	
RE641511N0028007	RE641511N002	2wayラグランロンTシャツ - ブルー / FREE	"＜カジュアルで可愛い配色が目を惹くラグランTシャツ＞
▼デザイン
・袖とフロントのカラーが違うラグランアイテム。
・透け感のあるシアー素材で夏から秋に涼しいな着心地
・RETRO GIRLらしいデザイン性の光るアイテムです。
・前後2wayでいろんな着こなしが楽しめるのも魅力！
▼コーディネート
カジュアルにデニム合わせでもコーデがまとまるアイテム！
韓国っぽいスタイリングにおすすめです。
------------------------------
生地感：薄手
伸縮性：あり
透け感：なし
裏地：なし
------------------------------
▼ブランド紹介
RETRO GIRL (レトロガール）
自分らしい“ベーシックアイテム”と
新しい自分の”トレンドアイテム”が
見つかる場所
今らしいファッションを楽しむ
女性のためのブランド
#ラグランデザイン #シアー素材 ＃カジュアルコーデ　＃韓国コーデ #バイカラーアイテム ＃トレンドコーデ #2way
▼注意事項
※撮影環境やモニター環境によって実際の商品とお色味が
多少異なってみえる場合がございます。
品番：RE641511N002　/ 品名:2wayラグランロンT"	in stock	999	new	3290 JPY	https://www.retro-girl.jp/item/111290.html	https://img-retro-girl.freetls.fastly.net/retrogirl/image_item/111/111290/11129003_b.jpg	RETRO GIRL		https://img-retro-girl.freetls.fastly.net/retrogirl/image_item/111/111290/11129002_b.jpg,https://img-retro-girl.freetls.fastly.net/retrogirl/image_item/111/111290/11129001_b.jpg	トップス > Tシャツ/カットソー	ブルー	FREE	ポリエステル80％ レーヨン20％	adult	female	
EL634822C0025607	EL634822C002	ノースリチェックシャツワンピース - ブラウン/チェック / FREE	"＜1枚でコーデが完成するシャツワンピース＞
▼デザイン
・ノースリーブで夏らしいワンピース
・チェック柄で華やかな印象に仕上ります。
・ウエストはゴムで絞られていて、伸縮性抜群◎
・胸元のタグデザインがアクセントになるワンポイント！
▼コーディネート
１枚でコーデが完成するアイテム。
気温に合わせて上から羽織ることで、長く着用頂けます。
------------------------------
生地感：普通
伸縮性：なし
透け感：なし
裏地：なし
------------------------------
▼ブランド紹介
ems excite (エムズエキサイト）
“more fun more cute”
今をもっと楽しく
もっと可愛くいたい女の子に向けた
girly cuteなブランド
#夏ワンピ #シャツワンピース #ガーリー #ガーリーワンピ #ミニワンピ #チェック柄 #ノースリワンピース
▼注意事項
※撮影環境やモニター環境によって実際の商品とお色味が
多少異なってみえる場合がございます。
品番：EL634822C002　/ 品名：ノースリチェックシャツＯＰ"	in stock	999	new	4990 JPY	https://www.retro-girl.jp/item/111328.html	https://img-retro-girl.freetls.fastly.net/retrogirl/image_item/111/111328/11132801_b.jpg	ems excite		https://img-retro-girl.freetls.fastly.net/retrogirl/image_item/111/111328/11132802_b.jpg	ワンピース/ドレス > ミニワンピース	ブラウン/チェック	FREE	ポリエステル：70％レーヨン：27％ポリウレタン：3％	adult	female	
EL634822C0028607	EL634822C002	ノースリチェックシャツワンピース - ブルー/チェック / FREE	"＜1枚でコーデが完成するシャツワンピース＞
▼デザイン
・ノースリーブで夏らしいワンピース
・チェック柄で華やかな印象に仕上ります。
・ウエストはゴムで絞られていて、伸縮性抜群◎
・胸元のタグデザインがアクセントになるワンポイント！
▼コーディネート
１枚でコーデが完成するアイテム。
気温に合わせて上から羽織ることで、長く着用頂けます。
------------------------------
生地感：普通
伸縮性：なし
透け感：なし
裏地：なし
------------------------------
▼ブランド紹介
ems excite (エムズエキサイト）
“more fun more cute”
今をもっと楽しく
もっと可愛くいたい女の子に向けた
girly cuteなブランド
#夏ワンピ #シャツワンピース #ガーリー #ガーリーワンピ #ミニワンピ #チェック柄 #ノースリワンピース
▼注意事項
※撮影環境やモニター環境によって実際の商品とお色味が
多少異なってみえる場合がございます。
品番：EL634822C002　/ 品名：ノースリチェックシャツＯＰ"	in stock	999	new	4990 JPY	https://www.retro-girl.jp/item/111328.html	https://img-retro-girl.freetls.fastly.net/retrogirl/image_item/111/111328/11132802_b.jpg	ems excite		https://img-retro-girl.freetls.fastly.net/retrogirl/image_item/111/111328/11132801_b.jpg	ワンピース/ドレス > ミニワンピース	ブルー/チェック	FREE	ポリエステル：70％レーヨン：27％ポリウレタン：3％	adult	female	
RF661843B0010900	RF661843B001	ギャザー2WAYBAG - ブラック / ONE SIZE	"〈欲しかったサイズ感が実現した秋冬BAG〉
▼デザイン
・入れたいものが入るピッタリサイズなバッグ。
・付属のショルダーを使えば、ショルダーバッグとしてもご使用いただけます。
・ボタンで開け閉め可能です◎
・モコモコのフェイクウールと、フェイクレザーのアソート展開でご用意！
▼コーディネート
カジュアルコーデはもちろん、コンパクトなデザインなので大人ベーシックなコーデにもマッチ。
▼ブランド紹介
RETRO GIRL (レトロガール）
自分らしい“ベーシックアイテム”と
新しい自分の”トレンドアイテム”が
見つかる場所
今らしいファッションを楽しむ
女性のためのブランド
#バッグ #ギャザー #ショルダーバッグ #2way
▼注意事項
※撮影環境やモニター環境によって実際の商品とお色味が
多少異なってみえる場合がございます。
品番：RF661843B001　/ 品名：ギャザー2wayバッグ"	in stock	999	new	4990 JPY	https://www.retro-girl.jp/item/111254.html	https://img-retro-girl.freetls.fastly.net/retrogirl/image_item/111/111254/11125401_b.jpg	RETRO GIRL		https://img-retro-girl.freetls.fastly.net/retrogirl/image_item/111/111254/11125402_b.jpg,https://img-retro-girl.freetls.fastly.net/retrogirl/image_item/111/111254/11125403_b.jpg	バッグ > ショルダーバッグ	ブラック	ONE SIZE	【ブラウン・ベージュ】表地：ポリエステル  裏地：ポリエステル【ブラック】表地：合成皮革  裏地：ポリエステル	adult	female	
RF661843B0015000	RF661843B001	ギャザー2WAYBAG - ブラウン / ONE SIZE	"〈欲しかったサイズ感が実現した秋冬BAG〉
▼デザイン
・入れたいものが入るピッタリサイズなバッグ。
・付属のショルダーを使えば、ショルダーバッグとしてもご使用いただけます。
・ボタンで開け閉め可能です◎
・モコモコのフェイクウールと、フェイクレザーのアソート展開でご用意！
▼コーディネート
カジュアルコーデはもちろん、コンパクトなデザインなので大人ベーシックなコーデにもマッチ。
▼ブランド紹介
RETRO GIRL (レトロガール）
自分らしい“ベーシックアイテム”と
新しい自分の”トレンドアイテム”が
見つかる場所
今らしいファッションを楽しむ
女性のためのブランド
#バッグ #ギャザー #ショルダーバッグ #2way
▼注意事項
※撮影環境やモニター環境によって実際の商品とお色味が
多少異なってみえる場合がございます。
品番：RF661843B001　/ 品名：ギャザー2wayバッグ"	in stock	999	new	4990 JPY	https://www.retro-girl.jp/item/111254.html	https://img-retro-girl.freetls.fastly.net/retrogirl/image_item/111/111254/11125402_b.jpg	RETRO GIRL		https://img-retro-girl.freetls.fastly.net/retrogirl/image_item/111/111254/11125401_b.jpg,https://img-retro-girl.freetls.fastly.net/retrogirl/image_item/111/111254/11125403_b.jpg	バッグ > ショルダーバッグ	ブラウン	ONE SIZE	【ブラウン・ベージュ】表地：ポリエステル  裏地：ポリエステル【ブラック】表地：合成皮革  裏地：ポリエステル	adult	female	
RF661843B0015400	RF661843B001	ギャザー2WAYBAG - ベージュ / ONE SIZE	"〈欲しかったサイズ感が実現した秋冬BAG〉
▼デザイン
・入れたいものが入るピッタリサイズなバッグ。
・付属のショルダーを使えば、ショルダーバッグとしてもご使用いただけます。
・ボタンで開け閉め可能です◎
・モコモコのフェイクウールと、フェイクレザーのアソート展開でご用意！
▼コーディネート
カジュアルコーデはもちろん、コンパクトなデザインなので大人ベーシックなコーデにもマッチ。
▼ブランド紹介
RETRO GIRL (レトロガール）
自分らしい“ベーシックアイテム”と
新しい自分の”トレンドアイテム”が
見つかる場所
今らしいファッションを楽しむ
女性のためのブランド
#バッグ #ギャザー #ショルダーバッグ #2way
▼注意事項
※撮影環境やモニター環境によって実際の商品とお色味が
多少異なってみえる場合がございます。
品番：RF661843B001　/ 品名：ギャザー2wayバッグ"	in stock	999	new	4990 JPY	https://www.retro-girl.jp/item/111254.html	https://img-retro-girl.freetls.fastly.net/retrogirl/image_item/111/111254/11125403_b.jpg	RETRO GIRL		https://img-retro-girl.freetls.fastly.net/retrogirl/image_item/111/111254/11125401_b.jpg,https://img-retro-girl.freetls.fastly.net/retrogirl/image_item/111/111254/11125402_b.jpg	バッグ > ショルダーバッグ	ベージュ	ONE SIZE	【ブラウン・ベージュ】表地：ポリエステル  裏地：ポリエステル【ブラック】表地：合成皮革  裏地：ポリエステル	adult	female	
EW680021G0012007	EW680021G001	ファーフード付中綿ブルゾン - ピンク / FREE	"＜フードを縁取るファーが冬らしい！冬の主役級アウター＞
▼デザイン
・ボリューミーで暖かい中綿ブルゾン
・センターZIPで着脱できる仕様で着心地抜群！
・裾は絞れて、シルエットのアレンジも可能です。
・カラー展開もemsらしい甘めカラーでご用意♪
▼コーディネート
カジュアルもガーリーも、何でもおまかせの万能アウター！
ミニスカートを合わせれば、韓国ガーリーに仕上がります。
------------------------------
生地感：厚手
伸縮性：なし
透け感：なし
裏地：あり
------------------------------
▼ブランド紹介
ems excite (エムズエキサイト）
“more fun more cute”
今をもっと楽しく
もっと可愛くいたい女の子に向けた
girly cuteなブランド
#ブルゾン #アウター #ジャケット＃中綿 #ファー #フェイクファー
▼注意事項
※撮影環境やモニター環境によって実際の商品とお色味が多少異なってみえる場合がございます。
※サイズはサンプル品を基に採寸しております。
実際の商品とは若干の誤差が生じる場合がございますので、あらかじめご了承ください。
品番：EW680021G001　 / 品名：ファーフード付中綿ブルゾン"	in stock	999	new	7690 JPY	https://www.retro-girl.jp/item/111384.html	https://img-retro-girl.freetls.fastly.net/retrogirl/image_item/111/111384/11138403_b.jpg	ems excite		https://img-retro-girl.freetls.fastly.net/retrogirl/image_item/111/111384/11138401_b.jpg,https://img-retro-girl.freetls.fastly.net/retrogirl/image_item/111/111384/11138402_b.jpg	ジャケット/アウター > ブルゾン	ピンク	FREE		adult	female	
EW680021G0010407	EW680021G001	ファーフード付中綿ブルゾン - エクリュ / FREE	"＜フードを縁取るファーが冬らしい！冬の主役級アウター＞
▼デザイン
・ボリューミーで暖かい中綿ブルゾン
・センターZIPで着脱できる仕様で着心地抜群！
・裾は絞れて、シルエットのアレンジも可能です。
・カラー展開もemsらしい甘めカラーでご用意♪
▼コーディネート
カジュアルもガーリーも、何でもおまかせの万能アウター！
ミニスカートを合わせれば、韓国ガーリーに仕上がります。
------------------------------
生地感：厚手
伸縮性：なし
透け感：なし
裏地：あり
------------------------------
▼ブランド紹介
ems excite (エムズエキサイト）
“more fun more cute”
今をもっと楽しく
もっと可愛くいたい女の子に向けた
girly cuteなブランド
#ブルゾン #アウター #ジャケット＃中綿 #ファー #フェイクファー
▼注意事項
※撮影環境やモニター環境によって実際の商品とお色味が多少異なってみえる場合がございます。
※サイズはサンプル品を基に採寸しております。
実際の商品とは若干の誤差が生じる場合がございますので、あらかじめご了承ください。
品番：EW680021G001　 / 品名：ファーフード付中綿ブルゾン"	in stock	999	new	7690 JPY	https://www.retro-girl.jp/item/111384.html	https://img-retro-girl.freetls.fastly.net/retrogirl/image_item/111/111384/11138401_b.jpg	ems excite		https://img-retro-girl.freetls.fastly.net/retrogirl/image_item/111/111384/11138403_b.jpg,https://img-retro-girl.freetls.fastly.net/retrogirl/image_item/111/111384/11138402_b.jpg	ジャケット/アウター > ブルゾン	エクリュ	FREE		adult	female	
EW680021G0010907	EW680021G001	ファーフード付中綿ブルゾン - ブラック / FREE	"＜フードを縁取るファーが冬らしい！冬の主役級アウター＞
▼デザイン
・ボリューミーで暖かい中綿ブルゾン
・センターZIPで着脱できる仕様で着心地抜群！
・裾は絞れて、シルエットのアレンジも可能です。
・カラー展開もemsらしい甘めカラーでご用意♪
▼コーディネート
カジュアルもガーリーも、何でもおまかせの万能アウター！
ミニスカートを合わせれば、韓国ガーリーに仕上がります。
------------------------------
生地感：厚手
伸縮性：なし
透け感：なし
裏地：あり
------------------------------
▼ブランド紹介
ems excite (エムズエキサイト）
“more fun more cute”
今をもっと楽しく
もっと可愛くいたい女の子に向けた
girly cuteなブランド
#ブルゾン #アウター #ジャケット＃中綿 #ファー #フェイクファー
▼注意事項
※撮影環境やモニター環境によって実際の商品とお色味が多少異なってみえる場合がございます。
※サイズはサンプル品を基に採寸しております。
実際の商品とは若干の誤差が生じる場合がございますので、あらかじめご了承ください。
品番：EW680021G001　 / 品名：ファーフード付中綿ブルゾン"	in stock	999	new	7690 JPY	https://www.retro-girl.jp/item/111384.html	https://img-retro-girl.freetls.fastly.net/retrogirl/image_item/111/111384/11138402_b.jpg	ems excite		https://img-retro-girl.freetls.fastly.net/retrogirl/image_item/111/111384/11138403_b.jpg,https://img-retro-girl.freetls.fastly.net/retrogirl/image_item/111/111384/11138401_b.jpg	ジャケット/アウター > ブルゾン	ブラック	FREE		adult	female	
EF641512G0068207	EF641512G006	アーガイル起毛ニット - ダークブルー / FREE	"＜冬を演出するアーガイル柄ニット〉
▼デザイン
・冬らしさを演出するアーガイル柄！
・昨年も大人気を頂いた柄ニットアイテムです。
・首回りはしっかり開いたVネックなので、顔周りもすっきり！
・起毛感もある、しっかり暖かい素材感！
・大き目シルエットなので、ヒップラインもカバーしてくれて、体型カバーも◎
▼コーディネート
ティアードスカートに合わせて頂ければemsらしい可愛らしいスタイリングに！
パンツスタイルでも、カジュアルに着こなしていただけます。
------------------------------
生地感：普通
伸縮性：ある
透け感：なし
裏地：なし
------------------------------
▼ブランド紹介
ems excite (エムズエキサイト）
“more fun more cute”
今をもっと楽しく
もっと可愛くいたい女の子に向けた
girly cuteなブランド
#アーガイル #柄ニット #アーガイルアイテム #ニットアイテム #Vネック #Vネックアイテム #ニット #冬ニット
▼注意事項
※撮影環境やモニター環境によって実際の商品とお色味が
多少異なってみえる場合がございます。
※サイズはサンプル品を基に採寸しております。
実際の商品とは若干の誤差が生じる場合がございますので、あらかじめご了承ください。
品番：EF641512G006　 / 品名：アーガイル起毛ニット"	in stock	999	new	4990 JPY	https://www.retro-girl.jp/item/111300.html	https://img-retro-girl.freetls.fastly.net/retrogirl/image_item/111/111300/11130003_b.jpg	ems excite		https://img-retro-girl.freetls.fastly.net/retrogirl/image_item/111/111300/11130001_b.jpg,https://img-retro-girl.freetls.fastly.net/retrogirl/image_item/111/111300/11130002_b.jpg	トップス > ニット/セーター	ダークブルー	FREE		adult	female	
EF641512G0060107	EF641512G006	アーガイル起毛ニット - ホワイト / FREE	"＜冬を演出するアーガイル柄ニット〉
▼デザイン
・冬らしさを演出するアーガイル柄！
・昨年も大人気を頂いた柄ニットアイテムです。
・首回りはしっかり開いたVネックなので、顔周りもすっきり！
・起毛感もある、しっかり暖かい素材感！
・大き目シルエットなので、ヒップラインもカバーしてくれて、体型カバーも◎
▼コーディネート
ティアードスカートに合わせて頂ければemsらしい可愛らしいスタイリングに！
パンツスタイルでも、カジュアルに着こなしていただけます。
------------------------------
生地感：普通
伸縮性：ある
透け感：なし
裏地：なし
------------------------------
▼ブランド紹介
ems excite (エムズエキサイト）
“more fun more cute”
今をもっと楽しく
もっと可愛くいたい女の子に向けた
girly cuteなブランド
#アーガイル #柄ニット #アーガイルアイテム #ニットアイテム #Vネック #Vネックアイテム #ニット #冬ニット
▼注意事項
※撮影環境やモニター環境によって実際の商品とお色味が
多少異なってみえる場合がございます。
※サイズはサンプル品を基に採寸しております。
実際の商品とは若干の誤差が生じる場合がございますので、あらかじめご了承ください。
品番：EF641512G006　 / 品名：アーガイル起毛ニット"	in stock	999	new	4990 JPY	https://www.retro-girl.jp/item/111300.html	https://img-retro-girl.freetls.fastly.net/retrogirl/image_item/111/111300/11130001_b.jpg	ems excite		https://img-retro-girl.freetls.fastly.net/retrogirl/image_item/111/111300/11130003_b.jpg,https://img-retro-girl.freetls.fastly.net/retrogirl/image_item/111/111300/11130002_b.jpg	トップス > ニット/セーター	ホワイト	FREE		adult	female	
EF641512G0063207	EF641512G006	アーガイル起毛ニット - ダークレッド / FREE	"＜冬を演出するアーガイル柄ニット〉
▼デザイン
・冬らしさを演出するアーガイル柄！
・昨年も大人気を頂いた柄ニットアイテムです。
・首回りはしっかり開いたVネックなので、顔周りもすっきり！
・起毛感もある、しっかり暖かい素材感！
・大き目シルエットなので、ヒップラインもカバーしてくれて、体型カバーも◎
▼コーディネート
ティアードスカートに合わせて頂ければemsらしい可愛らしいスタイリングに！
パンツスタイルでも、カジュアルに着こなしていただけます。
------------------------------
生地感：普通
伸縮性：ある
透け感：なし
裏地：なし
------------------------------
▼ブランド紹介
ems excite (エムズエキサイト）
“more fun more cute”
今をもっと楽しく
もっと可愛くいたい女の子に向けた
girly cuteなブランド
#アーガイル #柄ニット #アーガイルアイテム #ニットアイテム #Vネック #Vネックアイテム #ニット #冬ニット
▼注意事項
※撮影環境やモニター環境によって実際の商品とお色味が
多少異なってみえる場合がございます。
※サイズはサンプル品を基に採寸しております。
実際の商品とは若干の誤差が生じる場合がございますので、あらかじめご了承ください。
品番：EF641512G006　 / 品名：アーガイル起毛ニット"	in stock	999	new	4990 JPY	https://www.retro-girl.jp/item/111300.html	https://img-retro-girl.freetls.fastly.net/retrogirl/image_item/111/111300/11130002_b.jpg	ems excite		https://img-retro-girl.freetls.fastly.net/retrogirl/image_item/111/111300/11130003_b.jpg,https://img-retro-girl.freetls.fastly.net/retrogirl/image_item/111/111300/11130001_b.jpg	トップス > ニット/セーター	ダークレッド	FREE		adult	female	
EW653242G0020903	EW653242G002	バックリボンロングブーツ - ブラック / M	"＜スタイル爆盛れ！大人ガーリーなロングブーツ〉
▼デザイン
秋冬コーデに欠かせないロングブーツ。
すっきりしたシルエットと程よく高さのあるヒールが、脚をきれいに見せてくれます。
バックのリボンディティールがさりげないワンポイントに♪
ガーリーにも大人っぽくも合わせられる万能な1足です◎
▼コーディネート
ガーリーなミニボトムと相性バツグン◎
甘めなスカートはもちろん、トレンドのショートパンツと合わせるのもおすすめ！
▼ブランド紹介
ems excite (エムズエキサイト）
“more fun more cute”
今をもっと楽しく
もっと可愛いたい女の子に向けた
girly cuteなブランド
#ロングブーツ #ヒールブーツ #リボン #ガーリーコーデ #フェミニン
※撮影環境やご覧のモニター環境によって実際の商品とお色味が多少異なってみえる場合がございます。
ご理解の程何卒よろしくお願い致します。
品番: EW653242G002　/　品名：バッグリボンロングブーツ"	in stock	999	new	7990 JPY	https://www.retro-girl.jp/item/111407.html	https://img-retro-girl.freetls.fastly.net/retrogirl/image_item/111/111407/11140702_b.jpg	ems excite		https://img-retro-girl.freetls.fastly.net/retrogirl/image_item/111/111407/11140701_b.jpg	シューズ > ブーツ	ブラック	M	合成皮革	adult	female	
EW653242G0020904	EW653242G002	バックリボンロングブーツ - ブラック / L	"＜スタイル爆盛れ！大人ガーリーなロングブーツ〉
▼デザイン
秋冬コーデに欠かせないロングブーツ。
すっきりしたシルエットと程よく高さのあるヒールが、脚をきれいに見せてくれます。
バックのリボンディティールがさりげないワンポイントに♪
ガーリーにも大人っぽくも合わせられる万能な1足です◎
▼コーディネート
ガーリーなミニボトムと相性バツグン◎
甘めなスカートはもちろん、トレンドのショートパンツと合わせるのもおすすめ！
▼ブランド紹介
ems excite (エムズエキサイト）
“more fun more cute”
今をもっと楽しく
もっと可愛いたい女の子に向けた
girly cuteなブランド
#ロングブーツ #ヒールブーツ #リボン #ガーリーコーデ #フェミニン
※撮影環境やご覧のモニター環境によって実際の商品とお色味が多少異なってみえる場合がございます。
ご理解の程何卒よろしくお願い致します。
品番: EW653242G002　/　品名：バッグリボンロングブーツ"	in stock	999	new	7990 JPY	https://www.retro-girl.jp/item/111407.html	https://img-retro-girl.freetls.fastly.net/retrogirl/image_item/111/111407/11140702_b.jpg	ems excite		https://img-retro-girl.freetls.fastly.net/retrogirl/image_item/111/111407/11140701_b.jpg	シューズ > ブーツ	ブラック	L	合成皮革	adult	female	
EW653242G0020403	EW653242G002	バックリボンロングブーツ - エクリュ / M	"＜スタイル爆盛れ！大人ガーリーなロングブーツ〉
▼デザイン
秋冬コーデに欠かせないロングブーツ。
すっきりしたシルエットと程よく高さのあるヒールが、脚をきれいに見せてくれます。
バックのリボンディティールがさりげないワンポイントに♪
ガーリーにも大人っぽくも合わせられる万能な1足です◎
▼コーディネート
ガーリーなミニボトムと相性バツグン◎
甘めなスカートはもちろん、トレンドのショートパンツと合わせるのもおすすめ！
▼ブランド紹介
ems excite (エムズエキサイト）
“more fun more cute”
今をもっと楽しく
もっと可愛いたい女の子に向けた
girly cuteなブランド
#ロングブーツ #ヒールブーツ #リボン #ガーリーコーデ #フェミニン
※撮影環境やご覧のモニター環境によって実際の商品とお色味が多少異なってみえる場合がございます。
ご理解の程何卒よろしくお願い致します。
品番: EW653242G002　/　品名：バッグリボンロングブーツ"	in stock	999	new	7990 JPY	https://www.retro-girl.jp/item/111407.html	https://img-retro-girl.freetls.fastly.net/retrogirl/image_item/111/111407/11140701_b.jpg	ems excite		https://img-retro-girl.freetls.fastly.net/retrogirl/image_item/111/111407/11140702_b.jpg	シューズ > ブーツ	エクリュ	M	合成皮革	adult	female	
EW653242G0020404	EW653242G002	バックリボンロングブーツ - エクリュ / L	"＜スタイル爆盛れ！大人ガーリーなロングブーツ〉
▼デザイン
秋冬コーデに欠かせないロングブーツ。
すっきりしたシルエットと程よく高さのあるヒールが、脚をきれいに見せてくれます。
バックのリボンディティールがさりげないワンポイントに♪
ガーリーにも大人っぽくも合わせられる万能な1足です◎
▼コーディネート
ガーリーなミニボトムと相性バツグン◎
甘めなスカートはもちろん、トレンドのショートパンツと合わせるのもおすすめ！
▼ブランド紹介
ems excite (エムズエキサイト）
“more fun more cute”
今をもっと楽しく
もっと可愛いたい女の子に向けた
girly cuteなブランド
#ロングブーツ #ヒールブーツ #リボン #ガーリーコーデ #フェミニン
※撮影環境やご覧のモニター環境によって実際の商品とお色味が多少異なってみえる場合がございます。
ご理解の程何卒よろしくお願い致します。
品番: EW653242G002　/　品名：バッグリボンロングブーツ"	in stock	999	new	7990 JPY	https://www.retro-girl.jp/item/111407.html	https://img-retro-girl.freetls.fastly.net/retrogirl/image_item/111/111407/11140701_b.jpg	ems excite		https://img-retro-girl.freetls.fastly.net/retrogirl/image_item/111/111407/11140702_b.jpg	シューズ > ブーツ	エクリュ	L	合成皮革	adult	female	
RW656912T0010407	RW656912T001	バルーンシャツドッキングニット - エクリュ / FREE	"〈フェミニンにコーデがまとまるドッキングニット〉
▼アイテム
・今年大人気のレイヤード見えアイテム！
・シャツとニットがドッキングされたデザインは、秋も大注目
・裾から見えるシャツは、バルーンデザインになっていて、女性らしいポイント！
・気になるウエスト部分もカバーしてくれるのが嬉しい！
袖口もシャツの柄がしっかり見えることでアクセントになります。
▼コーディネート
フェミニンなコーデにぴったりのアイテム！
ボトムにスラックスパンツやハーフパンツを合わせるのがおすすめ！
------------------------------
生地感：普通
伸縮性：ニット部分はある
透け感：なし
裏地：なし
------------------------------
▼ブランド紹介
RETRO GIRL (レトロガール）
自分らしい“ベーシックアイテム”と
新しい自分の”トレンドアイテム”が
見つかる場所
今らしいファッションを楽しむ
女性のためのブランド
#シャツ #ニット #襟 #ニットアイテム #ドッキング #レイヤード #バルーンシルエット
▼注意事項
※撮影環境やモニター環境によって実際の商品とお色味が
多少異なってみえる場合がございます。
※サイズはサンプル品を基に採寸しております。
実際の商品とは若干の誤差が生じる場合がございますので、あらかじめご了承ください。
品番：RW656912T001　 / 品名：バルーンシャツドッキングニット"	in stock	999	new	4590 JPY	https://www.retro-girl.jp/item/111340.html	https://img-retro-girl.freetls.fastly.net/retrogirl/image_item/111/111340/11134001_b.jpg	RETRO GIRL		https://img-retro-girl.freetls.fastly.net/retrogirl/image_item/111/111340/11134002_b.jpg,https://img-retro-girl.freetls.fastly.net/retrogirl/image_item/111/111340/11134003_b.jpg	トップス > ニット/セーター	エクリュ	FREE	レーヨン45% ポリエステル35% ナイロン20%別布：ポリエステル55% 綿45%	adult	female	
RW656912T0010907	RW656912T001	バルーンシャツドッキングニット - ブラック / FREE	"〈フェミニンにコーデがまとまるドッキングニット〉
▼アイテム
・今年大人気のレイヤード見えアイテム！
・シャツとニットがドッキングされたデザインは、秋も大注目
・裾から見えるシャツは、バルーンデザインになっていて、女性らしいポイント！
・気になるウエスト部分もカバーしてくれるのが嬉しい！
袖口もシャツの柄がしっかり見えることでアクセントになります。
▼コーディネート
フェミニンなコーデにぴったりのアイテム！
ボトムにスラックスパンツやハーフパンツを合わせるのがおすすめ！
------------------------------
生地感：普通
伸縮性：ニット部分はある
透け感：なし
裏地：なし
------------------------------
▼ブランド紹介
RETRO GIRL (レトロガール）
自分らしい“ベーシックアイテム”と
新しい自分の”トレンドアイテム”が
見つかる場所
今らしいファッションを楽しむ
女性のためのブランド
#シャツ #ニット #襟 #ニットアイテム #ドッキング #レイヤード #バルーンシルエット
▼注意事項
※撮影環境やモニター環境によって実際の商品とお色味が
多少異なってみえる場合がございます。
※サイズはサンプル品を基に採寸しております。
実際の商品とは若干の誤差が生じる場合がございますので、あらかじめご了承ください。
品番：RW656912T001　 / 品名：バルーンシャツドッキングニット"	in stock	999	new	4590 JPY	https://www.retro-girl.jp/item/111340.html	https://img-retro-girl.freetls.fastly.net/retrogirl/image_item/111/111340/11134002_b.jpg	RETRO GIRL		https://img-retro-girl.freetls.fastly.net/retrogirl/image_item/111/111340/11134001_b.jpg,https://img-retro-girl.freetls.fastly.net/retrogirl/image_item/111/111340/11134003_b.jpg	トップス > ニット/セーター	ブラック	FREE	レーヨン45% ポリエステル35% ナイロン20%別布：ポリエステル55% 綿45%	adult	female	
RW656912T0011007	RW656912T001	バルーンシャツドッキングニット - ライトグレー / FREE	"〈フェミニンにコーデがまとまるドッキングニット〉
▼アイテム
・今年大人気のレイヤード見えアイテム！
・シャツとニットがドッキングされたデザインは、秋も大注目
・裾から見えるシャツは、バルーンデザインになっていて、女性らしいポイント！
・気になるウエスト部分もカバーしてくれるのが嬉しい！
袖口もシャツの柄がしっかり見えることでアクセントになります。
▼コーディネート
フェミニンなコーデにぴったりのアイテム！
ボトムにスラックスパンツやハーフパンツを合わせるのがおすすめ！
------------------------------
生地感：普通
伸縮性：ニット部分はある
透け感：なし
裏地：なし
------------------------------
▼ブランド紹介
RETRO GIRL (レトロガール）
自分らしい“ベーシックアイテム”と
新しい自分の”トレンドアイテム”が
見つかる場所
今らしいファッションを楽しむ
女性のためのブランド
#シャツ #ニット #襟 #ニットアイテム #ドッキング #レイヤード #バルーンシルエット
▼注意事項
※撮影環境やモニター環境によって実際の商品とお色味が
多少異なってみえる場合がございます。
※サイズはサンプル品を基に採寸しております。
実際の商品とは若干の誤差が生じる場合がございますので、あらかじめご了承ください。
品番：RW656912T001　 / 品名：バルーンシャツドッキングニット"	in stock	999	new	4590 JPY	https://www.retro-girl.jp/item/111340.html	https://img-retro-girl.freetls.fastly.net/retrogirl/image_item/111/111340/11134003_b.jpg	RETRO GIRL		https://img-retro-girl.freetls.fastly.net/retrogirl/image_item/111/111340/11134001_b.jpg,https://img-retro-girl.freetls.fastly.net/retrogirl/image_item/111/111340/11134002_b.jpg	トップス > ニット/セーター	ライトグレー	FREE	レーヨン45% ポリエステル35% ナイロン20%別布：ポリエステル55% 綿45%	adult	female	
RE656911T0010407	RE656911T001	ラッフルカットレースカーデ - エクリュ / FREE	"＜フリルで顔周りが華やかに仕上がるレースカーディガン＞
▼デザイン
・レース素材で肌触りも柔らかいカーディガン。
・程よい透け感と、薄手の素材で、今から大活躍！
・肌寒い日や、日焼け対策の際に大活躍です。
・フロント部分のリボンで着脱できるのでとっても楽ちん！
・フリルで縁取られたデザインが甘めなワンポイントに！
▼コーディネート
レースの素材や柄がとっても女性らしいアイテムなので、キャミワンピやスカートと合わせるのがおススメ！
デニムパンツやスウェットパンツと合わせて、カジュアルに着用してもお洒落コーデになります。
-----------------------------
生地感：薄手
伸縮性：あり
透け感：あり
裏地：なし
------------------------------
▼ブランド紹介
RETRO GIRL (レトロガール）
自分らしい“ベーシックアイテム”と
新しい自分の”トレンドアイテム”が
見つかる場所
今らしいファッションを楽しむ
女性のためのブランド
#レース素材 #カーディガン #レースカーデ #フリル #デートコーデ #レースカーデ
▼注意事項
※撮影環境やモニター環境によって実際の商品とお色味が
多少異なってみえる場合がございます。
品番：RE656911T001　/ 品名：ラッフルカットレースカーデ"	in stock	999	new	3590 JPY	https://www.retro-girl.jp/item/111309.html	https://img-retro-girl.freetls.fastly.net/retrogirl/image_item/111/111309/11130901_b.jpg	RETRO GIRL		https://img-retro-girl.freetls.fastly.net/retrogirl/image_item/111/111309/11130902_b.jpg,https://img-retro-girl.freetls.fastly.net/retrogirl/image_item/111/111309/11130903_b.jpg	トップス > カーディガン/ボレロ	エクリュ	FREE	本体：ナイロン92％ ポリウレタン8％別布：ポリエステル100％	adult	female	
RE656911T0010907	RE656911T001	ラッフルカットレースカーデ - ブラック / FREE	"＜フリルで顔周りが華やかに仕上がるレースカーディガン＞
▼デザイン
・レース素材で肌触りも柔らかいカーディガン。
・程よい透け感と、薄手の素材で、今から大活躍！
・肌寒い日や、日焼け対策の際に大活躍です。
・フロント部分のリボンで着脱できるのでとっても楽ちん！
・フリルで縁取られたデザインが甘めなワンポイントに！
▼コーディネート
レースの素材や柄がとっても女性らしいアイテムなので、キャミワンピやスカートと合わせるのがおススメ！
デニムパンツやスウェットパンツと合わせて、カジュアルに着用してもお洒落コーデになります。
-----------------------------
生地感：薄手
伸縮性：あり
透け感：あり
裏地：なし
------------------------------
▼ブランド紹介
RETRO GIRL (レトロガール）
自分らしい“ベーシックアイテム”と
新しい自分の”トレンドアイテム”が
見つかる場所
今らしいファッションを楽しむ
女性のためのブランド
#レース素材 #カーディガン #レースカーデ #フリル #デートコーデ #レースカーデ
▼注意事項
※撮影環境やモニター環境によって実際の商品とお色味が
多少異なってみえる場合がございます。
品番：RE656911T001　/ 品名：ラッフルカットレースカーデ"	in stock	999	new	3590 JPY	https://www.retro-girl.jp/item/111309.html	https://img-retro-girl.freetls.fastly.net/retrogirl/image_item/111/111309/11130902_b.jpg	RETRO GIRL		https://img-retro-girl.freetls.fastly.net/retrogirl/image_item/111/111309/11130901_b.jpg,https://img-retro-girl.freetls.fastly.net/retrogirl/image_item/111/111309/11130903_b.jpg	トップス > カーディガン/ボレロ	ブラック	FREE	本体：ナイロン92％ ポリウレタン8％別布：ポリエステル100％	adult	female	
RE656911T0015007	RE656911T001	ラッフルカットレースカーデ - ブラウン / FREE	"＜フリルで顔周りが華やかに仕上がるレースカーディガン＞
▼デザイン
・レース素材で肌触りも柔らかいカーディガン。
・程よい透け感と、薄手の素材で、今から大活躍！
・肌寒い日や、日焼け対策の際に大活躍です。
・フロント部分のリボンで着脱できるのでとっても楽ちん！
・フリルで縁取られたデザインが甘めなワンポイントに！
▼コーディネート
レースの素材や柄がとっても女性らしいアイテムなので、キャミワンピやスカートと合わせるのがおススメ！
デニムパンツやスウェットパンツと合わせて、カジュアルに着用してもお洒落コーデになります。
-----------------------------
生地感：薄手
伸縮性：あり
透け感：あり
裏地：なし
------------------------------
▼ブランド紹介
RETRO GIRL (レトロガール）
自分らしい“ベーシックアイテム”と
新しい自分の”トレンドアイテム”が
見つかる場所
今らしいファッションを楽しむ
女性のためのブランド
#レース素材 #カーディガン #レースカーデ #フリル #デートコーデ #レースカーデ
▼注意事項
※撮影環境やモニター環境によって実際の商品とお色味が
多少異なってみえる場合がございます。
品番：RE656911T001　/ 品名：ラッフルカットレースカーデ"	in stock	999	new	3590 JPY	https://www.retro-girl.jp/item/111309.html	https://img-retro-girl.freetls.fastly.net/retrogirl/image_item/111/111309/11130903_b.jpg	RETRO GIRL		https://img-retro-girl.freetls.fastly.net/retrogirl/image_item/111/111309/11130901_b.jpg,https://img-retro-girl.freetls.fastly.net/retrogirl/image_item/111/111309/11130902_b.jpg	トップス > カーディガン/ボレロ	ブラウン	FREE	本体：ナイロン92％ ポリウレタン8％別布：ポリエステル100％	adult	female	
EW655242G0020903	EW655242G002	ムートンサボ - ブラック / M	"＜スポッと履けて使いやすい冬を感じるムートンサボ＞
▼デザイン
・内側にボアが施され、暖かい履き心地
・取り外し可能なストラップ付で、アレンジが楽しめる！
・外側にあふれ出すボアデザインが存在感を演出し
・かかと部分にはemsのオリジナルロゴがプリントされています
▼コーデ
靴底は平らでストラップもついているので歩きやすムートンサボです。
ローカットなので、ロングスカートとも相性バッチリ◎
▼ブランド紹介
ems excite (エムズエキサイト）
“more fun more cute”
今をもっと楽しく
もっと可愛くいたい女の子に向けた
girly cuteなブランド
※撮影環境やご覧のモニター環境によって実際の商品とお色味が多少異なってみえる場合がございます。
ご理解の程何卒よろしくお願い致します。
品番:EW655242G002　/　品名：ムートンサボ"	in stock	999	new	3990 JPY	https://www.retro-girl.jp/item/111226.html	https://img-retro-girl.freetls.fastly.net/retrogirl/image_item/111/111226/11122601_b.jpg	ems excite		https://img-retro-girl.freetls.fastly.net/retrogirl/image_item/111/111226/11122602_b.jpg	シューズ > ブーツ	ブラック	M		adult	female	
EW655242G0020904	EW655242G002	ムートンサボ - ブラック / L	"＜スポッと履けて使いやすい冬を感じるムートンサボ＞
▼デザイン
・内側にボアが施され、暖かい履き心地
・取り外し可能なストラップ付で、アレンジが楽しめる！
・外側にあふれ出すボアデザインが存在感を演出し
・かかと部分にはemsのオリジナルロゴがプリントされています
▼コーデ
靴底は平らでストラップもついているので歩きやすムートンサボです。
ローカットなので、ロングスカートとも相性バッチリ◎
▼ブランド紹介
ems excite (エムズエキサイト）
“more fun more cute”
今をもっと楽しく
もっと可愛くいたい女の子に向けた
girly cuteなブランド
※撮影環境やご覧のモニター環境によって実際の商品とお色味が多少異なってみえる場合がございます。
ご理解の程何卒よろしくお願い致します。
品番:EW655242G002　/　品名：ムートンサボ"	in stock	999	new	3990 JPY	https://www.retro-girl.jp/item/111226.html	https://img-retro-girl.freetls.fastly.net/retrogirl/image_item/111/111226/11122601_b.jpg	ems excite		https://img-retro-girl.freetls.fastly.net/retrogirl/image_item/111/111226/11122602_b.jpg	シューズ > ブーツ	ブラック	L		adult	female	
EW655242G0025303	EW655242G002	ムートンサボ - キャメル / M	"＜スポッと履けて使いやすい冬を感じるムートンサボ＞
▼デザイン
・内側にボアが施され、暖かい履き心地
・取り外し可能なストラップ付で、アレンジが楽しめる！
・外側にあふれ出すボアデザインが存在感を演出し
・かかと部分にはemsのオリジナルロゴがプリントされています
▼コーデ
靴底は平らでストラップもついているので歩きやすムートンサボです。
ローカットなので、ロングスカートとも相性バッチリ◎
▼ブランド紹介
ems excite (エムズエキサイト）
“more fun more cute”
今をもっと楽しく
もっと可愛くいたい女の子に向けた
girly cuteなブランド
※撮影環境やご覧のモニター環境によって実際の商品とお色味が多少異なってみえる場合がございます。
ご理解の程何卒よろしくお願い致します。
品番:EW655242G002　/　品名：ムートンサボ"	in stock	999	new	3990 JPY	https://www.retro-girl.jp/item/111226.html	https://img-retro-girl.freetls.fastly.net/retrogirl/image_item/111/111226/11122602_b.jpg	ems excite		https://img-retro-girl.freetls.fastly.net/retrogirl/image_item/111/111226/11122601_b.jpg	シューズ > ブーツ	キャメル	M		adult	female	
EW655242G0025304	EW655242G002	ムートンサボ - キャメル / L	"＜スポッと履けて使いやすい冬を感じるムートンサボ＞
▼デザイン
・内側にボアが施され、暖かい履き心地
・取り外し可能なストラップ付で、アレンジが楽しめる！
・外側にあふれ出すボアデザインが存在感を演出し
・かかと部分にはemsのオリジナルロゴがプリントされています
▼コーデ
靴底は平らでストラップもついているので歩きやすムートンサボです。
ローカットなので、ロングスカートとも相性バッチリ◎
▼ブランド紹介
ems excite (エムズエキサイト）
“more fun more cute”
今をもっと楽しく
もっと可愛くいたい女の子に向けた
girly cuteなブランド
※撮影環境やご覧のモニター環境によって実際の商品とお色味が多少異なってみえる場合がございます。
ご理解の程何卒よろしくお願い致します。
品番:EW655242G002　/　品名：ムートンサボ"	in stock	999	new	3990 JPY	https://www.retro-girl.jp/item/111226.html	https://img-retro-girl.freetls.fastly.net/retrogirl/image_item/111/111226/11122602_b.jpg	ems excite		https://img-retro-girl.freetls.fastly.net/retrogirl/image_item/111/111226/11122601_b.jpg	シューズ > ブーツ	キャメル	L		adult	female	
RL641512B0010407	RL641512B001	クルーネックメッシュニット - エクリュ / FREE	"＜秋めくニット素材のメッシュニットアイテム＞
▼デザイン
・毎回大人気のメッシュアイテムの新作！
・モコモコと起毛感のある素材で秋コーデにピッタリ♪
・裾部分にデザインされたプレートがワンポイント。
・伸縮性もあり、着心地抜群です
▼コーディネート
タンクトップやTシャツ、ワンピースなどの上から重ねたコーディネートがおすすめ！
ボトムを選ばず合わせて頂けるベーシックなアイテムです。
------------------------------
生地感：普通
伸縮性：ある
透け感：ある
裏地：なし
------------------------------
▼ブランド紹介
RETRO GIRL (レトロガール）
自分らしい“ベーシックアイテム”と
新しい自分の”トレンドアイテム”が
見つかる場所
今らしいファッションを楽しむ
女性のためのブランド
#カラーコーデ #カラーアイテム #メッシュトップス #メッシュアイテム #秋コーデ
▼注意事項
※撮影環境やモニター環境によって実際の商品とお色味が多少異なってみえる場合がございます。
品番：RL641512B001　/ 品名：クルーネックメッシュNT"	in stock	999	new	3290 JPY	https://www.retro-girl.jp/item/111258.html	https://img-retro-girl.freetls.fastly.net/retrogirl/image_item/111/111258/11125801_b.jpg	RETRO GIRL		https://img-retro-girl.freetls.fastly.net/retrogirl/image_item/111/111258/11125802_b.jpg,https://img-retro-girl.freetls.fastly.net/retrogirl/image_item/111/111258/11125803_b.jpg	トップス > ニット/セーター	エクリュ	FREE	アクリル100％	adult	female	
RL641512B0017207	RL641512B001	クルーネックメッシュニット - ダークグリーン / FREE	"＜秋めくニット素材のメッシュニットアイテム＞
▼デザイン
・毎回大人気のメッシュアイテムの新作！
・モコモコと起毛感のある素材で秋コーデにピッタリ♪
・裾部分にデザインされたプレートがワンポイント。
・伸縮性もあり、着心地抜群です
▼コーディネート
タンクトップやTシャツ、ワンピースなどの上から重ねたコーディネートがおすすめ！
ボトムを選ばず合わせて頂けるベーシックなアイテムです。
------------------------------
生地感：普通
伸縮性：ある
透け感：ある
裏地：なし
------------------------------
▼ブランド紹介
RETRO GIRL (レトロガール）
自分らしい“ベーシックアイテム”と
新しい自分の”トレンドアイテム”が
見つかる場所
今らしいファッションを楽しむ
女性のためのブランド
#カラーコーデ #カラーアイテム #メッシュトップス #メッシュアイテム #秋コーデ
▼注意事項
※撮影環境やモニター環境によって実際の商品とお色味が多少異なってみえる場合がございます。
品番：RL641512B001　/ 品名：クルーネックメッシュNT"	in stock	999	new	3290 JPY	https://www.retro-girl.jp/item/111258.html	https://img-retro-girl.freetls.fastly.net/retrogirl/image_item/111/111258/11125802_b.jpg	RETRO GIRL		https://img-retro-girl.freetls.fastly.net/retrogirl/image_item/111/111258/11125801_b.jpg,https://img-retro-girl.freetls.fastly.net/retrogirl/image_item/111/111258/11125803_b.jpg	トップス > ニット/セーター	ダークグリーン	FREE	アクリル100％	adult	female	
RL641512B0018007	RL641512B001	クルーネックメッシュニット - ブルー / FREE	"＜秋めくニット素材のメッシュニットアイテム＞
▼デザイン
・毎回大人気のメッシュアイテムの新作！
・モコモコと起毛感のある素材で秋コーデにピッタリ♪
・裾部分にデザインされたプレートがワンポイント。
・伸縮性もあり、着心地抜群です
▼コーディネート
タンクトップやTシャツ、ワンピースなどの上から重ねたコーディネートがおすすめ！
ボトムを選ばず合わせて頂けるベーシックなアイテムです。
------------------------------
生地感：普通
伸縮性：ある
透け感：ある
裏地：なし
------------------------------
▼ブランド紹介
RETRO GIRL (レトロガール）
自分らしい“ベーシックアイテム”と
新しい自分の”トレンドアイテム”が
見つかる場所
今らしいファッションを楽しむ
女性のためのブランド
#カラーコーデ #カラーアイテム #メッシュトップス #メッシュアイテム #秋コーデ
▼注意事項
※撮影環境やモニター環境によって実際の商品とお色味が多少異なってみえる場合がございます。
品番：RL641512B001　/ 品名：クルーネックメッシュNT"	in stock	999	new	3290 JPY	https://www.retro-girl.jp/item/111258.html	https://img-retro-girl.freetls.fastly.net/retrogirl/image_item/111/111258/11125803_b.jpg	RETRO GIRL		https://img-retro-girl.freetls.fastly.net/retrogirl/image_item/111/111258/11125801_b.jpg,https://img-retro-girl.freetls.fastly.net/retrogirl/image_item/111/111258/11125802_b.jpg	トップス > ニット/セーター	ブルー	FREE	アクリル100％	adult	female	
RE641511T0015007	RE641511T001	フェザーペプラムベスト - ブラウン / FREE	"＜ふわっふわ素材のフェザーベスト＞
▼デザイン
・前回も大人気を頂いたフェザーベスト
・秋らしいブラウンが仲間入りしました
・触り心地抜群な起毛感のある素材
・インナーを変更することで、気温調節も可能
▼コーディネート
ボトムにデニムパンツを合わせるのがおすすめのスタイリング！
ショートパンツ合わせでチュニック使いでガーリーなコーデに♪
真夏はキャミソールに１枚で着用すれば涼しいですが、素材から秋を先取りできちゃいます。
▼スタイルアップポイント
ストレートさんは二の腕部分が隠れるよう、Tシャツとレイヤードがおすすめ！
ウェーブさんは胸元にデザインのあるブラウスなどを着込んで、秋コーデが完成です♪
-----------------------------
生地感：普通
伸縮性：なし
透け感：なし
裏地：なし
------------------------------
▼ブランド紹介
RETRO GIRL (レトロガール）
自分らしい“ベーシックアイテム”と
新しい自分の”トレンドアイテム”が
見つかる場所
今らしいファッションを楽しむ
女性のためのブランド
#ベスト #フェザー #秋コーデ #ブラウン #シフォンリボン ＃ペプラムシルエット
▼注意事項
※撮影環境やモニター環境によって実際の商品とお色味が多少異なってみえる場合がございます。
品番：RE641511T001　/ 品名：フェザーペプラムベスト"	in stock	999	new	3690 JPY	https://www.retro-girl.jp/item/111299.html	https://img-retro-girl.freetls.fastly.net/retrogirl/image_item/111/111299/11129903_b.jpg	RETRO GIRL		https://img-retro-girl.freetls.fastly.net/retrogirl/image_item/111/111299/11129901_b.jpg,https://img-retro-girl.freetls.fastly.net/retrogirl/image_item/111/111299/11129902_b.jpg	トップス > ベスト	ブラウン	FREE	ポリエステル100％	adult	female	
RE641511T0010407	RE641511T001	フェザーペプラムベスト - エクリュ / FREE	"＜ふわっふわ素材のフェザーベスト＞
▼デザイン
・前回も大人気を頂いたフェザーベスト
・秋らしいブラウンが仲間入りしました
・触り心地抜群な起毛感のある素材
・インナーを変更することで、気温調節も可能
▼コーディネート
ボトムにデニムパンツを合わせるのがおすすめのスタイリング！
ショートパンツ合わせでチュニック使いでガーリーなコーデに♪
真夏はキャミソールに１枚で着用すれば涼しいですが、素材から秋を先取りできちゃいます。
▼スタイルアップポイント
ストレートさんは二の腕部分が隠れるよう、Tシャツとレイヤードがおすすめ！
ウェーブさんは胸元にデザインのあるブラウスなどを着込んで、秋コーデが完成です♪
-----------------------------
生地感：普通
伸縮性：なし
透け感：なし
裏地：なし
------------------------------
▼ブランド紹介
RETRO GIRL (レトロガール）
自分らしい“ベーシックアイテム”と
新しい自分の”トレンドアイテム”が
見つかる場所
今らしいファッションを楽しむ
女性のためのブランド
#ベスト #フェザー #秋コーデ #ブラウン #シフォンリボン ＃ペプラムシルエット
▼注意事項
※撮影環境やモニター環境によって実際の商品とお色味が多少異なってみえる場合がございます。
品番：RE641511T001　/ 品名：フェザーペプラムベスト"	in stock	999	new	3690 JPY	https://www.retro-girl.jp/item/111299.html	https://img-retro-girl.freetls.fastly.net/retrogirl/image_item/111/111299/11129901_b.jpg	RETRO GIRL		https://img-retro-girl.freetls.fastly.net/retrogirl/image_item/111/111299/11129903_b.jpg,https://img-retro-girl.freetls.fastly.net/retrogirl/image_item/111/111299/11129902_b.jpg	トップス > ベスト	エクリュ	FREE	ポリエステル100％	adult	female	
RE641511T0010907	RE641511T001	フェザーペプラムベスト - ブラック / FREE	"＜ふわっふわ素材のフェザーベスト＞
▼デザイン
・前回も大人気を頂いたフェザーベスト
・秋らしいブラウンが仲間入りしました
・触り心地抜群な起毛感のある素材
・インナーを変更することで、気温調節も可能
▼コーディネート
ボトムにデニムパンツを合わせるのがおすすめのスタイリング！
ショートパンツ合わせでチュニック使いでガーリーなコーデに♪
真夏はキャミソールに１枚で着用すれば涼しいですが、素材から秋を先取りできちゃいます。
▼スタイルアップポイント
ストレートさんは二の腕部分が隠れるよう、Tシャツとレイヤードがおすすめ！
ウェーブさんは胸元にデザインのあるブラウスなどを着込んで、秋コーデが完成です♪
-----------------------------
生地感：普通
伸縮性：なし
透け感：なし
裏地：なし
------------------------------
▼ブランド紹介
RETRO GIRL (レトロガール）
自分らしい“ベーシックアイテム”と
新しい自分の”トレンドアイテム”が
見つかる場所
今らしいファッションを楽しむ
女性のためのブランド
#ベスト #フェザー #秋コーデ #ブラウン #シフォンリボン ＃ペプラムシルエット
▼注意事項
※撮影環境やモニター環境によって実際の商品とお色味が多少異なってみえる場合がございます。
品番：RE641511T001　/ 品名：フェザーペプラムベスト"	in stock	999	new	3690 JPY	https://www.retro-girl.jp/item/111299.html	https://img-retro-girl.freetls.fastly.net/retrogirl/image_item/111/111299/11129902_b.jpg	RETRO GIRL		https://img-retro-girl.freetls.fastly.net/retrogirl/image_item/111/111299/11129903_b.jpg,https://img-retro-girl.freetls.fastly.net/retrogirl/image_item/111/111299/11129901_b.jpg	トップス > ベスト	ブラック	FREE	ポリエステル100％	adult	female	
EW653242G0010903	EW653242G001	カバーロングブーツ - ブラック / M	"＜ボリュームたっぷりで可愛いカバーデザインのブーツ＞
▼デザイン
・サイドベルトが施された、かっこいいブーツ。
・厚底でボリューム感があり、履くだけでスタイルアップ！
・短すぎず、使いやすい高さが魅力。
・内側のZIPで着脱可能です。
▼コーディネート
トレンドのY2Kファッションにも合わせられるブーツ！
古着コーデに合わせてもよく馴染む可愛いコーデになります。
▼ブランド紹介
ems excite (エムズエキサイト）
“more fun more cute”
今をもっと楽しく
もっと可愛くいたい女の子に向けた
girly cuteなブランド
#ブーツ #ブーツコーデ #カジュアルコーデ #カバーブーツ #ベルトブーツ
▼注意事項
※撮影環境やモニター環境によって実際の商品とお色味が
多少異なってみえる場合がございます。
品番：EW653242G001 / 品名：カバーロングブーツ"	in stock	999	new	7390 JPY	https://www.retro-girl.jp/item/111342.html	https://img-retro-girl.freetls.fastly.net/retrogirl/image_item/111/111342/11134201_b.jpg	ems excite		https://img-retro-girl.freetls.fastly.net/retrogirl/image_item/111/111342/11134202_b.jpg	シューズ > ブーツ	ブラック	M		adult	female	
EW653242G0010904	EW653242G001	カバーロングブーツ - ブラック / L	"＜ボリュームたっぷりで可愛いカバーデザインのブーツ＞
▼デザイン
・サイドベルトが施された、かっこいいブーツ。
・厚底でボリューム感があり、履くだけでスタイルアップ！
・短すぎず、使いやすい高さが魅力。
・内側のZIPで着脱可能です。
▼コーディネート
トレンドのY2Kファッションにも合わせられるブーツ！
古着コーデに合わせてもよく馴染む可愛いコーデになります。
▼ブランド紹介
ems excite (エムズエキサイト）
“more fun more cute”
今をもっと楽しく
もっと可愛くいたい女の子に向けた
girly cuteなブランド
#ブーツ #ブーツコーデ #カジュアルコーデ #カバーブーツ #ベルトブーツ
▼注意事項
※撮影環境やモニター環境によって実際の商品とお色味が
多少異なってみえる場合がございます。
品番：EW653242G001 / 品名：カバーロングブーツ"	in stock	999	new	7390 JPY	https://www.retro-girl.jp/item/111342.html	https://img-retro-girl.freetls.fastly.net/retrogirl/image_item/111/111342/11134201_b.jpg	ems excite		https://img-retro-girl.freetls.fastly.net/retrogirl/image_item/111/111342/11134202_b.jpg	シューズ > ブーツ	ブラック	L		adult	female	
EW653242G0015003	EW653242G001	カバーロングブーツ - ブラウン / M	"＜ボリュームたっぷりで可愛いカバーデザインのブーツ＞
▼デザイン
・サイドベルトが施された、かっこいいブーツ。
・厚底でボリューム感があり、履くだけでスタイルアップ！
・短すぎず、使いやすい高さが魅力。
・内側のZIPで着脱可能です。
▼コーディネート
トレンドのY2Kファッションにも合わせられるブーツ！
古着コーデに合わせてもよく馴染む可愛いコーデになります。
▼ブランド紹介
ems excite (エムズエキサイト）
“more fun more cute”
今をもっと楽しく
もっと可愛くいたい女の子に向けた
girly cuteなブランド
#ブーツ #ブーツコーデ #カジュアルコーデ #カバーブーツ #ベルトブーツ
▼注意事項
※撮影環境やモニター環境によって実際の商品とお色味が
多少異なってみえる場合がございます。
品番：EW653242G001 / 品名：カバーロングブーツ"	in stock	999	new	7390 JPY	https://www.retro-girl.jp/item/111342.html	https://img-retro-girl.freetls.fastly.net/retrogirl/image_item/111/111342/11134202_b.jpg	ems excite		https://img-retro-girl.freetls.fastly.net/retrogirl/image_item/111/111342/11134201_b.jpg	シューズ > ブーツ	ブラウン	M		adult	female	
EW653242G0015004	EW653242G001	カバーロングブーツ - ブラウン / L	"＜ボリュームたっぷりで可愛いカバーデザインのブーツ＞
▼デザイン
・サイドベルトが施された、かっこいいブーツ。
・厚底でボリューム感があり、履くだけでスタイルアップ！
・短すぎず、使いやすい高さが魅力。
・内側のZIPで着脱可能です。
▼コーディネート
トレンドのY2Kファッションにも合わせられるブーツ！
古着コーデに合わせてもよく馴染む可愛いコーデになります。
▼ブランド紹介
ems excite (エムズエキサイト）
“more fun more cute”
今をもっと楽しく
もっと可愛くいたい女の子に向けた
girly cuteなブランド
#ブーツ #ブーツコーデ #カジュアルコーデ #カバーブーツ #ベルトブーツ
▼注意事項
※撮影環境やモニター環境によって実際の商品とお色味が
多少異なってみえる場合がございます。
品番：EW653242G001 / 品名：カバーロングブーツ"	in stock	999	new	7390 JPY	https://www.retro-girl.jp/item/111342.html	https://img-retro-girl.freetls.fastly.net/retrogirl/image_item/111/111342/11134202_b.jpg	ems excite		https://img-retro-girl.freetls.fastly.net/retrogirl/image_item/111/111342/11134201_b.jpg	シューズ > ブーツ	ブラウン	L		adult	female	
RF656411T0030907	RF656411T003	シアーダイヤカットカーディガン - ブラック / FREE	"＜レース素材の秋見えシアーカットカーディガン＞
▼デザイン
・フロント部分のデザインがオシャレなシアーカットカーディガン
・透け感のあるダイヤ型のレース素材で、初秋の気温にピッタリ。
・フロント部分のギャザーデザイン春から大人気♪
・トップス使いも羽織スタイルもおすすめのデザインです。
▼コーディネート
女性らしいフェミニンスタイリングにおすすめ！
ボトムを選ばず着用できるので、室内のエアコン対策に持ち歩くのも◎
▼スタイルアップポイント
柔らかい素材から骨格ウェーブさんにおすすめのアイテム。
ギャザーデザインで上半身にボリューム感をプラスしてくれます。
-----------------------------
生地感：やや薄手
伸縮性：なし
透け感：ある
裏地：なし
------------------------------
▼ブランド紹介
RETRO GIRL (レトロガール）
～日常に、ひとさじのときめきを～
いつものスタイルに新しい気分を織り込んで、
毎日をたのしむきっかけを作るブランド。
▼SNS
新着アイテムやお得なセール情報を配信中♪
【公式 Instagram】
＠retrogirl_official
【公式 TikTok】
@retrogirl_official
#シアー素材 #カーディガン #冷房対策 #レース素材 ＃ギャザーデザイン #ダイヤ
▼注意事項
※撮影環境やモニター環境によって実際の商品とお色味が多少異なってみえる場合がございます。
品番：RF656411T003　/ 品名：シアーダイヤカットカーディガン"	in stock	999	new	3490 JPY	https://www.retro-girl.jp/item/111377.html	https://img-retro-girl.freetls.fastly.net/retrogirl/image_item/111/111377/11137702_b.jpg	RETRO GIRL		https://img-retro-girl.freetls.fastly.net/retrogirl/image_item/111/111377/11137701_b.jpg,https://img-retro-girl.freetls.fastly.net/retrogirl/image_item/111/111377/11137703_b.jpg	トップス > Tシャツ/カットソー	ブラック	FREE	ポリエステル98％、ポリウレタン2％	adult	female	
RF656411T0030407	RF656411T003	シアーダイヤカットカーディガン - エクリュ / FREE	"＜レース素材の秋見えシアーカットカーディガン＞
▼デザイン
・フロント部分のデザインがオシャレなシアーカットカーディガン
・透け感のあるダイヤ型のレース素材で、初秋の気温にピッタリ。
・フロント部分のギャザーデザイン春から大人気♪
・トップス使いも羽織スタイルもおすすめのデザインです。
▼コーディネート
女性らしいフェミニンスタイリングにおすすめ！
ボトムを選ばず着用できるので、室内のエアコン対策に持ち歩くのも◎
▼スタイルアップポイント
柔らかい素材から骨格ウェーブさんにおすすめのアイテム。
ギャザーデザインで上半身にボリューム感をプラスしてくれます。
-----------------------------
生地感：やや薄手
伸縮性：なし
透け感：ある
裏地：なし
------------------------------
▼ブランド紹介
RETRO GIRL (レトロガール）
～日常に、ひとさじのときめきを～
いつものスタイルに新しい気分を織り込んで、
毎日をたのしむきっかけを作るブランド。
▼SNS
新着アイテムやお得なセール情報を配信中♪
【公式 Instagram】
＠retrogirl_official
【公式 TikTok】
@retrogirl_official
#シアー素材 #カーディガン #冷房対策 #レース素材 ＃ギャザーデザイン #ダイヤ
▼注意事項
※撮影環境やモニター環境によって実際の商品とお色味が多少異なってみえる場合がございます。
品番：RF656411T003　/ 品名：シアーダイヤカットカーディガン"	in stock	999	new	3490 JPY	https://www.retro-girl.jp/item/111377.html	https://img-retro-girl.freetls.fastly.net/retrogirl/image_item/111/111377/11137701_b.jpg	RETRO GIRL		https://img-retro-girl.freetls.fastly.net/retrogirl/image_item/111/111377/11137702_b.jpg,https://img-retro-girl.freetls.fastly.net/retrogirl/image_item/111/111377/11137703_b.jpg	トップス > Tシャツ/カットソー	エクリュ	FREE	ポリエステル98％、ポリウレタン2％	adult	female	
RF656411T0038107	RF656411T003	シアーダイヤカットカーディガン - ライトブルー / FREE	"＜レース素材の秋見えシアーカットカーディガン＞
▼デザイン
・フロント部分のデザインがオシャレなシアーカットカーディガン
・透け感のあるダイヤ型のレース素材で、初秋の気温にピッタリ。
・フロント部分のギャザーデザイン春から大人気♪
・トップス使いも羽織スタイルもおすすめのデザインです。
▼コーディネート
女性らしいフェミニンスタイリングにおすすめ！
ボトムを選ばず着用できるので、室内のエアコン対策に持ち歩くのも◎
▼スタイルアップポイント
柔らかい素材から骨格ウェーブさんにおすすめのアイテム。
ギャザーデザインで上半身にボリューム感をプラスしてくれます。
-----------------------------
生地感：やや薄手
伸縮性：なし
透け感：ある
裏地：なし
------------------------------
▼ブランド紹介
RETRO GIRL (レトロガール）
～日常に、ひとさじのときめきを～
いつものスタイルに新しい気分を織り込んで、
毎日をたのしむきっかけを作るブランド。
▼SNS
新着アイテムやお得なセール情報を配信中♪
【公式 Instagram】
＠retrogirl_official
【公式 TikTok】
@retrogirl_official
#シアー素材 #カーディガン #冷房対策 #レース素材 ＃ギャザーデザイン #ダイヤ
▼注意事項
※撮影環境やモニター環境によって実際の商品とお色味が多少異なってみえる場合がございます。
品番：RF656411T003　/ 品名：シアーダイヤカットカーディガン"	in stock	999	new	3490 JPY	https://www.retro-girl.jp/item/111377.html	https://img-retro-girl.freetls.fastly.net/retrogirl/image_item/111/111377/11137703_b.jpg	RETRO GIRL		https://img-retro-girl.freetls.fastly.net/retrogirl/image_item/111/111377/11137702_b.jpg,https://img-retro-girl.freetls.fastly.net/retrogirl/image_item/111/111377/11137701_b.jpg	トップス > Tシャツ/カットソー	ライトブルー	FREE	ポリエステル98％、ポリウレタン2％	adult	female	
RE656423T0010607	RE656423T001	肩フリルノースリブラウス - ホワイト/柄 / FREE	"＜一枚で着映えるチェック柄フリルブラウス＞
▼デザイン
・たっぷりのフリルデザインが目を惹くブラウス
・細かなチェック柄で甘くなりすぎず、大人ガーリーな着こなしが楽しめます。
・首回りの大きなフリルで小顔効果も期待できちゃう！
・フロント部分のボタンで着脱でも楽ちん♪
▼コーディネート
フェミニンなスタイリングにおすすめのブラウス！
スラックスパンツやスカートと合わせるのがおすすめ◎
▼スタイルアップポイント
大き目フリルで二の腕部分をカバーしてくれるのは、骨ストさんの嬉しいポイント！
ウェーブさんにもおすすめなボリューム感あるフリル要素が♪
------------------------------
生地感：普通
伸縮性：ある
透け感：なし
裏地：なし
------------------------------
▼ブランド紹介
RETRO GIRL (レトロガール）
自分らしい“ベーシックアイテム”と
新しい自分の”トレンドアイテム”が
見つかる場所
今らしいファッションを楽しむ
女性のためのブランド
▼SNS
新着アイテムやお得なセール情報を配信中♪
【公式 Instagram】
＠retrogirl_official
【公式 TikTok】
@retrogirl_official
#ブラウス #チェック柄 #フリルブラウス #ノースリーブ #夏コーデ
▼注意事項
※撮影環境やモニター環境によって実際の商品とお色味が
多少異なってみえる場合がございます。
品番：RE656423T001　/ 品名：肩フリルノースリブラウス"	in stock	999	new	3890 JPY	https://www.retro-girl.jp/item/111298.html	https://img-retro-girl.freetls.fastly.net/retrogirl/image_item/111/111298/11129801_b.jpg	RETRO GIRL	1940 JPY	https://img-retro-girl.freetls.fastly.net/retrogirl/image_item/111/111298/11129802_b.jpg,https://img-retro-girl.freetls.fastly.net/retrogirl/image_item/111/111298/11129803_b.jpg	トップス > シャツ/ブラウス	ホワイト/柄	FREE	綿100％	adult	female	
RE656423T0011607	RE656423T001	肩フリルノースリブラウス - ブラック/チェック / FREE	"＜一枚で着映えるチェック柄フリルブラウス＞
▼デザイン
・たっぷりのフリルデザインが目を惹くブラウス
・細かなチェック柄で甘くなりすぎず、大人ガーリーな着こなしが楽しめます。
・首回りの大きなフリルで小顔効果も期待できちゃう！
・フロント部分のボタンで着脱でも楽ちん♪
▼コーディネート
フェミニンなスタイリングにおすすめのブラウス！
スラックスパンツやスカートと合わせるのがおすすめ◎
▼スタイルアップポイント
大き目フリルで二の腕部分をカバーしてくれるのは、骨ストさんの嬉しいポイント！
ウェーブさんにもおすすめなボリューム感あるフリル要素が♪
------------------------------
生地感：普通
伸縮性：ある
透け感：なし
裏地：なし
------------------------------
▼ブランド紹介
RETRO GIRL (レトロガール）
自分らしい“ベーシックアイテム”と
新しい自分の”トレンドアイテム”が
見つかる場所
今らしいファッションを楽しむ
女性のためのブランド
▼SNS
新着アイテムやお得なセール情報を配信中♪
【公式 Instagram】
＠retrogirl_official
【公式 TikTok】
@retrogirl_official
#ブラウス #チェック柄 #フリルブラウス #ノースリーブ #夏コーデ
▼注意事項
※撮影環境やモニター環境によって実際の商品とお色味が
多少異なってみえる場合がございます。
品番：RE656423T001　/ 品名：肩フリルノースリブラウス"	in stock	999	new	3890 JPY	https://www.retro-girl.jp/item/111298.html	https://img-retro-girl.freetls.fastly.net/retrogirl/image_item/111/111298/11129802_b.jpg	RETRO GIRL	1940 JPY	https://img-retro-girl.freetls.fastly.net/retrogirl/image_item/111/111298/11129801_b.jpg,https://img-retro-girl.freetls.fastly.net/retrogirl/image_item/111/111298/11129803_b.jpg	トップス > シャツ/ブラウス	ブラック/チェック	FREE	綿100％	adult	female	
RE656423T0015607	RE656423T001	肩フリルノースリブラウス - ブラウン/チェック / FREE	"＜一枚で着映えるチェック柄フリルブラウス＞
▼デザイン
・たっぷりのフリルデザインが目を惹くブラウス
・細かなチェック柄で甘くなりすぎず、大人ガーリーな着こなしが楽しめます。
・首回りの大きなフリルで小顔効果も期待できちゃう！
・フロント部分のボタンで着脱でも楽ちん♪
▼コーディネート
フェミニンなスタイリングにおすすめのブラウス！
スラックスパンツやスカートと合わせるのがおすすめ◎
▼スタイルアップポイント
大き目フリルで二の腕部分をカバーしてくれるのは、骨ストさんの嬉しいポイント！
ウェーブさんにもおすすめなボリューム感あるフリル要素が♪
------------------------------
生地感：普通
伸縮性：ある
透け感：なし
裏地：なし
------------------------------
▼ブランド紹介
RETRO GIRL (レトロガール）
自分らしい“ベーシックアイテム”と
新しい自分の”トレンドアイテム”が
見つかる場所
今らしいファッションを楽しむ
女性のためのブランド
▼SNS
新着アイテムやお得なセール情報を配信中♪
【公式 Instagram】
＠retrogirl_official
【公式 TikTok】
@retrogirl_official
#ブラウス #チェック柄 #フリルブラウス #ノースリーブ #夏コーデ
▼注意事項
※撮影環境やモニター環境によって実際の商品とお色味が
多少異なってみえる場合がございます。
品番：RE656423T001　/ 品名：肩フリルノースリブラウス"	in stock	999	new	3890 JPY	https://www.retro-girl.jp/item/111298.html	https://img-retro-girl.freetls.fastly.net/retrogirl/image_item/111/111298/11129803_b.jpg	RETRO GIRL	1940 JPY	https://img-retro-girl.freetls.fastly.net/retrogirl/image_item/111/111298/11129801_b.jpg,https://img-retro-girl.freetls.fastly.net/retrogirl/image_item/111/111298/11129802_b.jpg	トップス > シャツ/ブラウス	ブラウン/チェック	FREE	綿100％	adult	female	
EF615521G0015607	EF615521G001	アソートショート丈ジャケット - ブラウン/チェック / FREE	"〈ダブルボタンでこなれ感をプラスするテーラードジャケット〉
▼デザイン
・秋はコーデに取り入れたい、テーラードジャケット。
・コンパクトな着丈でコーデにこなれ感をプラス。
・ダブルボタンになっているので、シャキっとしたい場面にもおすすめ！
・後ろはレースアップになっていて、絞ることでシルエットのアレンジも可能です。
▼コーディネート
ミニ丈ワンピースの上に羽織るのがおすすめなアイテム。
チュールスカートやマーメイドスカートとも相性バッチリです。
------------------------------
生地感：普通
伸縮性：なし
透け感：なし
裏地：ある
------------------------------
▼ブランド紹介
ems excite (エムズエキサイト）
“more fun more cute”
今をもっと楽しく
もっと可愛くいたい女の子に向けた
girly cuteなブランド
#ジャケット #テーラージャケット #ガーリーアイテム #アウターアイテム #秋アウター #ショート丈 #レースアップデザイン
▼注意事項
※撮影環境やモニター環境によって実際の商品とお色味が
多少異なってみえる場合がございます。
品番：EF615521G001　/ 品名：アソートショート丈ジャケット"	in stock	999	new	7190 JPY	https://www.retro-girl.jp/item/111392.html	https://img-retro-girl.freetls.fastly.net/retrogirl/image_item/111/111392/11139203_b.jpg	ems excite		https://img-retro-girl.freetls.fastly.net/retrogirl/image_item/111/111392/11139201_b.jpg,https://img-retro-girl.freetls.fastly.net/retrogirl/image_item/111/111392/11139202_b.jpg	ジャケット/アウター > テーラードジャケット	ブラウン/チェック	FREE	本体　ポリエステル：100％　裏地　ポリエステル：100％	adult	female	
EF615521G0010907	EF615521G001	アソートショート丈ジャケット - ブラック / FREE	"〈ダブルボタンでこなれ感をプラスするテーラードジャケット〉
▼デザイン
・秋はコーデに取り入れたい、テーラードジャケット。
・コンパクトな着丈でコーデにこなれ感をプラス。
・ダブルボタンになっているので、シャキっとしたい場面にもおすすめ！
・後ろはレースアップになっていて、絞ることでシルエットのアレンジも可能です。
▼コーディネート
ミニ丈ワンピースの上に羽織るのがおすすめなアイテム。
チュールスカートやマーメイドスカートとも相性バッチリです。
------------------------------
生地感：普通
伸縮性：なし
透け感：なし
裏地：ある
------------------------------
▼ブランド紹介
ems excite (エムズエキサイト）
“more fun more cute”
今をもっと楽しく
もっと可愛くいたい女の子に向けた
girly cuteなブランド
#ジャケット #テーラージャケット #ガーリーアイテム #アウターアイテム #秋アウター #ショート丈 #レースアップデザイン
▼注意事項
※撮影環境やモニター環境によって実際の商品とお色味が
多少異なってみえる場合がございます。
品番：EF615521G001　/ 品名：アソートショート丈ジャケット"	in stock	999	new	7190 JPY	https://www.retro-girl.jp/item/111392.html	https://img-retro-girl.freetls.fastly.net/retrogirl/image_item/111/111392/11139201_b.jpg	ems excite		https://img-retro-girl.freetls.fastly.net/retrogirl/image_item/111/111392/11139203_b.jpg,https://img-retro-girl.freetls.fastly.net/retrogirl/image_item/111/111392/11139202_b.jpg	ジャケット/アウター > テーラードジャケット	ブラック	FREE	本体　ポリエステル：100％　裏地　ポリエステル：100％	adult	female	
EF615521G0011007	EF615521G001	アソートショート丈ジャケット - ライトグレー / FREE	"〈ダブルボタンでこなれ感をプラスするテーラードジャケット〉
▼デザイン
・秋はコーデに取り入れたい、テーラードジャケット。
・コンパクトな着丈でコーデにこなれ感をプラス。
・ダブルボタンになっているので、シャキっとしたい場面にもおすすめ！
・後ろはレースアップになっていて、絞ることでシルエットのアレンジも可能です。
▼コーディネート
ミニ丈ワンピースの上に羽織るのがおすすめなアイテム。
チュールスカートやマーメイドスカートとも相性バッチリです。
------------------------------
生地感：普通
伸縮性：なし
透け感：なし
裏地：ある
------------------------------
▼ブランド紹介
ems excite (エムズエキサイト）
“more fun more cute”
今をもっと楽しく
もっと可愛くいたい女の子に向けた
girly cuteなブランド
#ジャケット #テーラージャケット #ガーリーアイテム #アウターアイテム #秋アウター #ショート丈 #レースアップデザイン
▼注意事項
※撮影環境やモニター環境によって実際の商品とお色味が
多少異なってみえる場合がございます。
品番：EF615521G001　/ 品名：アソートショート丈ジャケット"	in stock	999	new	7190 JPY	https://www.retro-girl.jp/item/111392.html	https://img-retro-girl.freetls.fastly.net/retrogirl/image_item/111/111392/11139202_b.jpg	ems excite		https://img-retro-girl.freetls.fastly.net/retrogirl/image_item/111/111392/11139203_b.jpg,https://img-retro-girl.freetls.fastly.net/retrogirl/image_item/111/111392/11139201_b.jpg	ジャケット/アウター > テーラードジャケット	ライトグレー	FREE	本体　ポリエステル：100％　裏地　ポリエステル：100％	adult	female	
RW653242B0010903	RW653242B001	ロングブーツ - ブラック / M	"＜毎年大人気のロングブーツは、予約必須！！＞
▼デザイン
・毎年大人気を頂き、予約分で完売するロングブーツ
・光沢感のある素材で、上品なデザイン。
・内側のZIPで着脱して頂けます。
・ヒールではなく、厚底で、スタイルアップするのに歩きやすい！
▼コーディネート
ミニ丈アイテムとの相性が抜群のアイテムです。
防寒能力も高く、冬の寒さにも対応できるので、大活躍です。
▼ブランド紹介
RETRO GIRL (レトロガール）
自分らしい“ベーシックアイテム”と
新しい自分の”トレンドアイテム”が
見つかる場所
今らしいファッションを楽しむ
女性のためのブランド
#ロングブーツ#ロングブーツコーデ #厚底ブーツ#ブーツ#足元倶楽部#ブーツコーデ
▼注意事項
※撮影環境やモニター環境によって実際の商品とお色味が
多少異なってみえる場合がございます。
品番：RW653242B001　/ 品名：ロングブーツ"	in stock	999	new	6490 JPY	https://www.retro-girl.jp/item/111304.html	https://img-retro-girl.freetls.fastly.net/retrogirl/image_item/111/111304/11130401_b.jpg	RETRO GIRL		https://img-retro-girl.freetls.fastly.net/retrogirl/image_item/111/111304/11130402_b.jpg	シューズ > ブーツ	ブラック	M		adult	female	
RW653242B0010904	RW653242B001	ロングブーツ - ブラック / L	"＜毎年大人気のロングブーツは、予約必須！！＞
▼デザイン
・毎年大人気を頂き、予約分で完売するロングブーツ
・光沢感のある素材で、上品なデザイン。
・内側のZIPで着脱して頂けます。
・ヒールではなく、厚底で、スタイルアップするのに歩きやすい！
▼コーディネート
ミニ丈アイテムとの相性が抜群のアイテムです。
防寒能力も高く、冬の寒さにも対応できるので、大活躍です。
▼ブランド紹介
RETRO GIRL (レトロガール）
自分らしい“ベーシックアイテム”と
新しい自分の”トレンドアイテム”が
見つかる場所
今らしいファッションを楽しむ
女性のためのブランド
#ロングブーツ#ロングブーツコーデ #厚底ブーツ#ブーツ#足元倶楽部#ブーツコーデ
▼注意事項
※撮影環境やモニター環境によって実際の商品とお色味が
多少異なってみえる場合がございます。
品番：RW653242B001　/ 品名：ロングブーツ"	in stock	999	new	6490 JPY	https://www.retro-girl.jp/item/111304.html	https://img-retro-girl.freetls.fastly.net/retrogirl/image_item/111/111304/11130401_b.jpg	RETRO GIRL		https://img-retro-girl.freetls.fastly.net/retrogirl/image_item/111/111304/11130402_b.jpg	シューズ > ブーツ	ブラック	L		adult	female	
RW653242B0010905	RW653242B001	ロングブーツ - ブラック / LL	"＜毎年大人気のロングブーツは、予約必須！！＞
▼デザイン
・毎年大人気を頂き、予約分で完売するロングブーツ
・光沢感のある素材で、上品なデザイン。
・内側のZIPで着脱して頂けます。
・ヒールではなく、厚底で、スタイルアップするのに歩きやすい！
▼コーディネート
ミニ丈アイテムとの相性が抜群のアイテムです。
防寒能力も高く、冬の寒さにも対応できるので、大活躍です。
▼ブランド紹介
RETRO GIRL (レトロガール）
自分らしい“ベーシックアイテム”と
新しい自分の”トレンドアイテム”が
見つかる場所
今らしいファッションを楽しむ
女性のためのブランド
#ロングブーツ#ロングブーツコーデ #厚底ブーツ#ブーツ#足元倶楽部#ブーツコーデ
▼注意事項
※撮影環境やモニター環境によって実際の商品とお色味が
多少異なってみえる場合がございます。
品番：RW653242B001　/ 品名：ロングブーツ"	in stock	999	new	6490 JPY	https://www.retro-girl.jp/item/111304.html	https://img-retro-girl.freetls.fastly.net/retrogirl/image_item/111/111304/11130401_b.jpg	RETRO GIRL		https://img-retro-girl.freetls.fastly.net/retrogirl/image_item/111/111304/11130402_b.jpg	シューズ > ブーツ	ブラック	LL		adult	female	
RW653242B0015003	RW653242B001	ロングブーツ - ブラウン / M	"＜毎年大人気のロングブーツは、予約必須！！＞
▼デザイン
・毎年大人気を頂き、予約分で完売するロングブーツ
・光沢感のある素材で、上品なデザイン。
・内側のZIPで着脱して頂けます。
・ヒールではなく、厚底で、スタイルアップするのに歩きやすい！
▼コーディネート
ミニ丈アイテムとの相性が抜群のアイテムです。
防寒能力も高く、冬の寒さにも対応できるので、大活躍です。
▼ブランド紹介
RETRO GIRL (レトロガール）
自分らしい“ベーシックアイテム”と
新しい自分の”トレンドアイテム”が
見つかる場所
今らしいファッションを楽しむ
女性のためのブランド
#ロングブーツ#ロングブーツコーデ #厚底ブーツ#ブーツ#足元倶楽部#ブーツコーデ
▼注意事項
※撮影環境やモニター環境によって実際の商品とお色味が
多少異なってみえる場合がございます。
品番：RW653242B001　/ 品名：ロングブーツ"	in stock	999	new	6490 JPY	https://www.retro-girl.jp/item/111304.html	https://img-retro-girl.freetls.fastly.net/retrogirl/image_item/111/111304/11130402_b.jpg	RETRO GIRL		https://img-retro-girl.freetls.fastly.net/retrogirl/image_item/111/111304/11130401_b.jpg	シューズ > ブーツ	ブラウン	M		adult	female	
RW653242B0015004	RW653242B001	ロングブーツ - ブラウン / L	"＜毎年大人気のロングブーツは、予約必須！！＞
▼デザイン
・毎年大人気を頂き、予約分で完売するロングブーツ
・光沢感のある素材で、上品なデザイン。
・内側のZIPで着脱して頂けます。
・ヒールではなく、厚底で、スタイルアップするのに歩きやすい！
▼コーディネート
ミニ丈アイテムとの相性が抜群のアイテムです。
防寒能力も高く、冬の寒さにも対応できるので、大活躍です。
▼ブランド紹介
RETRO GIRL (レトロガール）
自分らしい“ベーシックアイテム”と
新しい自分の”トレンドアイテム”が
見つかる場所
今らしいファッションを楽しむ
女性のためのブランド
#ロングブーツ#ロングブーツコーデ #厚底ブーツ#ブーツ#足元倶楽部#ブーツコーデ
▼注意事項
※撮影環境やモニター環境によって実際の商品とお色味が
多少異なってみえる場合がございます。
品番：RW653242B001　/ 品名：ロングブーツ"	in stock	999	new	6490 JPY	https://www.retro-girl.jp/item/111304.html	https://img-retro-girl.freetls.fastly.net/retrogirl/image_item/111/111304/11130402_b.jpg	RETRO GIRL		https://img-retro-girl.freetls.fastly.net/retrogirl/image_item/111/111304/11130401_b.jpg	シューズ > ブーツ	ブラウン	L		adult	female	
RW653242B0015005	RW653242B001	ロングブーツ - ブラウン / LL	"＜毎年大人気のロングブーツは、予約必須！！＞
▼デザイン
・毎年大人気を頂き、予約分で完売するロングブーツ
・光沢感のある素材で、上品なデザイン。
・内側のZIPで着脱して頂けます。
・ヒールではなく、厚底で、スタイルアップするのに歩きやすい！
▼コーディネート
ミニ丈アイテムとの相性が抜群のアイテムです。
防寒能力も高く、冬の寒さにも対応できるので、大活躍です。
▼ブランド紹介
RETRO GIRL (レトロガール）
自分らしい“ベーシックアイテム”と
新しい自分の”トレンドアイテム”が
見つかる場所
今らしいファッションを楽しむ
女性のためのブランド
#ロングブーツ#ロングブーツコーデ #厚底ブーツ#ブーツ#足元倶楽部#ブーツコーデ
▼注意事項
※撮影環境やモニター環境によって実際の商品とお色味が
多少異なってみえる場合がございます。
品番：RW653242B001　/ 品名：ロングブーツ"	in stock	999	new	6490 JPY	https://www.retro-girl.jp/item/111304.html	https://img-retro-girl.freetls.fastly.net/retrogirl/image_item/111/111304/11130402_b.jpg	RETRO GIRL		https://img-retro-girl.freetls.fastly.net/retrogirl/image_item/111/111304/11130401_b.jpg	シューズ > ブーツ	ブラウン	LL		adult	female	
ES661243G0040200	ES661243G004	ドットワンハンドルミニBAG - オフホワイト / ONE SIZE	"〈存在感たっぷりのドット柄バッグ〉
▼デザイン
・今年トレンドのドット柄バッグ
・程よいサイズ感でデイリー使いにおすすめ！
・付属のベルトでショルダー部分を伸ばすことも可能です。
・ZIPでしっかりと止めることができるので、大切なものを落とす心配もなく安心♪
▼コーディネート
カジュアルコーデにもガーリーコーデにも合わせられるのが嬉しい♪
肩からかけられるので、コーデの一部としてもおしゃれに使って頂けます。
▼ブランド紹介
ems excite (エムズエキサイト）
“more fun more cute”
今をもっと楽しく
もっと可愛くいたい女の子に向けた
girly cuteなブランド
#ドット柄 #ドット柄アイテム #ショルダーバッグ #ハンドバッグ
▼注意事項
※撮影環境やモニター環境によって実際の商品とお色味が
多少異なってみえる場合がございます。
品番：ES661243G004　/ 品名：ドットワンハンドルミニBAG"	in stock	999	new	4790 JPY	https://www.retro-girl.jp/item/111273.html	https://img-retro-girl.freetls.fastly.net/retrogirl/image_item/111/111273/11127301_b.jpg	ems excite	2990 JPY	https://img-retro-girl.freetls.fastly.net/retrogirl/image_item/111/111273/11127302_b.jpg	バッグ > ショルダーバッグ	オフホワイト	ONE SIZE	合成革皮：100％	adult	female	
ES661243G0040900	ES661243G004	ドットワンハンドルミニBAG - ブラック / ONE SIZE	"〈存在感たっぷりのドット柄バッグ〉
▼デザイン
・今年トレンドのドット柄バッグ
・程よいサイズ感でデイリー使いにおすすめ！
・付属のベルトでショルダー部分を伸ばすことも可能です。
・ZIPでしっかりと止めることができるので、大切なものを落とす心配もなく安心♪
▼コーディネート
カジュアルコーデにもガーリーコーデにも合わせられるのが嬉しい♪
肩からかけられるので、コーデの一部としてもおしゃれに使って頂けます。
▼ブランド紹介
ems excite (エムズエキサイト）
“more fun more cute”
今をもっと楽しく
もっと可愛くいたい女の子に向けた
girly cuteなブランド
#ドット柄 #ドット柄アイテム #ショルダーバッグ #ハンドバッグ
▼注意事項
※撮影環境やモニター環境によって実際の商品とお色味が
多少異なってみえる場合がございます。
品番：ES661243G004　/ 品名：ドットワンハンドルミニBAG"	in stock	999	new	4790 JPY	https://www.retro-girl.jp/item/111273.html	https://img-retro-girl.freetls.fastly.net/retrogirl/image_item/111/111273/11127302_b.jpg	ems excite	2990 JPY	https://img-retro-girl.freetls.fastly.net/retrogirl/image_item/111/111273/11127301_b.jpg	バッグ > ショルダーバッグ	ブラック	ONE SIZE	合成革皮：100％	adult	female	
RE647722T0015807	RE647722T001	ドットチュニックワンピース - ブラウン/ドット / FREE	"＜ドット柄で華やかなチュニックワンピース＞
▼デザイン
・３段のティアードで女性らしいシルエット
・後ろのボタンで着脱可能です
・存在感あるドット柄で、コーデを一気に華やかに仕上げます。
・ゆったりしたデザインで、体型カバーも可能◎
▼コーディネート
裏地はついていないので、レイヤードスタイルが圧倒的におすすめ！
デニムやスウェットパンツと合わせてみて♪
▼スタイルアップポイント
骨格問わず着用できるデザイン。
腰回りもカバーしてくれるので、気になりやすいウェーブさん、ストレートさんのお悩みを解決！
存在感のあるドット柄で顔タイプアクティブキュートさん特におすすめ！
-----------------------------
生地感：普通
伸縮性：なし
透け感：多少ある
裏地：なし
------------------------------
▼ブランド紹介
RETRO GIRL (レトロガール）
～日常に、ひとさじのときめきを～
いつものスタイルに新しい気分を織り込んで、
毎日をたのしむきっかけを作るブランド。
▼SNS
新着アイテムやお得なセール情報を配信中♪
【公式 Instagram】
＠retrogirl_official
【公式 TikTok】
@retrogirl_official
#ワンピース #チュニックコーデ #フェミニンコーデ #ドット柄 ＃大人コーデ #ティアード
▼注意事項
※撮影環境やモニター環境によって実際の商品とお色味が多少異なってみえる場合がございます。
品番：RE647722T001　/ 品名：ドットチュニックワンピース"	in stock	999	new	4290 JPY	https://www.retro-girl.jp/item/111361.html	https://img-retro-girl.freetls.fastly.net/retrogirl/image_item/111/111361/11136102_b.jpg	RETRO GIRL		https://img-retro-girl.freetls.fastly.net/retrogirl/image_item/111/111361/11136101_b.jpg	ワンピース/ドレス > チュニック	ブラウン/ドット	FREE	ポリエステル100%	adult	female	
RE647722T0010607	RE647722T001	ドットチュニックワンピース - ホワイト/柄 / FREE	"＜ドット柄で華やかなチュニックワンピース＞
▼デザイン
・３段のティアードで女性らしいシルエット
・後ろのボタンで着脱可能です
・存在感あるドット柄で、コーデを一気に華やかに仕上げます。
・ゆったりしたデザインで、体型カバーも可能◎
▼コーディネート
裏地はついていないので、レイヤードスタイルが圧倒的におすすめ！
デニムやスウェットパンツと合わせてみて♪
▼スタイルアップポイント
骨格問わず着用できるデザイン。
腰回りもカバーしてくれるので、気になりやすいウェーブさん、ストレートさんのお悩みを解決！
存在感のあるドット柄で顔タイプアクティブキュートさん特におすすめ！
-----------------------------
生地感：普通
伸縮性：なし
透け感：多少ある
裏地：なし
------------------------------
▼ブランド紹介
RETRO GIRL (レトロガール）
～日常に、ひとさじのときめきを～
いつものスタイルに新しい気分を織り込んで、
毎日をたのしむきっかけを作るブランド。
▼SNS
新着アイテムやお得なセール情報を配信中♪
【公式 Instagram】
＠retrogirl_official
【公式 TikTok】
@retrogirl_official
#ワンピース #チュニックコーデ #フェミニンコーデ #ドット柄 ＃大人コーデ #ティアード
▼注意事項
※撮影環境やモニター環境によって実際の商品とお色味が多少異なってみえる場合がございます。
品番：RE647722T001　/ 品名：ドットチュニックワンピース"	in stock	999	new	4290 JPY	https://www.retro-girl.jp/item/111361.html	https://img-retro-girl.freetls.fastly.net/retrogirl/image_item/111/111361/11136101_b.jpg	RETRO GIRL		https://img-retro-girl.freetls.fastly.net/retrogirl/image_item/111/111361/11136102_b.jpg	ワンピース/ドレス > チュニック	ホワイト/柄	FREE	ポリエステル100%	adult	female	
EE661523G0012007	EE661523G001	2WAYシフォンブラウス - ピンク / FREE	"＜ワンホンコーデにぴったりなフェミニンブラウス＞
▼デザイン
・大人フェミニンなシフォンブラウス
・脇下のボタンで袖の取り外しが可能。
・気温に合わせた調節ができるので、長く着用いただけます。
・裾のティアードや、フロント部分のリボンがemsらしいポイント！
▼コーディネート
フレアデニムと相性抜群のアイテム
1枚で大人っぽいお姉さんコーデが完成です！
------------------------------
生地感：普通
伸縮性：なし
透け感：多少ある
裏地：ある
------------------------------
▼ブランド紹介
ems excite (エムズエキサイト）
“more fun more cute”
今をもっと楽しく
もっと可愛くいたい女の子に向けた
girly cuteなブランド
#オフショルダー #シフォン #マルチウェイ #ガーリー #フェミニン #リボンデザイン
▼注意事項
※撮影環境やモニター環境によって実際の商品とお色味が多少異なってみえる場合がございます。
品番：EE661523G001　/ 品名：2WAYシフォンブラウス"	in stock	999	new	5490 JPY	https://www.retro-girl.jp/item/111354.html	https://img-retro-girl.freetls.fastly.net/retrogirl/image_item/111/111354/11135402_b.jpg	ems excite		https://img-retro-girl.freetls.fastly.net/retrogirl/image_item/111/111354/11135401_b.jpg,https://img-retro-girl.freetls.fastly.net/retrogirl/image_item/111/111354/11135403_b.jpg	トップス > シャツ/ブラウス	ピンク	FREE	ポリエステル100％	adult	female	
EE661523G0010907	EE661523G001	2WAYシフォンブラウス - ブラック / FREE	"＜ワンホンコーデにぴったりなフェミニンブラウス＞
▼デザイン
・大人フェミニンなシフォンブラウス
・脇下のボタンで袖の取り外しが可能。
・気温に合わせた調節ができるので、長く着用いただけます。
・裾のティアードや、フロント部分のリボンがemsらしいポイント！
▼コーディネート
フレアデニムと相性抜群のアイテム
1枚で大人っぽいお姉さんコーデが完成です！
------------------------------
生地感：普通
伸縮性：なし
透け感：多少ある
裏地：ある
------------------------------
▼ブランド紹介
ems excite (エムズエキサイト）
“more fun more cute”
今をもっと楽しく
もっと可愛くいたい女の子に向けた
girly cuteなブランド
#オフショルダー #シフォン #マルチウェイ #ガーリー #フェミニン #リボンデザイン
▼注意事項
※撮影環境やモニター環境によって実際の商品とお色味が多少異なってみえる場合がございます。
品番：EE661523G001　/ 品名：2WAYシフォンブラウス"	in stock	999	new	5490 JPY	https://www.retro-girl.jp/item/111354.html	https://img-retro-girl.freetls.fastly.net/retrogirl/image_item/111/111354/11135401_b.jpg	ems excite		https://img-retro-girl.freetls.fastly.net/retrogirl/image_item/111/111354/11135402_b.jpg,https://img-retro-girl.freetls.fastly.net/retrogirl/image_item/111/111354/11135403_b.jpg	トップス > シャツ/ブラウス	ブラック	FREE	ポリエステル100％	adult	female	
EE661523G0015607	EE661523G001	2WAYシフォンブラウス - ブラウン/チェック / FREE	"＜ワンホンコーデにぴったりなフェミニンブラウス＞
▼デザイン
・大人フェミニンなシフォンブラウス
・脇下のボタンで袖の取り外しが可能。
・気温に合わせた調節ができるので、長く着用いただけます。
・裾のティアードや、フロント部分のリボンがemsらしいポイント！
▼コーディネート
フレアデニムと相性抜群のアイテム
1枚で大人っぽいお姉さんコーデが完成です！
------------------------------
生地感：普通
伸縮性：なし
透け感：多少ある
裏地：ある
------------------------------
▼ブランド紹介
ems excite (エムズエキサイト）
“more fun more cute”
今をもっと楽しく
もっと可愛くいたい女の子に向けた
girly cuteなブランド
#オフショルダー #シフォン #マルチウェイ #ガーリー #フェミニン #リボンデザイン
▼注意事項
※撮影環境やモニター環境によって実際の商品とお色味が多少異なってみえる場合がございます。
品番：EE661523G001　/ 品名：2WAYシフォンブラウス"	in stock	999	new	5490 JPY	https://www.retro-girl.jp/item/111354.html	https://img-retro-girl.freetls.fastly.net/retrogirl/image_item/111/111354/11135403_b.jpg	ems excite		https://img-retro-girl.freetls.fastly.net/retrogirl/image_item/111/111354/11135402_b.jpg,https://img-retro-girl.freetls.fastly.net/retrogirl/image_item/111/111354/11135401_b.jpg	トップス > シャツ/ブラウス	ブラウン/チェック	FREE	ポリエステル100％	adult	female	
EF657111G0031107	EF657111G003	フリルワンショルトレーナー - ダークグレー / FREE	"＜フリルが華やかなワンショルトレーナー＞
▼デザイン
・emsらしいガーリーなトレーナー
・ワンショルダーで女性らしい肌見せが実現
・首回りにデザインされたフリルとリボンがガーリーで華やかな印象に。
・バスト部分はゆったりしたサイズ感なので、着心地も抜群◎
▼コーディネート
ボトムはガーリーにバルーンスカートやフリルスカート合わせがおすすめ！
フレアデニムと合わせても女性らしい大人カジュアルコーデに◎
------------------------------
生地感：普通
伸縮性：ある
透け感：なし
裏地：なし
------------------------------
▼ブランド紹介
ems excite (エムズエキサイト）
“more fun more cute”
今をもっと楽しく
もっと可愛いくいたい女の子に向けた
girly cuteなブランド
#スウェット #トレーナー #フリル #リボン #ガーリーコーデ #ワンショルダー
▼注意事項
※撮影環境やモニター環境によって実際の商品とお色味が多少異なってみえる場合がございます。
品番：EF657111G003　/ 品名：フリルワンショルトレーナー"	in stock	999	new	4090 JPY	https://www.retro-girl.jp/item/111344.html	https://img-retro-girl.freetls.fastly.net/retrogirl/image_item/111/111344/11134401_b.jpg	ems excite		https://img-retro-girl.freetls.fastly.net/retrogirl/image_item/111/111344/11134402_b.jpg	トップス > Tシャツ/カットソー	ダークグレー	FREE	本体：ポリエステル80％ レーヨン13％ ポリウレタン3％フリル部分：ポリエステル97％ 綿3％	adult	female	
EF657111G0038007	EF657111G003	フリルワンショルトレーナー - ブルー / FREE	"＜フリルが華やかなワンショルトレーナー＞
▼デザイン
・emsらしいガーリーなトレーナー
・ワンショルダーで女性らしい肌見せが実現
・首回りにデザインされたフリルとリボンがガーリーで華やかな印象に。
・バスト部分はゆったりしたサイズ感なので、着心地も抜群◎
▼コーディネート
ボトムはガーリーにバルーンスカートやフリルスカート合わせがおすすめ！
フレアデニムと合わせても女性らしい大人カジュアルコーデに◎
------------------------------
生地感：普通
伸縮性：ある
透け感：なし
裏地：なし
------------------------------
▼ブランド紹介
ems excite (エムズエキサイト）
“more fun more cute”
今をもっと楽しく
もっと可愛いくいたい女の子に向けた
girly cuteなブランド
#スウェット #トレーナー #フリル #リボン #ガーリーコーデ #ワンショルダー
▼注意事項
※撮影環境やモニター環境によって実際の商品とお色味が多少異なってみえる場合がございます。
品番：EF657111G003　/ 品名：フリルワンショルトレーナー"	in stock	999	new	4090 JPY	https://www.retro-girl.jp/item/111344.html	https://img-retro-girl.freetls.fastly.net/retrogirl/image_item/111/111344/11134402_b.jpg	ems excite		https://img-retro-girl.freetls.fastly.net/retrogirl/image_item/111/111344/11134401_b.jpg	トップス > Tシャツ/カットソー	ブルー	FREE	本体：ポリエステル80％ レーヨン13％ ポリウレタン3％フリル部分：ポリエステル97％ 綿3％	adult	female	
EE657111C0010407	EE657111C001	タイ付きパッチワークカットソー - エクリュ / FREE	"＜トレンドのタイ付カットソーが今季も登場♪＞
▼デザイン
・裾やチョーカー部分にチェック柄が施されたデザインカットソー。
・チェック柄がアクセントになり、一気に秋めくデザイン。
・セットのタイアイテムは、裾のフリルと同柄でコーデに統一感を。
・巻き方もアレンジできるので、コーデの幅が広がるアイテム。
▼コーディネート
スウェットパンツやデニムパンツと合わせるのが今年らしいスタイリングでおすすめです♪
ガーリーに着こなしたい方は、ミニ丈ボトムがおすすめ◎
------------------------------
生地感：普通
伸縮性：ある
透け感：なし
裏地：なし
------------------------------
▼ブランド紹介
ems excite (エムズエキサイト）
“more fun more cute”
今をもっと楽しく
もっと可愛くいたい女の子に向けた
girly cuteなブランド
#カットソー #チェック #チェック柄 #チョーカー #フリル #レイヤード #秋コーデ
▼注意事項
※撮影環境やモニター環境によって実際の商品とお色味が
多少異なってみえる場合がございます。
品番：EE657111C001　/ 品名：タイ付きパッチワークカットソー"	in stock	999	new	3590 JPY	https://www.retro-girl.jp/item/111355.html	https://img-retro-girl.freetls.fastly.net/retrogirl/image_item/111/111355/11135501_b.jpg	ems excite		https://img-retro-girl.freetls.fastly.net/retrogirl/image_item/111/111355/11135502_b.jpg,https://img-retro-girl.freetls.fastly.net/retrogirl/image_item/111/111355/11135503_b.jpg	トップス > Tシャツ/カットソー	エクリュ	FREE	本体：ポリエステル72％ 綿24％ ポリウレタン4％別布：ポリエステル65％ 綿35％	adult	female	
EE657111C0011007	EE657111C001	タイ付きパッチワークカットソー - ライトグレー / FREE	"＜トレンドのタイ付カットソーが今季も登場♪＞
▼デザイン
・裾やチョーカー部分にチェック柄が施されたデザインカットソー。
・チェック柄がアクセントになり、一気に秋めくデザイン。
・セットのタイアイテムは、裾のフリルと同柄でコーデに統一感を。
・巻き方もアレンジできるので、コーデの幅が広がるアイテム。
▼コーディネート
スウェットパンツやデニムパンツと合わせるのが今年らしいスタイリングでおすすめです♪
ガーリーに着こなしたい方は、ミニ丈ボトムがおすすめ◎
------------------------------
生地感：普通
伸縮性：ある
透け感：なし
裏地：なし
------------------------------
▼ブランド紹介
ems excite (エムズエキサイト）
“more fun more cute”
今をもっと楽しく
もっと可愛くいたい女の子に向けた
girly cuteなブランド
#カットソー #チェック #チェック柄 #チョーカー #フリル #レイヤード #秋コーデ
▼注意事項
※撮影環境やモニター環境によって実際の商品とお色味が
多少異なってみえる場合がございます。
品番：EE657111C001　/ 品名：タイ付きパッチワークカットソー"	in stock	999	new	3590 JPY	https://www.retro-girl.jp/item/111355.html	https://img-retro-girl.freetls.fastly.net/retrogirl/image_item/111/111355/11135502_b.jpg	ems excite		https://img-retro-girl.freetls.fastly.net/retrogirl/image_item/111/111355/11135501_b.jpg,https://img-retro-girl.freetls.fastly.net/retrogirl/image_item/111/111355/11135503_b.jpg	トップス > Tシャツ/カットソー	ライトグレー	FREE	本体：ポリエステル72％ 綿24％ ポリウレタン4％別布：ポリエステル65％ 綿35％	adult	female	
EE657111C0018207	EE657111C001	タイ付きパッチワークカットソー - ダークブルー / FREE	"＜トレンドのタイ付カットソーが今季も登場♪＞
▼デザイン
・裾やチョーカー部分にチェック柄が施されたデザインカットソー。
・チェック柄がアクセントになり、一気に秋めくデザイン。
・セットのタイアイテムは、裾のフリルと同柄でコーデに統一感を。
・巻き方もアレンジできるので、コーデの幅が広がるアイテム。
▼コーディネート
スウェットパンツやデニムパンツと合わせるのが今年らしいスタイリングでおすすめです♪
ガーリーに着こなしたい方は、ミニ丈ボトムがおすすめ◎
------------------------------
生地感：普通
伸縮性：ある
透け感：なし
裏地：なし
------------------------------
▼ブランド紹介
ems excite (エムズエキサイト）
“more fun more cute”
今をもっと楽しく
もっと可愛くいたい女の子に向けた
girly cuteなブランド
#カットソー #チェック #チェック柄 #チョーカー #フリル #レイヤード #秋コーデ
▼注意事項
※撮影環境やモニター環境によって実際の商品とお色味が
多少異なってみえる場合がございます。
品番：EE657111C001　/ 品名：タイ付きパッチワークカットソー"	in stock	999	new	3590 JPY	https://www.retro-girl.jp/item/111355.html	https://img-retro-girl.freetls.fastly.net/retrogirl/image_item/111/111355/11135503_b.jpg	ems excite		https://img-retro-girl.freetls.fastly.net/retrogirl/image_item/111/111355/11135501_b.jpg,https://img-retro-girl.freetls.fastly.net/retrogirl/image_item/111/111355/11135502_b.jpg	トップス > Tシャツ/カットソー	ダークブルー	FREE	本体：ポリエステル72％ 綿24％ ポリウレタン4％別布：ポリエステル65％ 綿35％	adult	female	
EE641523G0035607	EE641523G003	【セットアップ対応】ノースリチェックブラウス - ブラウン/チェック / FREE	"＜フロントリボンが可愛いチェックシャツ＞
▼デザイン
・エムズで毎回大人気のチェックシャツ
・ノースリーブで夏らしい涼し気なデザイン！
・胸元のボウタイが顔周りを華やかな印象に。
・袖部分にフリルやリボンもコーデにアクセントを加えるワンポイントに！
▼コーディネート
バルーンチェックミニスカートと合わせれば、セットアップコーデが完成♪
合わせ方次第で、ガーリーにもカジュアルにもアレンジできるアイテム。
デニムやスエットパンツで合わせた時は、キャップなどの小物と相性抜群です◎
------------------------------
生地感：普通
伸縮性：なし
透け感：なし
裏地：なし
------------------------------
▼ブランド紹介
ems excite (エムズエキサイト）
“more fun more cute”
今をもっと楽しく
もっと可愛くいたい女の子に向けた
girly cuteなブランド
#シャツ #シャツ着回し#チェック #シャツコーデ #チェックシャツ #ボウタイブラウス #セットアップコーデ
▼注意事項
※撮影環境やモニター環境によって実際の商品とお色味が
多少異なってみえる場合がございます。
品番：EE641523G003　/ 品名：ノースリチェックブラウス"	in stock	999	new	4390 JPY	https://www.retro-girl.jp/item/111333.html	https://img-retro-girl.freetls.fastly.net/retrogirl/image_item/111/111333/11133301_b.jpg	ems excite		https://img-retro-girl.freetls.fastly.net/retrogirl/image_item/111/111333/11133302_b.jpg	トップス > シャツ/ブラウス	ブラウン/チェック	FREE	ポリエステル：80％レーヨン：17％ポリウレタン：3％	adult	female	
EE641523G0038607	EE641523G003	【セットアップ対応】ノースリチェックブラウス - ブルー/チェック / FREE	"＜フロントリボンが可愛いチェックシャツ＞
▼デザイン
・エムズで毎回大人気のチェックシャツ
・ノースリーブで夏らしい涼し気なデザイン！
・胸元のボウタイが顔周りを華やかな印象に。
・袖部分にフリルやリボンもコーデにアクセントを加えるワンポイントに！
▼コーディネート
バルーンチェックミニスカートと合わせれば、セットアップコーデが完成♪
合わせ方次第で、ガーリーにもカジュアルにもアレンジできるアイテム。
デニムやスエットパンツで合わせた時は、キャップなどの小物と相性抜群です◎
------------------------------
生地感：普通
伸縮性：なし
透け感：なし
裏地：なし
------------------------------
▼ブランド紹介
ems excite (エムズエキサイト）
“more fun more cute”
今をもっと楽しく
もっと可愛くいたい女の子に向けた
girly cuteなブランド
#シャツ #シャツ着回し#チェック #シャツコーデ #チェックシャツ #ボウタイブラウス #セットアップコーデ
▼注意事項
※撮影環境やモニター環境によって実際の商品とお色味が
多少異なってみえる場合がございます。
品番：EE641523G003　/ 品名：ノースリチェックブラウス"	in stock	999	new	4390 JPY	https://www.retro-girl.jp/item/111333.html	https://img-retro-girl.freetls.fastly.net/retrogirl/image_item/111/111333/11133302_b.jpg	ems excite		https://img-retro-girl.freetls.fastly.net/retrogirl/image_item/111/111333/11133301_b.jpg	トップス > シャツ/ブラウス	ブルー/チェック	FREE	ポリエステル：80％レーヨン：17％ポリウレタン：3％	adult	female	
EF656423G0010407	EF656423G001	リボンボウタイブラウス - エクリュ / FREE	"＜ボリュームたっぷりのガーリーボウタイブラウスアイテム＞
▼デザイン
・毎回大人気を頂くボウタイブラウス！
・リボン部分が大きくボリューム感あるデザイン。
・肩部分がふんわり広がるボリュームシルエット
・カフスも長めで、袖口のデザインも可愛い♪
▼コーディネート
ニットのインナーとしてブラウスを着用し、リボンを出したガーリーな着こなしがおすすめ♪
秋口は1枚でメイン使いもして頂けます。
------------------------------
生地感：普通
伸縮性：なし
透け感：なし（ホワイトのみ多少ある）
裏地：なし
------------------------------
▼ブランド紹介
ems excite (エムズエキサイト）
“more fun more cute”
今をもっと楽しく
もっと可愛くいたい女の子に向けた
girly cuteなブランド
#ボウタイブラウス #ボウタイ #リボン #リボンブラウス #フリルブラウス #韓国ガーリー
▼注意事項
※撮影環境やモニター環境によって実際の商品とお色味が
多少異なってみえる場合がございます。
※サイズはサンプル品を基に採寸しております。
実際の商品とは若干の誤差が生じる場合がございますので、あらかじめご了承ください。
品番：EF656423G001 / 品名：リボンボウタイブラウス"	in stock	999	new	4290 JPY	https://www.retro-girl.jp/item/111385.html	https://img-retro-girl.freetls.fastly.net/retrogirl/image_item/111/111385/11138501_b.jpg	ems excite		https://img-retro-girl.freetls.fastly.net/retrogirl/image_item/111/111385/11138502_b.jpg,https://img-retro-girl.freetls.fastly.net/retrogirl/image_item/111/111385/11138503_b.jpg	トップス > シャツ/ブラウス	エクリュ	FREE		adult	female	
EF656423G0010907	EF656423G001	リボンボウタイブラウス - ブラック / FREE	"＜ボリュームたっぷりのガーリーボウタイブラウスアイテム＞
▼デザイン
・毎回大人気を頂くボウタイブラウス！
・リボン部分が大きくボリューム感あるデザイン。
・肩部分がふんわり広がるボリュームシルエット
・カフスも長めで、袖口のデザインも可愛い♪
▼コーディネート
ニットのインナーとしてブラウスを着用し、リボンを出したガーリーな着こなしがおすすめ♪
秋口は1枚でメイン使いもして頂けます。
------------------------------
生地感：普通
伸縮性：なし
透け感：なし（ホワイトのみ多少ある）
裏地：なし
------------------------------
▼ブランド紹介
ems excite (エムズエキサイト）
“more fun more cute”
今をもっと楽しく
もっと可愛くいたい女の子に向けた
girly cuteなブランド
#ボウタイブラウス #ボウタイ #リボン #リボンブラウス #フリルブラウス #韓国ガーリー
▼注意事項
※撮影環境やモニター環境によって実際の商品とお色味が
多少異なってみえる場合がございます。
※サイズはサンプル品を基に採寸しております。
実際の商品とは若干の誤差が生じる場合がございますので、あらかじめご了承ください。
品番：EF656423G001 / 品名：リボンボウタイブラウス"	in stock	999	new	4290 JPY	https://www.retro-girl.jp/item/111385.html	https://img-retro-girl.freetls.fastly.net/retrogirl/image_item/111/111385/11138502_b.jpg	ems excite		https://img-retro-girl.freetls.fastly.net/retrogirl/image_item/111/111385/11138501_b.jpg,https://img-retro-girl.freetls.fastly.net/retrogirl/image_item/111/111385/11138503_b.jpg	トップス > シャツ/ブラウス	ブラック	FREE		adult	female	
EF656423G0015407	EF656423G001	リボンボウタイブラウス - ベージュ / FREE	"＜ボリュームたっぷりのガーリーボウタイブラウスアイテム＞
▼デザイン
・毎回大人気を頂くボウタイブラウス！
・リボン部分が大きくボリューム感あるデザイン。
・肩部分がふんわり広がるボリュームシルエット
・カフスも長めで、袖口のデザインも可愛い♪
▼コーディネート
ニットのインナーとしてブラウスを着用し、リボンを出したガーリーな着こなしがおすすめ♪
秋口は1枚でメイン使いもして頂けます。
------------------------------
生地感：普通
伸縮性：なし
透け感：なし（ホワイトのみ多少ある）
裏地：なし
------------------------------
▼ブランド紹介
ems excite (エムズエキサイト）
“more fun more cute”
今をもっと楽しく
もっと可愛くいたい女の子に向けた
girly cuteなブランド
#ボウタイブラウス #ボウタイ #リボン #リボンブラウス #フリルブラウス #韓国ガーリー
▼注意事項
※撮影環境やモニター環境によって実際の商品とお色味が
多少異なってみえる場合がございます。
※サイズはサンプル品を基に採寸しております。
実際の商品とは若干の誤差が生じる場合がございますので、あらかじめご了承ください。
品番：EF656423G001 / 品名：リボンボウタイブラウス"	in stock	999	new	4290 JPY	https://www.retro-girl.jp/item/111385.html	https://img-retro-girl.freetls.fastly.net/retrogirl/image_item/111/111385/11138503_b.jpg	ems excite		https://img-retro-girl.freetls.fastly.net/retrogirl/image_item/111/111385/11138501_b.jpg,https://img-retro-girl.freetls.fastly.net/retrogirl/image_item/111/111385/11138502_b.jpg	トップス > シャツ/ブラウス	ベージュ	FREE		adult	female	
RF647711B0010907	RF647711B001	レースプルオーバー - ブラック / FREE	"＜秋インナーに取り入れたいレースインナー＞
▼デザイン
・コーデのワンポイントになるレースインナー！
・裏地がなく、透け感もあるので、今の時期から着用できます。
・トレーナーやカーディガンの中に仕込めばオシャレな垢抜けコーデに。
・インナー使いでこれからのシーズン大活躍間違いなし！
▼コーディネート
上からビスチェを合わせれば、夏から着用可能♪
カーディガンの中に着込み、袖口からレースを出すのもおすすめです。
------------------------------
生地感：薄手
伸縮性：ある
透け感：ある
裏地：なし
------------------------------
▼ブランド紹介
RETRO GIRL (レトロガール）
自分らしい“ベーシックアイテム”と
新しい自分の”トレンドアイテム”が
見つかる場所
今らしいファッションを楽しむ
女性のためのブランド
#レース #インナー #レイヤード ＃トレンドアイテム ＃秋コーデ
▼注意事項
※撮影環境やモニター環境によって実際の商品とお色味が
多少異なってみえる場合がございます。
※キャミソールは別売りです。
品番：RF647711B001　/ 品名：レースプルオーバー"	in stock	999	new	2190 JPY	https://www.retro-girl.jp/item/111313.html	https://img-retro-girl.freetls.fastly.net/retrogirl/image_item/111/111313/11131302_b.jpg	RETRO GIRL		https://img-retro-girl.freetls.fastly.net/retrogirl/image_item/111/111313/11131301_b.jpg,https://img-retro-girl.freetls.fastly.net/retrogirl/image_item/111/111313/11131303_b.jpg	トップス > Tシャツ/カットソー	ブラック	FREE		adult	female	
RF647711B0015007	RF647711B001	レースプルオーバー - ブラウン / FREE	"＜秋インナーに取り入れたいレースインナー＞
▼デザイン
・コーデのワンポイントになるレースインナー！
・裏地がなく、透け感もあるので、今の時期から着用できます。
・トレーナーやカーディガンの中に仕込めばオシャレな垢抜けコーデに。
・インナー使いでこれからのシーズン大活躍間違いなし！
▼コーディネート
上からビスチェを合わせれば、夏から着用可能♪
カーディガンの中に着込み、袖口からレースを出すのもおすすめです。
------------------------------
生地感：薄手
伸縮性：ある
透け感：ある
裏地：なし
------------------------------
▼ブランド紹介
RETRO GIRL (レトロガール）
自分らしい“ベーシックアイテム”と
新しい自分の”トレンドアイテム”が
見つかる場所
今らしいファッションを楽しむ
女性のためのブランド
#レース #インナー #レイヤード ＃トレンドアイテム ＃秋コーデ
▼注意事項
※撮影環境やモニター環境によって実際の商品とお色味が
多少異なってみえる場合がございます。
※キャミソールは別売りです。
品番：RF647711B001　/ 品名：レースプルオーバー"	in stock	999	new	2190 JPY	https://www.retro-girl.jp/item/111313.html	https://img-retro-girl.freetls.fastly.net/retrogirl/image_item/111/111313/11131303_b.jpg	RETRO GIRL		https://img-retro-girl.freetls.fastly.net/retrogirl/image_item/111/111313/11131301_b.jpg,https://img-retro-girl.freetls.fastly.net/retrogirl/image_item/111/111313/11131302_b.jpg	トップス > Tシャツ/カットソー	ブラウン	FREE		adult	female	
EE656132C0010107	EE656132C001	アソートメニーフリルショートパンツ - ホワイト / FREE	"＜大人気のシフォンフリルスカートがショートパンツに♪＞
▼デザイン
・フリルが可愛いガーリーショートパンツ
・ウエストはゴムで伸縮性もある素材です。
・たっぷりのティアードデザインで、コーデを一気に華やかに♪
・しっかりショートパンツになっているので、風でめくれる心配も不要で安心！
▼コーディネート
ボリューム感のあるショートパンツなので、トップスはシンプルにカットソーで合わせても可愛い！
チュニックのインナーにもおすすめのデザインです。
------------------------------
生地感：普通
伸縮性：ある
透け感：なし（ホワイトのみある）
裏地：なし
------------------------------
▼ブランド紹介
ems excite (エムズエキサイト）
“more fun more cute”
今をもっと楽しく
もっと可愛くいたい女の子に向けた
girly cuteなブランド
#フリル #ショートパンツ #ティアードパンツ #ガーリーアイテム #レース #チェック柄
▼注意事項
※撮影環境やモニター環境によって実際の商品とお色味が多少異なってみえる場合がございます。
品番：EE656132C001　/ 品名：アソートメニーフリルショートパンツ"	in stock	999	new	4490 JPY	https://www.retro-girl.jp/item/111351.html	https://img-retro-girl.freetls.fastly.net/retrogirl/image_item/111/111351/11135101_b.jpg	ems excite	3590 JPY	https://img-retro-girl.freetls.fastly.net/retrogirl/image_item/111/111351/11135102_b.jpg,https://img-retro-girl.freetls.fastly.net/retrogirl/image_item/111/111351/11135103_b.jpg	パンツ > ショートパンツ	ホワイト	FREE	本体　ポリエステル：80％　綿:20％　レース　ポリエステル：100％	adult	female	
EE656132C0011607	EE656132C001	アソートメニーフリルショートパンツ - ブラック/チェック / FREE	"＜大人気のシフォンフリルスカートがショートパンツに♪＞
▼デザイン
・フリルが可愛いガーリーショートパンツ
・ウエストはゴムで伸縮性もある素材です。
・たっぷりのティアードデザインで、コーデを一気に華やかに♪
・しっかりショートパンツになっているので、風でめくれる心配も不要で安心！
▼コーディネート
ボリューム感のあるショートパンツなので、トップスはシンプルにカットソーで合わせても可愛い！
チュニックのインナーにもおすすめのデザインです。
------------------------------
生地感：普通
伸縮性：ある
透け感：なし（ホワイトのみある）
裏地：なし
------------------------------
▼ブランド紹介
ems excite (エムズエキサイト）
“more fun more cute”
今をもっと楽しく
もっと可愛くいたい女の子に向けた
girly cuteなブランド
#フリル #ショートパンツ #ティアードパンツ #ガーリーアイテム #レース #チェック柄
▼注意事項
※撮影環境やモニター環境によって実際の商品とお色味が多少異なってみえる場合がございます。
品番：EE656132C001　/ 品名：アソートメニーフリルショートパンツ"	in stock	999	new	4490 JPY	https://www.retro-girl.jp/item/111351.html	https://img-retro-girl.freetls.fastly.net/retrogirl/image_item/111/111351/11135102_b.jpg	ems excite	3590 JPY	https://img-retro-girl.freetls.fastly.net/retrogirl/image_item/111/111351/11135101_b.jpg,https://img-retro-girl.freetls.fastly.net/retrogirl/image_item/111/111351/11135103_b.jpg	パンツ > ショートパンツ	ブラック/チェック	FREE	本体　ポリエステル：80％　綿:20％　レース　ポリエステル：100％	adult	female	
EE656132C0015607	EE656132C001	アソートメニーフリルショートパンツ - ブラウン/チェック / FREE	"＜大人気のシフォンフリルスカートがショートパンツに♪＞
▼デザイン
・フリルが可愛いガーリーショートパンツ
・ウエストはゴムで伸縮性もある素材です。
・たっぷりのティアードデザインで、コーデを一気に華やかに♪
・しっかりショートパンツになっているので、風でめくれる心配も不要で安心！
▼コーディネート
ボリューム感のあるショートパンツなので、トップスはシンプルにカットソーで合わせても可愛い！
チュニックのインナーにもおすすめのデザインです。
------------------------------
生地感：普通
伸縮性：ある
透け感：なし（ホワイトのみある）
裏地：なし
------------------------------
▼ブランド紹介
ems excite (エムズエキサイト）
“more fun more cute”
今をもっと楽しく
もっと可愛くいたい女の子に向けた
girly cuteなブランド
#フリル #ショートパンツ #ティアードパンツ #ガーリーアイテム #レース #チェック柄
▼注意事項
※撮影環境やモニター環境によって実際の商品とお色味が多少異なってみえる場合がございます。
品番：EE656132C001　/ 品名：アソートメニーフリルショートパンツ"	in stock	999	new	4490 JPY	https://www.retro-girl.jp/item/111351.html	https://img-retro-girl.freetls.fastly.net/retrogirl/image_item/111/111351/11135103_b.jpg	ems excite	3590 JPY	https://img-retro-girl.freetls.fastly.net/retrogirl/image_item/111/111351/11135101_b.jpg,https://img-retro-girl.freetls.fastly.net/retrogirl/image_item/111/111351/11135102_b.jpg	パンツ > ショートパンツ	ブラウン/チェック	FREE	本体　ポリエステル：80％　綿:20％　レース　ポリエステル：100％	adult	female	
RW656921T0031007	RW656921T003	ヘリンボーンジャケット - ライトグレー / FREE	"＜かっこよくきまるヘリンボーンジャケット＞
▼デザイン
・ミリタリーっぽいデザインがかっこいいジャケットアイテム
・秋冬を感じるしっかり厚手の素材で防寒力も◎
・フロント部分はZIPで着脱可能です。
・裾もベルトで閉じれるので、コーデがかっこいい印象に仕上ります。
▼コーディネート
デニムやスウェットパンツと合わせたいカジュアルなアイテム。
大き目ニットと合わせられるゆったりした袖のサイズが嬉しい！
▼スタイルアップポイント
骨格問わず着用できるデザイン。
ナチュラルさんに似合いやすいカジュアルデザインです。
-----------------------------
生地感：普通
伸縮性：なし
透け感：なし
裏地：ある
------------------------------
▼ブランド紹介
RETRO GIRL (レトロガール）
～日常に、ひとさじのときめきを～
いつものスタイルに新しい気分を織り込んで、
毎日をたのしむきっかけを作るブランド。
▼SNS
新着アイテムやお得なセール情報を配信中♪
【公式 Instagram】
＠retrogirl_official
【公式 TikTok】
@retrogirl_official
#ジャケット #ヘリンボーン #ヘリンボーンジャケット #ミリタリー ＃秋アウター #カジュアルコーデ
▼注意事項
※撮影環境やモニター環境によって実際の商品とお色味が多少異なってみえる場合がございます。
品番：RW656921T003　/ 品名：ヘリンボーンジャケット"	in stock	999	new	7590 JPY	https://www.retro-girl.jp/item/111397.html	https://img-retro-girl.freetls.fastly.net/retrogirl/image_item/111/111397/11139701_b.jpg	RETRO GIRL		https://img-retro-girl.freetls.fastly.net/retrogirl/image_item/111/111397/11139702_b.jpg	ジャケット/アウター > その他アウター	ライトグレー	FREE		adult	female	
RW656921T0035007	RW656921T003	ヘリンボーンジャケット - ブラウン / FREE	"＜かっこよくきまるヘリンボーンジャケット＞
▼デザイン
・ミリタリーっぽいデザインがかっこいいジャケットアイテム
・秋冬を感じるしっかり厚手の素材で防寒力も◎
・フロント部分はZIPで着脱可能です。
・裾もベルトで閉じれるので、コーデがかっこいい印象に仕上ります。
▼コーディネート
デニムやスウェットパンツと合わせたいカジュアルなアイテム。
大き目ニットと合わせられるゆったりした袖のサイズが嬉しい！
▼スタイルアップポイント
骨格問わず着用できるデザイン。
ナチュラルさんに似合いやすいカジュアルデザインです。
-----------------------------
生地感：普通
伸縮性：なし
透け感：なし
裏地：ある
------------------------------
▼ブランド紹介
RETRO GIRL (レトロガール）
～日常に、ひとさじのときめきを～
いつものスタイルに新しい気分を織り込んで、
毎日をたのしむきっかけを作るブランド。
▼SNS
新着アイテムやお得なセール情報を配信中♪
【公式 Instagram】
＠retrogirl_official
【公式 TikTok】
@retrogirl_official
#ジャケット #ヘリンボーン #ヘリンボーンジャケット #ミリタリー ＃秋アウター #カジュアルコーデ
▼注意事項
※撮影環境やモニター環境によって実際の商品とお色味が多少異なってみえる場合がございます。
品番：RW656921T003　/ 品名：ヘリンボーンジャケット"	in stock	999	new	7590 JPY	https://www.retro-girl.jp/item/111397.html	https://img-retro-girl.freetls.fastly.net/retrogirl/image_item/111/111397/11139702_b.jpg	RETRO GIRL		https://img-retro-girl.freetls.fastly.net/retrogirl/image_item/111/111397/11139701_b.jpg	ジャケット/アウター > その他アウター	ブラウン	FREE		adult	female	
RF656411B0010207	RF656411B001	袖フレアカーディガン - オフホワイト / FREE	"＜袖フレアが可愛い秋見えカーディガン＞
▼デザイン
・今年トレンドのコンパクトなサイズ感のシンプルカーディガン。
・袖に向かって広がるデザインで女性らしいシルエットに。
・薄手で持ち歩きやすく、夏のエアコン対策にもピッタリ！
・カラー展開も秋らしいグリーンをご用意
・どんなコーデにも取り入れやすいのも嬉しい♪
▼コーディネート
キャミワンピの上に羽織り、重ね着コーデが今年のトレンド◎
ジャケットの方からかけて、アクセントにするのもオシャレ上級者コーデに♪
▼スタイルアップポイント
骨格問わず着用できる定番デザイン！
骨格ストレートさんは、二の腕周りが気になる時に羽織るのにぴったり♪
-----------------------------
生地感：やや薄手
伸縮性：あり
透け感：多少あり
裏地：なし
------------------------------
▼ブランド紹介
RETRO GIRL (レトロガール）
～日常に、ひとさじのときめきを～
いつものスタイルに新しい気分を織り込んで、
毎日をたのしむきっかけを作るブランド。
▼SNS
新着アイテムやお得なセール情報を配信中♪
【公式 Instagram】
＠retrogirl_official
【公式 TikTok】
@retrogirl_official
#シンプル #カーディガン #シアー #定番カーディガン #秋コーデ #秋カラー #グリーン
▼注意事項
※撮影環境やモニター環境によって実際の商品とお色味が多少異なってみえる場合がございます。
品番：RF656411B001　/ 品名：袖フレアカーディガン"	in stock	999	new	2990 JPY	https://www.retro-girl.jp/item/111353.html	https://img-retro-girl.freetls.fastly.net/retrogirl/image_item/111/111353/11135301_b.jpg	RETRO GIRL		https://img-retro-girl.freetls.fastly.net/retrogirl/image_item/111/111353/11135302_b.jpg,https://img-retro-girl.freetls.fastly.net/retrogirl/image_item/111/111353/11135303_b.jpg	トップス > カーディガン/ボレロ	オフホワイト	FREE	ポリエステル95％ ポリウレタン5％	adult	female	
RF656411B0010907	RF656411B001	袖フレアカーディガン - ブラック / FREE	"＜袖フレアが可愛い秋見えカーディガン＞
▼デザイン
・今年トレンドのコンパクトなサイズ感のシンプルカーディガン。
・袖に向かって広がるデザインで女性らしいシルエットに。
・薄手で持ち歩きやすく、夏のエアコン対策にもピッタリ！
・カラー展開も秋らしいグリーンをご用意
・どんなコーデにも取り入れやすいのも嬉しい♪
▼コーディネート
キャミワンピの上に羽織り、重ね着コーデが今年のトレンド◎
ジャケットの方からかけて、アクセントにするのもオシャレ上級者コーデに♪
▼スタイルアップポイント
骨格問わず着用できる定番デザイン！
骨格ストレートさんは、二の腕周りが気になる時に羽織るのにぴったり♪
-----------------------------
生地感：やや薄手
伸縮性：あり
透け感：多少あり
裏地：なし
------------------------------
▼ブランド紹介
RETRO GIRL (レトロガール）
～日常に、ひとさじのときめきを～
いつものスタイルに新しい気分を織り込んで、
毎日をたのしむきっかけを作るブランド。
▼SNS
新着アイテムやお得なセール情報を配信中♪
【公式 Instagram】
＠retrogirl_official
【公式 TikTok】
@retrogirl_official
#シンプル #カーディガン #シアー #定番カーディガン #秋コーデ #秋カラー #グリーン
▼注意事項
※撮影環境やモニター環境によって実際の商品とお色味が多少異なってみえる場合がございます。
品番：RF656411B001　/ 品名：袖フレアカーディガン"	in stock	999	new	2990 JPY	https://www.retro-girl.jp/item/111353.html	https://img-retro-girl.freetls.fastly.net/retrogirl/image_item/111/111353/11135302_b.jpg	RETRO GIRL		https://img-retro-girl.freetls.fastly.net/retrogirl/image_item/111/111353/11135301_b.jpg,https://img-retro-girl.freetls.fastly.net/retrogirl/image_item/111/111353/11135303_b.jpg	トップス > カーディガン/ボレロ	ブラック	FREE	ポリエステル95％ ポリウレタン5％	adult	female	
RF656411B0017007	RF656411B001	袖フレアカーディガン - グリーン / FREE	"＜袖フレアが可愛い秋見えカーディガン＞
▼デザイン
・今年トレンドのコンパクトなサイズ感のシンプルカーディガン。
・袖に向かって広がるデザインで女性らしいシルエットに。
・薄手で持ち歩きやすく、夏のエアコン対策にもピッタリ！
・カラー展開も秋らしいグリーンをご用意
・どんなコーデにも取り入れやすいのも嬉しい♪
▼コーディネート
キャミワンピの上に羽織り、重ね着コーデが今年のトレンド◎
ジャケットの方からかけて、アクセントにするのもオシャレ上級者コーデに♪
▼スタイルアップポイント
骨格問わず着用できる定番デザイン！
骨格ストレートさんは、二の腕周りが気になる時に羽織るのにぴったり♪
-----------------------------
生地感：やや薄手
伸縮性：あり
透け感：多少あり
裏地：なし
------------------------------
▼ブランド紹介
RETRO GIRL (レトロガール）
～日常に、ひとさじのときめきを～
いつものスタイルに新しい気分を織り込んで、
毎日をたのしむきっかけを作るブランド。
▼SNS
新着アイテムやお得なセール情報を配信中♪
【公式 Instagram】
＠retrogirl_official
【公式 TikTok】
@retrogirl_official
#シンプル #カーディガン #シアー #定番カーディガン #秋コーデ #秋カラー #グリーン
▼注意事項
※撮影環境やモニター環境によって実際の商品とお色味が多少異なってみえる場合がございます。
品番：RF656411B001　/ 品名：袖フレアカーディガン"	in stock	999	new	2990 JPY	https://www.retro-girl.jp/item/111353.html	https://img-retro-girl.freetls.fastly.net/retrogirl/image_item/111/111353/11135303_b.jpg	RETRO GIRL		https://img-retro-girl.freetls.fastly.net/retrogirl/image_item/111/111353/11135301_b.jpg,https://img-retro-girl.freetls.fastly.net/retrogirl/image_item/111/111353/11135302_b.jpg	トップス > カーディガン/ボレロ	グリーン	FREE	ポリエステル95％ ポリウレタン5％	adult	female	
EE615523G0020907	EE615523G002	ホルターネックツイードブラウス - ブラック / FREE	"＜ツイード素材で高級感溢れる大人フェミニンブラウス＞
▼デザイン
・高級感のあるツイード素材のブラウス
・サイドのZIPで着脱できるので安心。
・首にかけるホルタータイプのリボンで後ろ姿も可愛い♪
・背中部分が大きく空くデザインなので、夏も涼しく着用できます。
▼コーディネート
フレアデニムと相性抜群のアイテム
1枚で大人っぽいお姉さんコーデが完成です！
------------------------------
生地感：普通
伸縮性：なし
透け感：なし
裏地：ある
------------------------------
▼ブランド紹介
ems excite (エムズエキサイト）
“more fun more cute”
今をもっと楽しく
もっと可愛くいたい女の子に向けた
girly cuteなブランド
#オフショルダー #ツイード #ホルターネック #ガーリー #フェミニン #ペプラムシルエット
▼注意事項
※撮影環境やモニター環境によって実際の商品とお色味が多少異なってみえる場合がございます。
品番：EE615523G002 / 品名：ホルターネックツイードブラウス"	in stock	999	new	4490 JPY	https://www.retro-girl.jp/item/111347.html	https://img-retro-girl.freetls.fastly.net/retrogirl/image_item/111/111347/11134702_b.jpg	ems excite		https://img-retro-girl.freetls.fastly.net/retrogirl/image_item/111/111347/11134701_b.jpg	トップス > シャツ/ブラウス	ブラック	FREE	本体　ポリエステル：100％　裏地　ポリエステル：100％　別布　ポリエステル：95％ポリウレタン：5％	adult	female	
EE615523G0020407	EE615523G002	ホルターネックツイードブラウス - エクリュ / FREE	"＜ツイード素材で高級感溢れる大人フェミニンブラウス＞
▼デザイン
・高級感のあるツイード素材のブラウス
・サイドのZIPで着脱できるので安心。
・首にかけるホルタータイプのリボンで後ろ姿も可愛い♪
・背中部分が大きく空くデザインなので、夏も涼しく着用できます。
▼コーディネート
フレアデニムと相性抜群のアイテム
1枚で大人っぽいお姉さんコーデが完成です！
------------------------------
生地感：普通
伸縮性：なし
透け感：なし
裏地：ある
------------------------------
▼ブランド紹介
ems excite (エムズエキサイト）
“more fun more cute”
今をもっと楽しく
もっと可愛くいたい女の子に向けた
girly cuteなブランド
#オフショルダー #ツイード #ホルターネック #ガーリー #フェミニン #ペプラムシルエット
▼注意事項
※撮影環境やモニター環境によって実際の商品とお色味が多少異なってみえる場合がございます。
品番：EE615523G002 / 品名：ホルターネックツイードブラウス"	in stock	999	new	4490 JPY	https://www.retro-girl.jp/item/111347.html	https://img-retro-girl.freetls.fastly.net/retrogirl/image_item/111/111347/11134701_b.jpg	ems excite		https://img-retro-girl.freetls.fastly.net/retrogirl/image_item/111/111347/11134702_b.jpg	トップス > シャツ/ブラウス	エクリュ	FREE	本体　ポリエステル：100％　裏地　ポリエステル：100％　別布　ポリエステル：95％ポリウレタン：5％	adult	female	
EF657111G0020207	EF657111G002	ボレロレイヤード風カットソー - オフホワイト / FREE	"＜春から大人気のレイヤード風カットソー＞
▼デザイン
・春から大人気のレイヤード風カットソー。
・シンプルなデザインで、インナーにも最適。
・胸元のリボンも可愛いワンポイントに。
・サイドのシャーリングや後ろのプレートがemsらしい可愛い印象に。
▼コーディネート
スウェットパンツやデニムパンツと合わせるのが今年らしいスタイリングでおすすめです♪
ガーリーに着こなしたい方は、ミニ丈ボトムがおすすめ◎
------------------------------
生地感：普通
伸縮性：ある
透け感：なし
裏地：なし
------------------------------
▼ブランド紹介
ems excite (エムズエキサイト）
“more fun more cute”
今をもっと楽しく
もっと可愛くいたい女の子に向けた
girly cuteなブランド
#カットソー #無地 #ボレロ #レイヤード風 #リボン #ベーシックアイテム #シンプルコーデ
▼注意事項
※撮影環境やモニター環境によって実際の商品とお色味が
多少異なってみえる場合がございます。
品番：EF657111G002　/ 品名：ボレロレイヤード風カットソー"	in stock	999	new	3590 JPY	https://www.retro-girl.jp/item/111391.html	https://img-retro-girl.freetls.fastly.net/retrogirl/image_item/111/111391/11139101_b.jpg	ems excite		https://img-retro-girl.freetls.fastly.net/retrogirl/image_item/111/111391/11139102_b.jpg,https://img-retro-girl.freetls.fastly.net/retrogirl/image_item/111/111391/11139103_b.jpg	トップス > Tシャツ/カットソー	オフホワイト	FREE		adult	female	
EF657111G0020907	EF657111G002	ボレロレイヤード風カットソー - ブラック / FREE	"＜春から大人気のレイヤード風カットソー＞
▼デザイン
・春から大人気のレイヤード風カットソー。
・シンプルなデザインで、インナーにも最適。
・胸元のリボンも可愛いワンポイントに。
・サイドのシャーリングや後ろのプレートがemsらしい可愛い印象に。
▼コーディネート
スウェットパンツやデニムパンツと合わせるのが今年らしいスタイリングでおすすめです♪
ガーリーに着こなしたい方は、ミニ丈ボトムがおすすめ◎
------------------------------
生地感：普通
伸縮性：ある
透け感：なし
裏地：なし
------------------------------
▼ブランド紹介
ems excite (エムズエキサイト）
“more fun more cute”
今をもっと楽しく
もっと可愛くいたい女の子に向けた
girly cuteなブランド
#カットソー #無地 #ボレロ #レイヤード風 #リボン #ベーシックアイテム #シンプルコーデ
▼注意事項
※撮影環境やモニター環境によって実際の商品とお色味が
多少異なってみえる場合がございます。
品番：EF657111G002　/ 品名：ボレロレイヤード風カットソー"	in stock	999	new	3590 JPY	https://www.retro-girl.jp/item/111391.html	https://img-retro-girl.freetls.fastly.net/retrogirl/image_item/111/111391/11139102_b.jpg	ems excite		https://img-retro-girl.freetls.fastly.net/retrogirl/image_item/111/111391/11139101_b.jpg,https://img-retro-girl.freetls.fastly.net/retrogirl/image_item/111/111391/11139103_b.jpg	トップス > Tシャツ/カットソー	ブラック	FREE		adult	female	
EF657111G0021107	EF657111G002	ボレロレイヤード風カットソー - ダークグレー / FREE	"＜春から大人気のレイヤード風カットソー＞
▼デザイン
・春から大人気のレイヤード風カットソー。
・シンプルなデザインで、インナーにも最適。
・胸元のリボンも可愛いワンポイントに。
・サイドのシャーリングや後ろのプレートがemsらしい可愛い印象に。
▼コーディネート
スウェットパンツやデニムパンツと合わせるのが今年らしいスタイリングでおすすめです♪
ガーリーに着こなしたい方は、ミニ丈ボトムがおすすめ◎
------------------------------
生地感：普通
伸縮性：ある
透け感：なし
裏地：なし
------------------------------
▼ブランド紹介
ems excite (エムズエキサイト）
“more fun more cute”
今をもっと楽しく
もっと可愛くいたい女の子に向けた
girly cuteなブランド
#カットソー #無地 #ボレロ #レイヤード風 #リボン #ベーシックアイテム #シンプルコーデ
▼注意事項
※撮影環境やモニター環境によって実際の商品とお色味が
多少異なってみえる場合がございます。
品番：EF657111G002　/ 品名：ボレロレイヤード風カットソー"	in stock	999	new	3590 JPY	https://www.retro-girl.jp/item/111391.html	https://img-retro-girl.freetls.fastly.net/retrogirl/image_item/111/111391/11139103_b.jpg	ems excite		https://img-retro-girl.freetls.fastly.net/retrogirl/image_item/111/111391/11139101_b.jpg,https://img-retro-girl.freetls.fastly.net/retrogirl/image_item/111/111391/11139102_b.jpg	トップス > Tシャツ/カットソー	ダークグレー	FREE		adult	female	
EE641532G0040907	EE641532G004	ティアードオールインワン - ブラック / FREE	"＜１枚でコーデが完成するオールインワンサロペット＞
▼デザイン
・ボディ部分のティアードが華やかなサロペット
・ショルダー部分のアジャスターで着丈の調節が可能です。
・裾のレースがemsらしいワンポイントに。
・どなたでも着用しやすいストレートなシルエットが嬉しいポイント
▼コーディネート
1枚で大人っぽいお姉さんコーデが完成です！
インナーをアレンジすることで長く着用頂けます。
------------------------------
生地感：普通
伸縮性：なし
透け感：なし
裏地：なし
------------------------------
▼ブランド紹介
ems excite (エムズエキサイト）
“more fun more cute”
今をもっと楽しく
もっと可愛くいたい女の子に向けた
girly cuteなブランド
#サロペット #レース #ティアード #ガーリー #フェミニン #オールインワン
▼注意事項
※撮影環境やモニター環境によって実際の商品とお色味が多少異なってみえる場合がございます。
品番：EE641532G004　/ 品名：ティアードオールインワン"	in stock	999	new	6990 JPY	https://www.retro-girl.jp/item/111359.html	https://img-retro-girl.freetls.fastly.net/retrogirl/image_item/111/111359/11135901_b.jpg	ems excite		https://img-retro-girl.freetls.fastly.net/retrogirl/image_item/111/111359/11135902_b.jpg	パンツ > パンツ全般	ブラック	FREE	本体　レーヨン：60％ポリエステル：36％ポリウレタン：4％別布部分　ポリエステル：100％　レース部分ナイロン：100％	adult	female	
EE641532G0041207	EE641532G004	ティアードオールインワン - チャコールグレー / FREE	"＜１枚でコーデが完成するオールインワンサロペット＞
▼デザイン
・ボディ部分のティアードが華やかなサロペット
・ショルダー部分のアジャスターで着丈の調節が可能です。
・裾のレースがemsらしいワンポイントに。
・どなたでも着用しやすいストレートなシルエットが嬉しいポイント
▼コーディネート
1枚で大人っぽいお姉さんコーデが完成です！
インナーをアレンジすることで長く着用頂けます。
------------------------------
生地感：普通
伸縮性：なし
透け感：なし
裏地：なし
------------------------------
▼ブランド紹介
ems excite (エムズエキサイト）
“more fun more cute”
今をもっと楽しく
もっと可愛くいたい女の子に向けた
girly cuteなブランド
#サロペット #レース #ティアード #ガーリー #フェミニン #オールインワン
▼注意事項
※撮影環境やモニター環境によって実際の商品とお色味が多少異なってみえる場合がございます。
品番：EE641532G004　/ 品名：ティアードオールインワン"	in stock	999	new	6990 JPY	https://www.retro-girl.jp/item/111359.html	https://img-retro-girl.freetls.fastly.net/retrogirl/image_item/111/111359/11135902_b.jpg	ems excite		https://img-retro-girl.freetls.fastly.net/retrogirl/image_item/111/111359/11135901_b.jpg	パンツ > パンツ全般	チャコールグレー	FREE	本体　レーヨン：60％ポリエステル：36％ポリウレタン：4％別布部分　ポリエステル：100％　レース部分ナイロン：100％	adult	female	
EL657111C0022007	EL657111C002	【セットアップ対応】BIGリボン付ZIPベスト - ピンク / FREE	"＜韓国ガーリーコーデにおすすめのスウェットベスト＞
▼デザイン
・空港コーデにおすすめのスウェット素材のフーディー
・フーディー部分にリボンやレースがデザインされていて、emsらしいデザイン。
・フーディーはWZIPになっているので、シルエットのアレンジもできるトレンドアイテムです♪
・別売りでセットアップ対応ボトムが２種類あるので、好みに合わせてセレクトできます。
▼コーディネート
セットアップ対応のレース付きスリットスウェットパンツで合わせれば、スポーティーな雰囲気に。
ガーリーに合わせたい場合は、リボンバルーンスウェットSKがおすすめ！
------------------------------
生地感：普通
伸縮性：ある
透け感：なし
裏地：なし
------------------------------
▼ブランド紹介
ems excite (エムズエキサイト）
“more fun more cute”
今をもっと楽しく
もっと可愛いくいたい女の子に向けた
girly cuteなブランド
#スウェット #スウェットスカート #セットアップアイテム #パーカー #空港コーデ #着回しカーデ
▼注意事項
※撮影環境やモニター環境によって実際の商品とお色味が多少異なってみえる場合がございます。
品番：EL657111C002　/ 品名：BIGリボン付ZIPベスト"	in stock	999	new	3990 JPY	https://www.retro-girl.jp/item/111334.html	https://img-retro-girl.freetls.fastly.net/retrogirl/image_item/111/111334/11133403_b.jpg	ems excite		https://img-retro-girl.freetls.fastly.net/retrogirl/image_item/111/111334/11133401_b.jpg,https://img-retro-girl.freetls.fastly.net/retrogirl/image_item/111/111334/11133402_b.jpg	トップス > パーカー	ピンク	FREE		adult	female	
EL657111C0020907	EL657111C002	【セットアップ対応】BIGリボン付ZIPベスト - ブラック / FREE	"＜韓国ガーリーコーデにおすすめのスウェットベスト＞
▼デザイン
・空港コーデにおすすめのスウェット素材のフーディー
・フーディー部分にリボンやレースがデザインされていて、emsらしいデザイン。
・フーディーはWZIPになっているので、シルエットのアレンジもできるトレンドアイテムです♪
・別売りでセットアップ対応ボトムが２種類あるので、好みに合わせてセレクトできます。
▼コーディネート
セットアップ対応のレース付きスリットスウェットパンツで合わせれば、スポーティーな雰囲気に。
ガーリーに合わせたい場合は、リボンバルーンスウェットSKがおすすめ！
------------------------------
生地感：普通
伸縮性：ある
透け感：なし
裏地：なし
------------------------------
▼ブランド紹介
ems excite (エムズエキサイト）
“more fun more cute”
今をもっと楽しく
もっと可愛いくいたい女の子に向けた
girly cuteなブランド
#スウェット #スウェットスカート #セットアップアイテム #パーカー #空港コーデ #着回しカーデ
▼注意事項
※撮影環境やモニター環境によって実際の商品とお色味が多少異なってみえる場合がございます。
品番：EL657111C002　/ 品名：BIGリボン付ZIPベスト"	in stock	999	new	3990 JPY	https://www.retro-girl.jp/item/111334.html	https://img-retro-girl.freetls.fastly.net/retrogirl/image_item/111/111334/11133401_b.jpg	ems excite		https://img-retro-girl.freetls.fastly.net/retrogirl/image_item/111/111334/11133403_b.jpg,https://img-retro-girl.freetls.fastly.net/retrogirl/image_item/111/111334/11133402_b.jpg	トップス > パーカー	ブラック	FREE		adult	female	
EL657111C0021007	EL657111C002	【セットアップ対応】BIGリボン付ZIPベスト - ライトグレー / FREE	"＜韓国ガーリーコーデにおすすめのスウェットベスト＞
▼デザイン
・空港コーデにおすすめのスウェット素材のフーディー
・フーディー部分にリボンやレースがデザインされていて、emsらしいデザイン。
・フーディーはWZIPになっているので、シルエットのアレンジもできるトレンドアイテムです♪
・別売りでセットアップ対応ボトムが２種類あるので、好みに合わせてセレクトできます。
▼コーディネート
セットアップ対応のレース付きスリットスウェットパンツで合わせれば、スポーティーな雰囲気に。
ガーリーに合わせたい場合は、リボンバルーンスウェットSKがおすすめ！
------------------------------
生地感：普通
伸縮性：ある
透け感：なし
裏地：なし
------------------------------
▼ブランド紹介
ems excite (エムズエキサイト）
“more fun more cute”
今をもっと楽しく
もっと可愛いくいたい女の子に向けた
girly cuteなブランド
#スウェット #スウェットスカート #セットアップアイテム #パーカー #空港コーデ #着回しカーデ
▼注意事項
※撮影環境やモニター環境によって実際の商品とお色味が多少異なってみえる場合がございます。
品番：EL657111C002　/ 品名：BIGリボン付ZIPベスト"	in stock	999	new	3990 JPY	https://www.retro-girl.jp/item/111334.html	https://img-retro-girl.freetls.fastly.net/retrogirl/image_item/111/111334/11133402_b.jpg	ems excite		https://img-retro-girl.freetls.fastly.net/retrogirl/image_item/111/111334/11133403_b.jpg,https://img-retro-girl.freetls.fastly.net/retrogirl/image_item/111/111334/11133401_b.jpg	トップス > パーカー	ライトグレー	FREE		adult	female	
EE656412G0020407	EE656412G002	フロントスリットニットタンク - エクリュ / FREE	"＜ちらっと肌見せが可愛いニットタンク＞
▼デザイン
・肩のリボンデザインが目を惹く、ガーリーなノースリーブトップス。
・配色ラインを効かせたデザインでシンプルながら存在感のある1枚！
・デコルテの肌見せが抜け感を演出し、女性らしい印象に仕上げます。
・フロントのワンポイントロゴがさりげないアクセントに◎
▼コーディネート
ミニスカートで甘めにまとめるのはもちろん、デニムを合わせたスタイリングもおすすめ。
配色やシルエットがすっきりしているのでキレイめな印象にまとまり、幅広いテイストで着回せます。
------------------------------
生地感：普通
伸縮性：あり
透け感：なし
裏地：なし
------------------------------
▼ブランド紹介
ems excite (エムズエキサイト）
“more fun more cute”
今をもっと楽しく
もっと可愛くいたい女の子に向けた
girly cuteなブランド
#ノースリーブ #タンクトップ #フェミニン #ニットタンクトップ #ガーリー  #夏コーデ
▼注意事項
※撮影環境やモニター環境によって実際の商品とお色味が
多少異なってみえる場合がございます。
品番：EE656412G002　/ 品名：フロントスリットニットタンク"	in stock	999	new	3990 JPY	https://www.retro-girl.jp/item/111293.html	https://img-retro-girl.freetls.fastly.net/retrogirl/image_item/111/111293/11129301_b.jpg	ems excite	1991 JPY	https://img-retro-girl.freetls.fastly.net/retrogirl/image_item/111/111293/11129302_b.jpg,https://img-retro-girl.freetls.fastly.net/retrogirl/image_item/111/111293/11129303_b.jpg	トップス > タンクトップ	エクリュ	FREE		adult	female	
EE656412G0020907	EE656412G002	フロントスリットニットタンク - ブラック / FREE	"＜ちらっと肌見せが可愛いニットタンク＞
▼デザイン
・肩のリボンデザインが目を惹く、ガーリーなノースリーブトップス。
・配色ラインを効かせたデザインでシンプルながら存在感のある1枚！
・デコルテの肌見せが抜け感を演出し、女性らしい印象に仕上げます。
・フロントのワンポイントロゴがさりげないアクセントに◎
▼コーディネート
ミニスカートで甘めにまとめるのはもちろん、デニムを合わせたスタイリングもおすすめ。
配色やシルエットがすっきりしているのでキレイめな印象にまとまり、幅広いテイストで着回せます。
------------------------------
生地感：普通
伸縮性：あり
透け感：なし
裏地：なし
------------------------------
▼ブランド紹介
ems excite (エムズエキサイト）
“more fun more cute”
今をもっと楽しく
もっと可愛くいたい女の子に向けた
girly cuteなブランド
#ノースリーブ #タンクトップ #フェミニン #ニットタンクトップ #ガーリー  #夏コーデ
▼注意事項
※撮影環境やモニター環境によって実際の商品とお色味が
多少異なってみえる場合がございます。
品番：EE656412G002　/ 品名：フロントスリットニットタンク"	in stock	999	new	3990 JPY	https://www.retro-girl.jp/item/111293.html	https://img-retro-girl.freetls.fastly.net/retrogirl/image_item/111/111293/11129302_b.jpg	ems excite	1991 JPY	https://img-retro-girl.freetls.fastly.net/retrogirl/image_item/111/111293/11129301_b.jpg,https://img-retro-girl.freetls.fastly.net/retrogirl/image_item/111/111293/11129303_b.jpg	トップス > タンクトップ	ブラック	FREE		adult	female	
EE656412G0022007	EE656412G002	フロントスリットニットタンク - ピンク / FREE	"＜ちらっと肌見せが可愛いニットタンク＞
▼デザイン
・肩のリボンデザインが目を惹く、ガーリーなノースリーブトップス。
・配色ラインを効かせたデザインでシンプルながら存在感のある1枚！
・デコルテの肌見せが抜け感を演出し、女性らしい印象に仕上げます。
・フロントのワンポイントロゴがさりげないアクセントに◎
▼コーディネート
ミニスカートで甘めにまとめるのはもちろん、デニムを合わせたスタイリングもおすすめ。
配色やシルエットがすっきりしているのでキレイめな印象にまとまり、幅広いテイストで着回せます。
------------------------------
生地感：普通
伸縮性：あり
透け感：なし
裏地：なし
------------------------------
▼ブランド紹介
ems excite (エムズエキサイト）
“more fun more cute”
今をもっと楽しく
もっと可愛くいたい女の子に向けた
girly cuteなブランド
#ノースリーブ #タンクトップ #フェミニン #ニットタンクトップ #ガーリー  #夏コーデ
▼注意事項
※撮影環境やモニター環境によって実際の商品とお色味が
多少異なってみえる場合がございます。
品番：EE656412G002　/ 品名：フロントスリットニットタンク"	in stock	999	new	3990 JPY	https://www.retro-girl.jp/item/111293.html	https://img-retro-girl.freetls.fastly.net/retrogirl/image_item/111/111293/11129303_b.jpg	ems excite	1991 JPY	https://img-retro-girl.freetls.fastly.net/retrogirl/image_item/111/111293/11129301_b.jpg,https://img-retro-girl.freetls.fastly.net/retrogirl/image_item/111/111293/11129302_b.jpg	トップス > タンクトップ	ピンク	FREE		adult	female	
RF661423T0015607	RF661423T001	チェックシャーリングシャツ - ブラウン/チェック / FREE	"＜毎回人気のシャーリングデザインが秋気温になって登場＞
▼デザイン
・ボディ部分にデザインされたシャーリングが目を惹くデザイン
・バスト周りはゴムが入っていて、伸縮性抜群◎
・起毛感のある秋冬らしい素材でしっかり暖かい！
・毎回人気のデザインなので、お早目のGetがおすすめ！
▼コーディネート
ふわっと広がるシルエットなので、ナロースカートと相性抜群！
チェック柄で存在感があるので、ボトムはシンプルでOK！
▼スタイルアップポイント
骨格ストレートさんは、首元のボタンを１つ２つあけるとすらっとした見え感に！
ナチュラルさんは羽織りスタイルでもおすすめ！
-----------------------------
生地感：普通
伸縮性：なし
透け感：なし
裏地：なし
------------------------------
▼ブランド紹介
RETRO GIRL (レトロガール）
～日常に、ひとさじのときめきを～
いつものスタイルに新しい気分を織り込んで、
毎日をたのしむきっかけを作るブランド。
▼SNS
新着アイテムやお得なセール情報を配信中♪
【公式 Instagram】
＠retrogirl_official
【公式 TikTok】
@retrogirl_official
#チェック #チェックシャツ #シャーリングシャツ #冬素材 ＃冬コーデ #秋コーデ
▼注意事項
※撮影環境やモニター環境によって実際の商品とお色味が多少異なってみえる場合がございます。
品番：RF661423T001　/ 品名：チェックシャーリングシャツ"	in stock	999	new	3990 JPY	https://www.retro-girl.jp/item/111401.html	https://img-retro-girl.freetls.fastly.net/retrogirl/image_item/111/111401/11140102_b.jpg	RETRO GIRL		https://img-retro-girl.freetls.fastly.net/retrogirl/image_item/111/111401/11140101_b.jpg,https://img-retro-girl.freetls.fastly.net/retrogirl/image_item/111/111401/11140103_b.jpg	トップス > シャツ/ブラウス	ブラウン/チェック	FREE	ポリエステル70％ 綿30％	adult	female	
RF661423T0011607	RF661423T001	チェックシャーリングシャツ - ブラック/チェック / FREE	"＜毎回人気のシャーリングデザインが秋気温になって登場＞
▼デザイン
・ボディ部分にデザインされたシャーリングが目を惹くデザイン
・バスト周りはゴムが入っていて、伸縮性抜群◎
・起毛感のある秋冬らしい素材でしっかり暖かい！
・毎回人気のデザインなので、お早目のGetがおすすめ！
▼コーディネート
ふわっと広がるシルエットなので、ナロースカートと相性抜群！
チェック柄で存在感があるので、ボトムはシンプルでOK！
▼スタイルアップポイント
骨格ストレートさんは、首元のボタンを１つ２つあけるとすらっとした見え感に！
ナチュラルさんは羽織りスタイルでもおすすめ！
-----------------------------
生地感：普通
伸縮性：なし
透け感：なし
裏地：なし
------------------------------
▼ブランド紹介
RETRO GIRL (レトロガール）
～日常に、ひとさじのときめきを～
いつものスタイルに新しい気分を織り込んで、
毎日をたのしむきっかけを作るブランド。
▼SNS
新着アイテムやお得なセール情報を配信中♪
【公式 Instagram】
＠retrogirl_official
【公式 TikTok】
@retrogirl_official
#チェック #チェックシャツ #シャーリングシャツ #冬素材 ＃冬コーデ #秋コーデ
▼注意事項
※撮影環境やモニター環境によって実際の商品とお色味が多少異なってみえる場合がございます。
品番：RF661423T001　/ 品名：チェックシャーリングシャツ"	in stock	999	new	3990 JPY	https://www.retro-girl.jp/item/111401.html	https://img-retro-girl.freetls.fastly.net/retrogirl/image_item/111/111401/11140101_b.jpg	RETRO GIRL		https://img-retro-girl.freetls.fastly.net/retrogirl/image_item/111/111401/11140102_b.jpg,https://img-retro-girl.freetls.fastly.net/retrogirl/image_item/111/111401/11140103_b.jpg	トップス > シャツ/ブラウス	ブラック/チェック	FREE	ポリエステル70％ 綿30％	adult	female	
RF661423T0018607	RF661423T001	チェックシャーリングシャツ - ブルー/チェック / FREE	"＜毎回人気のシャーリングデザインが秋気温になって登場＞
▼デザイン
・ボディ部分にデザインされたシャーリングが目を惹くデザイン
・バスト周りはゴムが入っていて、伸縮性抜群◎
・起毛感のある秋冬らしい素材でしっかり暖かい！
・毎回人気のデザインなので、お早目のGetがおすすめ！
▼コーディネート
ふわっと広がるシルエットなので、ナロースカートと相性抜群！
チェック柄で存在感があるので、ボトムはシンプルでOK！
▼スタイルアップポイント
骨格ストレートさんは、首元のボタンを１つ２つあけるとすらっとした見え感に！
ナチュラルさんは羽織りスタイルでもおすすめ！
-----------------------------
生地感：普通
伸縮性：なし
透け感：なし
裏地：なし
------------------------------
▼ブランド紹介
RETRO GIRL (レトロガール）
～日常に、ひとさじのときめきを～
いつものスタイルに新しい気分を織り込んで、
毎日をたのしむきっかけを作るブランド。
▼SNS
新着アイテムやお得なセール情報を配信中♪
【公式 Instagram】
＠retrogirl_official
【公式 TikTok】
@retrogirl_official
#チェック #チェックシャツ #シャーリングシャツ #冬素材 ＃冬コーデ #秋コーデ
▼注意事項
※撮影環境やモニター環境によって実際の商品とお色味が多少異なってみえる場合がございます。
品番：RF661423T001　/ 品名：チェックシャーリングシャツ"	in stock	999	new	3990 JPY	https://www.retro-girl.jp/item/111401.html	https://img-retro-girl.freetls.fastly.net/retrogirl/image_item/111/111401/11140103_b.jpg	RETRO GIRL		https://img-retro-girl.freetls.fastly.net/retrogirl/image_item/111/111401/11140102_b.jpg,https://img-retro-girl.freetls.fastly.net/retrogirl/image_item/111/111401/11140101_b.jpg	トップス > シャツ/ブラウス	ブルー/チェック	FREE	ポリエステル70％ 綿30％	adult	female	
EF680021G0020907	EF680021G002	レースアップFレザージャケット - ブラック / FREE	"〈ワンポイントデザインが可愛いレザーブルゾン〉
▼デザイン
・フェイクレザーのブルゾンは毎年大人気のアイテム。
・フロント部分に施されたレースアップデザインが可愛い。
・ZIPで着脱可能なので、さっと羽織るだけでもとっても可愛い！
▼コーディネート
ボトムは甘めなフリルスカート、ティアードスカートと合わせるのがemsスタイル！
レースアップデザインが見えるように前は閉じて着用してみて♪
------------------------------
生地感：普通
伸縮性：なし
透け感：なし
裏地：ある
------------------------------
▼ブランド紹介
ems excite (エムズエキサイト）
“more fun more cute”
今をもっと楽しく
もっと可愛くいたい女の子に向けた
girly cuteなブランド
#レザー #フェイクレザー #韓国コーデ #パッチデザイン #秋アウター
▼注意事項
※撮影環境やモニター環境によって実際の商品とお色味が
多少異なってみえる場合がございます。
品番：EF680021G002　 / 品名：レースアップFレザージャケット"	in stock	999	new	7990 JPY	https://www.retro-girl.jp/item/111303.html	https://img-retro-girl.freetls.fastly.net/retrogirl/image_item/111/111303/11130301_b.jpg	ems excite		https://img-retro-girl.freetls.fastly.net/retrogirl/image_item/111/111303/11130302_b.jpg	ジャケット/アウター > その他アウター	ブラック	FREE		adult	female	
EF680021G0025007	EF680021G002	レースアップFレザージャケット - ブラウン / FREE	"〈ワンポイントデザインが可愛いレザーブルゾン〉
▼デザイン
・フェイクレザーのブルゾンは毎年大人気のアイテム。
・フロント部分に施されたレースアップデザインが可愛い。
・ZIPで着脱可能なので、さっと羽織るだけでもとっても可愛い！
▼コーディネート
ボトムは甘めなフリルスカート、ティアードスカートと合わせるのがemsスタイル！
レースアップデザインが見えるように前は閉じて着用してみて♪
------------------------------
生地感：普通
伸縮性：なし
透け感：なし
裏地：ある
------------------------------
▼ブランド紹介
ems excite (エムズエキサイト）
“more fun more cute”
今をもっと楽しく
もっと可愛くいたい女の子に向けた
girly cuteなブランド
#レザー #フェイクレザー #韓国コーデ #パッチデザイン #秋アウター
▼注意事項
※撮影環境やモニター環境によって実際の商品とお色味が
多少異なってみえる場合がございます。
品番：EF680021G002　 / 品名：レースアップFレザージャケット"	in stock	999	new	7990 JPY	https://www.retro-girl.jp/item/111303.html	https://img-retro-girl.freetls.fastly.net/retrogirl/image_item/111/111303/11130302_b.jpg	ems excite		https://img-retro-girl.freetls.fastly.net/retrogirl/image_item/111/111303/11130301_b.jpg	ジャケット/アウター > その他アウター	ブラウン	FREE		adult	female	
RL641511B0010407	RL641511B001	フロントドロストカーデ - エクリュ / FREE	"＜ドロストデザインが華やかな薄手カーディガン＞
▼デザイン
・今年大人気を頂いてるシンプルカーディガン。
・薄手で持ち歩きやすく、夏のエアコン対策にもピッタリ！
・フロント部分のドロストデザインで華やかな印象に。
・ベーシックでどんなコーデにも取り入れやすいのも嬉しい♪
▼コーディネート
キャミワンピの上に羽織り、重ね着コーデが今年のトレンド◎
裾レースカーディガンと合わせても今年らしいコーデが完成♪
▼スタイルアップポイント
骨格問わず着用できる定番デザイン！
骨格ストレートさんは、二の腕周りが気になる時に羽織るのにぴったり♪
-----------------------------
生地感：薄手
伸縮性：あり
透け感：あり
裏地：なし
------------------------------
▼ブランド紹介
RETRO GIRL (レトロガール）
自分らしい“ベーシックアイテム”と
新しい自分の”トレンドアイテム”が
見つかる場所
今らしいファッションを楽しむ
女性のためのブランド
#ドロスト #ドロストデザイン #カーディガン #シアー #カーディガン #秋コーデ #秋カラー
▼注意事項
※撮影環境やモニター環境によって実際の商品とお色味が多少異なってみえる場合がございます。
品番：RL641511B001 / 品名：フロントドロストカーデ"	in stock	999	new	3990 JPY	https://www.retro-girl.jp/item/111318.html	https://img-retro-girl.freetls.fastly.net/retrogirl/image_item/111/111318/11131801_b.jpg	RETRO GIRL		https://img-retro-girl.freetls.fastly.net/retrogirl/image_item/111/111318/11131802_b.jpg,https://img-retro-girl.freetls.fastly.net/retrogirl/image_item/111/111318/11131803_b.jpg	トップス > カーディガン/ボレロ	エクリュ	FREE	ポリエステル85％レーヨン15％	adult	female	
RL641511B0010907	RL641511B001	フロントドロストカーデ - ブラック / FREE	"＜ドロストデザインが華やかな薄手カーディガン＞
▼デザイン
・今年大人気を頂いてるシンプルカーディガン。
・薄手で持ち歩きやすく、夏のエアコン対策にもピッタリ！
・フロント部分のドロストデザインで華やかな印象に。
・ベーシックでどんなコーデにも取り入れやすいのも嬉しい♪
▼コーディネート
キャミワンピの上に羽織り、重ね着コーデが今年のトレンド◎
裾レースカーディガンと合わせても今年らしいコーデが完成♪
▼スタイルアップポイント
骨格問わず着用できる定番デザイン！
骨格ストレートさんは、二の腕周りが気になる時に羽織るのにぴったり♪
-----------------------------
生地感：薄手
伸縮性：あり
透け感：あり
裏地：なし
------------------------------
▼ブランド紹介
RETRO GIRL (レトロガール）
自分らしい“ベーシックアイテム”と
新しい自分の”トレンドアイテム”が
見つかる場所
今らしいファッションを楽しむ
女性のためのブランド
#ドロスト #ドロストデザイン #カーディガン #シアー #カーディガン #秋コーデ #秋カラー
▼注意事項
※撮影環境やモニター環境によって実際の商品とお色味が多少異なってみえる場合がございます。
品番：RL641511B001 / 品名：フロントドロストカーデ"	in stock	999	new	3990 JPY	https://www.retro-girl.jp/item/111318.html	https://img-retro-girl.freetls.fastly.net/retrogirl/image_item/111/111318/11131802_b.jpg	RETRO GIRL		https://img-retro-girl.freetls.fastly.net/retrogirl/image_item/111/111318/11131801_b.jpg,https://img-retro-girl.freetls.fastly.net/retrogirl/image_item/111/111318/11131803_b.jpg	トップス > カーディガン/ボレロ	ブラック	FREE	ポリエステル85％レーヨン15％	adult	female	
RL641511B0015407	RL641511B001	フロントドロストカーデ - ベージュ / FREE	"＜ドロストデザインが華やかな薄手カーディガン＞
▼デザイン
・今年大人気を頂いてるシンプルカーディガン。
・薄手で持ち歩きやすく、夏のエアコン対策にもピッタリ！
・フロント部分のドロストデザインで華やかな印象に。
・ベーシックでどんなコーデにも取り入れやすいのも嬉しい♪
▼コーディネート
キャミワンピの上に羽織り、重ね着コーデが今年のトレンド◎
裾レースカーディガンと合わせても今年らしいコーデが完成♪
▼スタイルアップポイント
骨格問わず着用できる定番デザイン！
骨格ストレートさんは、二の腕周りが気になる時に羽織るのにぴったり♪
-----------------------------
生地感：薄手
伸縮性：あり
透け感：あり
裏地：なし
------------------------------
▼ブランド紹介
RETRO GIRL (レトロガール）
自分らしい“ベーシックアイテム”と
新しい自分の”トレンドアイテム”が
見つかる場所
今らしいファッションを楽しむ
女性のためのブランド
#ドロスト #ドロストデザイン #カーディガン #シアー #カーディガン #秋コーデ #秋カラー
▼注意事項
※撮影環境やモニター環境によって実際の商品とお色味が多少異なってみえる場合がございます。
品番：RL641511B001 / 品名：フロントドロストカーデ"	in stock	999	new	3990 JPY	https://www.retro-girl.jp/item/111318.html	https://img-retro-girl.freetls.fastly.net/retrogirl/image_item/111/111318/11131803_b.jpg	RETRO GIRL		https://img-retro-girl.freetls.fastly.net/retrogirl/image_item/111/111318/11131801_b.jpg,https://img-retro-girl.freetls.fastly.net/retrogirl/image_item/111/111318/11131802_b.jpg	トップス > カーディガン/ボレロ	ベージュ	FREE	ポリエステル85％レーヨン15％	adult	female	
RE634832N0028003	RE634832N002	【サイズ展開あり】折り返しデニムパンツ - ブルー / M	"＜カジュアルコーデに取り入れたいトレンドデザインデニムパンツ＞
▼デザイン
・ウエスト部分の折り返しデザインが目を惹くデニムパンツ
・加工感のあるヴィンテージ加工でカジュアルな印象に
・Y2Kコーデがお好きな方にもおすすめ！
・AWビジュアル着用にこの秋のイチオシアイテムです
▼コーディネート
定番のデニムなので、どんなトップスとも合わせていただきます。
カジュアルにパーカーアイテムなどと合わせて頂くのがおすすめです！
-----------------------------
生地感：普通
伸縮性：なし
透け感：なし
裏地：なし
------------------------------
▼ブランド紹介
RETRO GIRL (レトロガール）
自分らしい“ベーシックアイテム”と
新しい自分の”トレンドアイテム”が
見つかる場所
今らしいファッションを楽しむ
女性のためのブランド
#デニム #デニムパンツ #ストレートデニム #加工デニム＃カジュアル #サイズ展開
▼注意事項
※撮影環境やモニター環境によって実際の商品とお色味が多少異なってみえる場合がございます。
品番：RE634832N002　/ 品名：折り返しデニムパンツ"	in stock	999	new	4690 JPY	https://www.retro-girl.jp/item/111288.html	https://img-retro-girl.freetls.fastly.net/retrogirl/image_item/111/111288/11128802_b.jpg	RETRO GIRL	3280 JPY	https://img-retro-girl.freetls.fastly.net/retrogirl/image_item/111/111288/11128801_b.jpg	パンツ > デニムパンツ	ブルー	M	綿70％ レーヨン16％ ポリエステル14％	adult	female	
RE634832N0028004	RE634832N002	【サイズ展開あり】折り返しデニムパンツ - ブルー / L	"＜カジュアルコーデに取り入れたいトレンドデザインデニムパンツ＞
▼デザイン
・ウエスト部分の折り返しデザインが目を惹くデニムパンツ
・加工感のあるヴィンテージ加工でカジュアルな印象に
・Y2Kコーデがお好きな方にもおすすめ！
・AWビジュアル着用にこの秋のイチオシアイテムです
▼コーディネート
定番のデニムなので、どんなトップスとも合わせていただきます。
カジュアルにパーカーアイテムなどと合わせて頂くのがおすすめです！
-----------------------------
生地感：普通
伸縮性：なし
透け感：なし
裏地：なし
------------------------------
▼ブランド紹介
RETRO GIRL (レトロガール）
自分らしい“ベーシックアイテム”と
新しい自分の”トレンドアイテム”が
見つかる場所
今らしいファッションを楽しむ
女性のためのブランド
#デニム #デニムパンツ #ストレートデニム #加工デニム＃カジュアル #サイズ展開
▼注意事項
※撮影環境やモニター環境によって実際の商品とお色味が多少異なってみえる場合がございます。
品番：RE634832N002　/ 品名：折り返しデニムパンツ"	in stock	999	new	4690 JPY	https://www.retro-girl.jp/item/111288.html	https://img-retro-girl.freetls.fastly.net/retrogirl/image_item/111/111288/11128802_b.jpg	RETRO GIRL	3280 JPY	https://img-retro-girl.freetls.fastly.net/retrogirl/image_item/111/111288/11128801_b.jpg	パンツ > デニムパンツ	ブルー	L	綿70％ レーヨン16％ ポリエステル14％	adult	female	
RE634832N0020903	RE634832N002	【サイズ展開あり】折り返しデニムパンツ - ブラック / M	"＜カジュアルコーデに取り入れたいトレンドデザインデニムパンツ＞
▼デザイン
・ウエスト部分の折り返しデザインが目を惹くデニムパンツ
・加工感のあるヴィンテージ加工でカジュアルな印象に
・Y2Kコーデがお好きな方にもおすすめ！
・AWビジュアル着用にこの秋のイチオシアイテムです
▼コーディネート
定番のデニムなので、どんなトップスとも合わせていただきます。
カジュアルにパーカーアイテムなどと合わせて頂くのがおすすめです！
-----------------------------
生地感：普通
伸縮性：なし
透け感：なし
裏地：なし
------------------------------
▼ブランド紹介
RETRO GIRL (レトロガール）
自分らしい“ベーシックアイテム”と
新しい自分の”トレンドアイテム”が
見つかる場所
今らしいファッションを楽しむ
女性のためのブランド
#デニム #デニムパンツ #ストレートデニム #加工デニム＃カジュアル #サイズ展開
▼注意事項
※撮影環境やモニター環境によって実際の商品とお色味が多少異なってみえる場合がございます。
品番：RE634832N002　/ 品名：折り返しデニムパンツ"	in stock	999	new	4690 JPY	https://www.retro-girl.jp/item/111288.html	https://img-retro-girl.freetls.fastly.net/retrogirl/image_item/111/111288/11128801_b.jpg	RETRO GIRL	3280 JPY	https://img-retro-girl.freetls.fastly.net/retrogirl/image_item/111/111288/11128802_b.jpg	パンツ > デニムパンツ	ブラック	M	綿70％ レーヨン16％ ポリエステル14％	adult	female	
RE634832N0020904	RE634832N002	【サイズ展開あり】折り返しデニムパンツ - ブラック / L	"＜カジュアルコーデに取り入れたいトレンドデザインデニムパンツ＞
▼デザイン
・ウエスト部分の折り返しデザインが目を惹くデニムパンツ
・加工感のあるヴィンテージ加工でカジュアルな印象に
・Y2Kコーデがお好きな方にもおすすめ！
・AWビジュアル着用にこの秋のイチオシアイテムです
▼コーディネート
定番のデニムなので、どんなトップスとも合わせていただきます。
カジュアルにパーカーアイテムなどと合わせて頂くのがおすすめです！
-----------------------------
生地感：普通
伸縮性：なし
透け感：なし
裏地：なし
------------------------------
▼ブランド紹介
RETRO GIRL (レトロガール）
自分らしい“ベーシックアイテム”と
新しい自分の”トレンドアイテム”が
見つかる場所
今らしいファッションを楽しむ
女性のためのブランド
#デニム #デニムパンツ #ストレートデニム #加工デニム＃カジュアル #サイズ展開
▼注意事項
※撮影環境やモニター環境によって実際の商品とお色味が多少異なってみえる場合がございます。
品番：RE634832N002　/ 品名：折り返しデニムパンツ"	in stock	999	new	4690 JPY	https://www.retro-girl.jp/item/111288.html	https://img-retro-girl.freetls.fastly.net/retrogirl/image_item/111/111288/11128801_b.jpg	RETRO GIRL	3280 JPY	https://img-retro-girl.freetls.fastly.net/retrogirl/image_item/111/111288/11128802_b.jpg	パンツ > デニムパンツ	ブラック	L	綿70％ レーヨン16％ ポリエステル14％	adult	female	
EF634832G0010902	EF634832G001	フリルハート付きワイドデニム - ブラック / S	"＜チェック柄&ハートデザインがemsらしい新作デニムパンツ＞
▼デザイン
・両サイドにデザインされたハートが可愛いデニムパンツ
・チェック柄のフリルでデザインされているので、秋らしい印象に。
・ワイドなシルエットでカジュアルに着て頂けます。
・サイズ展開もあるので、体型に合わせて選べちゃう！
▼コーディネート
シンプルなストレートシルエットで、どんなトップスとも合わせていただける定番デニム。
カジュアルにシャツやTシャツと合わせて頂くのがおすすめ！
------------------------------
生地感：普通
伸縮性：なし
透け感：なし
裏地：なし
------------------------------
▼ブランド紹介
ems excite (エムズエキサイト）
“more fun more cute”
今をもっと楽しく
もっと可愛くいたい女の子に向けた
girly cuteなブランド
#デニムパンツ #デニムコーデ#ハートデニム #デニム #チェック柄 #ストレートデニム#ワイドパンツ
▼注意事項
※撮影環境やモニター環境によって実際の商品とお色味が多少異なってみえる場合がございます。
品番：EF634832G001　/ 品名：フリルハート付きワイドデニム"	in stock	999	new	5990 JPY	https://www.retro-girl.jp/item/111389.html	https://img-retro-girl.freetls.fastly.net/retrogirl/image_item/111/111389/11138901_b.jpg	ems excite		https://img-retro-girl.freetls.fastly.net/retrogirl/image_item/111/111389/11138902_b.jpg	パンツ > デニムパンツ	ブラック	S	本体　ポリエステル：43％綿：43％レーヨン：12％ナイロン：2％　別布　ポリエステル：100％	adult	female	
EF634832G0010903	EF634832G001	フリルハート付きワイドデニム - ブラック / M	"＜チェック柄&ハートデザインがemsらしい新作デニムパンツ＞
▼デザイン
・両サイドにデザインされたハートが可愛いデニムパンツ
・チェック柄のフリルでデザインされているので、秋らしい印象に。
・ワイドなシルエットでカジュアルに着て頂けます。
・サイズ展開もあるので、体型に合わせて選べちゃう！
▼コーディネート
シンプルなストレートシルエットで、どんなトップスとも合わせていただける定番デニム。
カジュアルにシャツやTシャツと合わせて頂くのがおすすめ！
------------------------------
生地感：普通
伸縮性：なし
透け感：なし
裏地：なし
------------------------------
▼ブランド紹介
ems excite (エムズエキサイト）
“more fun more cute”
今をもっと楽しく
もっと可愛くいたい女の子に向けた
girly cuteなブランド
#デニムパンツ #デニムコーデ#ハートデニム #デニム #チェック柄 #ストレートデニム#ワイドパンツ
▼注意事項
※撮影環境やモニター環境によって実際の商品とお色味が多少異なってみえる場合がございます。
品番：EF634832G001　/ 品名：フリルハート付きワイドデニム"	in stock	999	new	5990 JPY	https://www.retro-girl.jp/item/111389.html	https://img-retro-girl.freetls.fastly.net/retrogirl/image_item/111/111389/11138901_b.jpg	ems excite		https://img-retro-girl.freetls.fastly.net/retrogirl/image_item/111/111389/11138902_b.jpg	パンツ > デニムパンツ	ブラック	M	本体　ポリエステル：43％綿：43％レーヨン：12％ナイロン：2％　別布　ポリエステル：100％	adult	female	
EF634832G0018202	EF634832G001	フリルハート付きワイドデニム - ダークブルー / S	"＜チェック柄&ハートデザインがemsらしい新作デニムパンツ＞
▼デザイン
・両サイドにデザインされたハートが可愛いデニムパンツ
・チェック柄のフリルでデザインされているので、秋らしい印象に。
・ワイドなシルエットでカジュアルに着て頂けます。
・サイズ展開もあるので、体型に合わせて選べちゃう！
▼コーディネート
シンプルなストレートシルエットで、どんなトップスとも合わせていただける定番デニム。
カジュアルにシャツやTシャツと合わせて頂くのがおすすめ！
------------------------------
生地感：普通
伸縮性：なし
透け感：なし
裏地：なし
------------------------------
▼ブランド紹介
ems excite (エムズエキサイト）
“more fun more cute”
今をもっと楽しく
もっと可愛くいたい女の子に向けた
girly cuteなブランド
#デニムパンツ #デニムコーデ#ハートデニム #デニム #チェック柄 #ストレートデニム#ワイドパンツ
▼注意事項
※撮影環境やモニター環境によって実際の商品とお色味が多少異なってみえる場合がございます。
品番：EF634832G001　/ 品名：フリルハート付きワイドデニム"	in stock	999	new	5990 JPY	https://www.retro-girl.jp/item/111389.html	https://img-retro-girl.freetls.fastly.net/retrogirl/image_item/111/111389/11138902_b.jpg	ems excite		https://img-retro-girl.freetls.fastly.net/retrogirl/image_item/111/111389/11138901_b.jpg	パンツ > デニムパンツ	ダークブルー	S	本体　ポリエステル：43％綿：43％レーヨン：12％ナイロン：2％　別布　ポリエステル：100％	adult	female	
EF634832G0018203	EF634832G001	フリルハート付きワイドデニム - ダークブルー / M	"＜チェック柄&ハートデザインがemsらしい新作デニムパンツ＞
▼デザイン
・両サイドにデザインされたハートが可愛いデニムパンツ
・チェック柄のフリルでデザインされているので、秋らしい印象に。
・ワイドなシルエットでカジュアルに着て頂けます。
・サイズ展開もあるので、体型に合わせて選べちゃう！
▼コーディネート
シンプルなストレートシルエットで、どんなトップスとも合わせていただける定番デニム。
カジュアルにシャツやTシャツと合わせて頂くのがおすすめ！
------------------------------
生地感：普通
伸縮性：なし
透け感：なし
裏地：なし
------------------------------
▼ブランド紹介
ems excite (エムズエキサイト）
“more fun more cute”
今をもっと楽しく
もっと可愛くいたい女の子に向けた
girly cuteなブランド
#デニムパンツ #デニムコーデ#ハートデニム #デニム #チェック柄 #ストレートデニム#ワイドパンツ
▼注意事項
※撮影環境やモニター環境によって実際の商品とお色味が多少異なってみえる場合がございます。
品番：EF634832G001　/ 品名：フリルハート付きワイドデニム"	in stock	999	new	5990 JPY	https://www.retro-girl.jp/item/111389.html	https://img-retro-girl.freetls.fastly.net/retrogirl/image_item/111/111389/11138902_b.jpg	ems excite		https://img-retro-girl.freetls.fastly.net/retrogirl/image_item/111/111389/11138901_b.jpg	パンツ > デニムパンツ	ダークブルー	M	本体　ポリエステル：43％綿：43％レーヨン：12％ナイロン：2％　別布　ポリエステル：100％	adult	female	
RW657112B0011007	RW657112B001	ヘンリーネック起毛ニット - ライトグレー / FREE	"＜ヘンリーネックデザインのカジュアルニット＞
▼デザイン
・胸元のヘンリーネックデザインが可愛いニット
・ベーシックな無地のデザインで、ボトムを選ばず着用できます。
・着丈は長く、ヒップ周りの体型カバーも可能です。
・起毛感たっぷりで、冬も暖かいのが嬉しい♪
▼コーディネート
べーシックなデザインで、ボトムを選ばず着用できます。
スカート合わせとデニム合わせでも雰囲気が変えられます。
▼スタイルアップポイント
骨格ストレートさんは首回りのを開けてスッキリしたスタイリングで小顔効果も！
腰回りが気になるウェーブさんにもおすすめなシルエット！
------------------------------
生地感：普通
伸縮性：ある
透け感：なし
裏地：なし
-----------------------------
▼ブランド紹介
RETRO GIRL (レトロガール）
自分らしい“ベーシックアイテム”と
新しい自分の”トレンドアイテム”が
見つかる場所
今らしいファッションを楽しむ
女性のためのブランド
#秋コーデ #ニットコーデ #ヘンリーネック #大人コーデ #起毛ニット
▼注意事項
※撮影環境やモニター環境によって実際の商品とお色味が
多少異なってみえる場合がございます。
※サイズはサンプル品を基に採寸しております。
実際の商品とは若干の誤差が生じる場合がございますので、あらかじめご了承ください。
品番：RW657112B001　/ 品名：ヘンリーネック起毛ニット"	in stock	999	new	3990 JPY	https://www.retro-girl.jp/item/111322.html	https://img-retro-girl.freetls.fastly.net/retrogirl/image_item/111/111322/11132201_b.jpg	RETRO GIRL		https://img-retro-girl.freetls.fastly.net/retrogirl/image_item/111/111322/11132202_b.jpg,https://img-retro-girl.freetls.fastly.net/retrogirl/image_item/111/111322/11132203_b.jpg	トップス > ニット/セーター	ライトグレー	FREE	本体：ポリエステル96％ 毛4％リブ部分：ポリエステル89％ ナイロン7％ 毛4％	adult	female	
RW657112B0011207	RW657112B001	ヘンリーネック起毛ニット - チャコールグレー / FREE	"＜ヘンリーネックデザインのカジュアルニット＞
▼デザイン
・胸元のヘンリーネックデザインが可愛いニット
・ベーシックな無地のデザインで、ボトムを選ばず着用できます。
・着丈は長く、ヒップ周りの体型カバーも可能です。
・起毛感たっぷりで、冬も暖かいのが嬉しい♪
▼コーディネート
べーシックなデザインで、ボトムを選ばず着用できます。
スカート合わせとデニム合わせでも雰囲気が変えられます。
▼スタイルアップポイント
骨格ストレートさんは首回りのを開けてスッキリしたスタイリングで小顔効果も！
腰回りが気になるウェーブさんにもおすすめなシルエット！
------------------------------
生地感：普通
伸縮性：ある
透け感：なし
裏地：なし
-----------------------------
▼ブランド紹介
RETRO GIRL (レトロガール）
自分らしい“ベーシックアイテム”と
新しい自分の”トレンドアイテム”が
見つかる場所
今らしいファッションを楽しむ
女性のためのブランド
#秋コーデ #ニットコーデ #ヘンリーネック #大人コーデ #起毛ニット
▼注意事項
※撮影環境やモニター環境によって実際の商品とお色味が
多少異なってみえる場合がございます。
※サイズはサンプル品を基に採寸しております。
実際の商品とは若干の誤差が生じる場合がございますので、あらかじめご了承ください。
品番：RW657112B001　/ 品名：ヘンリーネック起毛ニット"	in stock	999	new	3990 JPY	https://www.retro-girl.jp/item/111322.html	https://img-retro-girl.freetls.fastly.net/retrogirl/image_item/111/111322/11132202_b.jpg	RETRO GIRL		https://img-retro-girl.freetls.fastly.net/retrogirl/image_item/111/111322/11132201_b.jpg,https://img-retro-girl.freetls.fastly.net/retrogirl/image_item/111/111322/11132203_b.jpg	トップス > ニット/セーター	チャコールグレー	FREE	本体：ポリエステル96％ 毛4％リブ部分：ポリエステル89％ ナイロン7％ 毛4％	adult	female	
RW657112B0013007	RW657112B001	ヘンリーネック起毛ニット - レッド / FREE	"＜ヘンリーネックデザインのカジュアルニット＞
▼デザイン
・胸元のヘンリーネックデザインが可愛いニット
・ベーシックな無地のデザインで、ボトムを選ばず着用できます。
・着丈は長く、ヒップ周りの体型カバーも可能です。
・起毛感たっぷりで、冬も暖かいのが嬉しい♪
▼コーディネート
べーシックなデザインで、ボトムを選ばず着用できます。
スカート合わせとデニム合わせでも雰囲気が変えられます。
▼スタイルアップポイント
骨格ストレートさんは首回りのを開けてスッキリしたスタイリングで小顔効果も！
腰回りが気になるウェーブさんにもおすすめなシルエット！
------------------------------
生地感：普通
伸縮性：ある
透け感：なし
裏地：なし
-----------------------------
▼ブランド紹介
RETRO GIRL (レトロガール）
自分らしい“ベーシックアイテム”と
新しい自分の”トレンドアイテム”が
見つかる場所
今らしいファッションを楽しむ
女性のためのブランド
#秋コーデ #ニットコーデ #ヘンリーネック #大人コーデ #起毛ニット
▼注意事項
※撮影環境やモニター環境によって実際の商品とお色味が
多少異なってみえる場合がございます。
※サイズはサンプル品を基に採寸しております。
実際の商品とは若干の誤差が生じる場合がございますので、あらかじめご了承ください。
品番：RW657112B001　/ 品名：ヘンリーネック起毛ニット"	in stock	999	new	3990 JPY	https://www.retro-girl.jp/item/111322.html	https://img-retro-girl.freetls.fastly.net/retrogirl/image_item/111/111322/11132203_b.jpg	RETRO GIRL		https://img-retro-girl.freetls.fastly.net/retrogirl/image_item/111/111322/11132201_b.jpg,https://img-retro-girl.freetls.fastly.net/retrogirl/image_item/111/111322/11132202_b.jpg	トップス > ニット/セーター	レッド	FREE	本体：ポリエステル96％ 毛4％リブ部分：ポリエステル89％ ナイロン7％ 毛4％	adult	female	
RL656423N0010607	RL656423N001	シアーフーディーシャツ - ホワイト/柄 / FREE	"〈さっと羽織れるカジュアルなチェックフーディー〉
・透け感ある素材で夏にピッタリなシャツアイテム
・裾部分を絞ることで簡単に着丈の調節やシルエットのアレンジが可能。
・フーディー付でカジュアルに着用頂けます。
・夏から秋にかけて活躍すること間違いなし♪
▼コーディネート
ニット帽やキャップなど、カジュアルな小物と相性抜群なアイテム。
ハーフパンツと合わせても、若々しいスタイリングに◎
▼スタイルアップポイント
骨格問わず着用して頂けるアイテム。
ウェーブさんやストレートさんにピッタリな着丈ながら、ナチュラルさんい似合いやすい肩幅とバストサイズ！
------------------------------
生地感：薄手
伸縮性：なし
透け感：ある
裏地：なし
------------------------------
▼ブランド紹介
RETRO GIRL (レトロガール）
自分らしい“ベーシックアイテム”と
新しい自分の”トレンドアイテム”が
見つかる場所
今らしいファッションを楽しむ
女性のためのブランド
▼SNS
新着アイテムやお得なセール情報を配信中♪
【公式 Instagram】
＠retrogirl_official
【公式 TikTok】
@retrogirl_official
#シャツ #チェック柄 #羽織アイテム #チェックシャツ #シアーシャツ #夏コーデ #カジュアルアイテム #フーディー
▼注意事項
※撮影環境やモニター環境によって実際の商品とお色味が
多少異なってみえる場合がございます。
品番：RL656423N001　/ 品名：シアーフーディーシャツ"	in stock	999	new	3990 JPY	https://www.retro-girl.jp/item/111248.html	https://img-retro-girl.freetls.fastly.net/retrogirl/image_item/111/111248/11124801_b.jpg	RETRO GIRL		https://img-retro-girl.freetls.fastly.net/retrogirl/image_item/111/111248/11124802_b.jpg	トップス > シャツ/ブラウス	ホワイト/柄	FREE	ポリエステル100％	adult	female	
RL656423N0011607	RL656423N001	シアーフーディーシャツ - ブラック/チェック / FREE	"〈さっと羽織れるカジュアルなチェックフーディー〉
・透け感ある素材で夏にピッタリなシャツアイテム
・裾部分を絞ることで簡単に着丈の調節やシルエットのアレンジが可能。
・フーディー付でカジュアルに着用頂けます。
・夏から秋にかけて活躍すること間違いなし♪
▼コーディネート
ニット帽やキャップなど、カジュアルな小物と相性抜群なアイテム。
ハーフパンツと合わせても、若々しいスタイリングに◎
▼スタイルアップポイント
骨格問わず着用して頂けるアイテム。
ウェーブさんやストレートさんにピッタリな着丈ながら、ナチュラルさんい似合いやすい肩幅とバストサイズ！
------------------------------
生地感：薄手
伸縮性：なし
透け感：ある
裏地：なし
------------------------------
▼ブランド紹介
RETRO GIRL (レトロガール）
自分らしい“ベーシックアイテム”と
新しい自分の”トレンドアイテム”が
見つかる場所
今らしいファッションを楽しむ
女性のためのブランド
▼SNS
新着アイテムやお得なセール情報を配信中♪
【公式 Instagram】
＠retrogirl_official
【公式 TikTok】
@retrogirl_official
#シャツ #チェック柄 #羽織アイテム #チェックシャツ #シアーシャツ #夏コーデ #カジュアルアイテム #フーディー
▼注意事項
※撮影環境やモニター環境によって実際の商品とお色味が
多少異なってみえる場合がございます。
品番：RL656423N001　/ 品名：シアーフーディーシャツ"	in stock	999	new	3990 JPY	https://www.retro-girl.jp/item/111248.html	https://img-retro-girl.freetls.fastly.net/retrogirl/image_item/111/111248/11124802_b.jpg	RETRO GIRL		https://img-retro-girl.freetls.fastly.net/retrogirl/image_item/111/111248/11124801_b.jpg	トップス > シャツ/ブラウス	ブラック/チェック	FREE	ポリエステル100％	adult	female	
RL645941B0034000	RL645941B003	【トイストーリー】チャーム - オレンジ / ONE SIZE	"〈TOY STORY COLLECTION〉
▼デザイン
大ヒット上映中！『トイ・ストーリー』のアイテムが登場！
コンパクトなのに存在感たっぷりのチャーム！
お気に入りのキャラクターと一緒なら、いつものお出かけももっと楽しく
お手持のバッグにつけるだけで、テンション上がること間違いなし！
▼ブランド紹介
RETRO GIRL (レトロガール）
自分らしい“ベーシックアイテム”と
新しい自分の”トレンドアイテム”が
見つかる場所
今らしいファッションを楽しむ
女性のためのブランド
#バッグ #バッグチャーム #カナビラ #コラボアイテム #カラーアイテム
▼注意事項
※撮影環境やモニター環境によって実際の商品とお色味が
多少異なってみえる場合がございます。
品番：RL645941B003　/ 品名：【トイストーリー】チャーム"	in stock	999	new	2490 JPY	https://www.retro-girl.jp/item/111316.html	https://img-retro-girl.freetls.fastly.net/retrogirl/image_item/111/111316/11131601_b.jpg	RETRO GIRL		https://img-retro-girl.freetls.fastly.net/retrogirl/image_item/111/111316/11131602_b.jpg,https://img-retro-girl.freetls.fastly.net/retrogirl/image_item/111/111316/11131603_b.jpg,https://img-retro-girl.freetls.fastly.net/retrogirl/image_item/111/111316/11131604_b.jpg	その他 > その他	オレンジ	ONE SIZE	紐部分：ポリエステル100％チャーム・ヒモ：合成皮革金具：亜鉛合金	adult	female	
RL645941B0035000	RL645941B003	【トイストーリー】チャーム - ブラウン / ONE SIZE	"〈TOY STORY COLLECTION〉
▼デザイン
大ヒット上映中！『トイ・ストーリー』のアイテムが登場！
コンパクトなのに存在感たっぷりのチャーム！
お気に入りのキャラクターと一緒なら、いつものお出かけももっと楽しく
お手持のバッグにつけるだけで、テンション上がること間違いなし！
▼ブランド紹介
RETRO GIRL (レトロガール）
自分らしい“ベーシックアイテム”と
新しい自分の”トレンドアイテム”が
見つかる場所
今らしいファッションを楽しむ
女性のためのブランド
#バッグ #バッグチャーム #カナビラ #コラボアイテム #カラーアイテム
▼注意事項
※撮影環境やモニター環境によって実際の商品とお色味が
多少異なってみえる場合がございます。
品番：RL645941B003　/ 品名：【トイストーリー】チャーム"	in stock	999	new	2490 JPY	https://www.retro-girl.jp/item/111316.html	https://img-retro-girl.freetls.fastly.net/retrogirl/image_item/111/111316/11131602_b.jpg	RETRO GIRL		https://img-retro-girl.freetls.fastly.net/retrogirl/image_item/111/111316/11131601_b.jpg,https://img-retro-girl.freetls.fastly.net/retrogirl/image_item/111/111316/11131603_b.jpg,https://img-retro-girl.freetls.fastly.net/retrogirl/image_item/111/111316/11131604_b.jpg	その他 > その他	ブラウン	ONE SIZE	紐部分：ポリエステル100％チャーム・ヒモ：合成皮革金具：亜鉛合金	adult	female	
RL645941B0038000	RL645941B003	【トイストーリー】チャーム - ブルー / ONE SIZE	"〈TOY STORY COLLECTION〉
▼デザイン
大ヒット上映中！『トイ・ストーリー』のアイテムが登場！
コンパクトなのに存在感たっぷりのチャーム！
お気に入りのキャラクターと一緒なら、いつものお出かけももっと楽しく
お手持のバッグにつけるだけで、テンション上がること間違いなし！
▼ブランド紹介
RETRO GIRL (レトロガール）
自分らしい“ベーシックアイテム”と
新しい自分の”トレンドアイテム”が
見つかる場所
今らしいファッションを楽しむ
女性のためのブランド
#バッグ #バッグチャーム #カナビラ #コラボアイテム #カラーアイテム
▼注意事項
※撮影環境やモニター環境によって実際の商品とお色味が
多少異なってみえる場合がございます。
品番：RL645941B003　/ 品名：【トイストーリー】チャーム"	in stock	999	new	2490 JPY	https://www.retro-girl.jp/item/111316.html	https://img-retro-girl.freetls.fastly.net/retrogirl/image_item/111/111316/11131603_b.jpg	RETRO GIRL		https://img-retro-girl.freetls.fastly.net/retrogirl/image_item/111/111316/11131601_b.jpg,https://img-retro-girl.freetls.fastly.net/retrogirl/image_item/111/111316/11131602_b.jpg,https://img-retro-girl.freetls.fastly.net/retrogirl/image_item/111/111316/11131604_b.jpg	その他 > その他	ブルー	ONE SIZE	紐部分：ポリエステル100％チャーム・ヒモ：合成皮革金具：亜鉛合金	adult	female	
RL645941B0039000	RL645941B003	【トイストーリー】チャーム - パープル / ONE SIZE	"〈TOY STORY COLLECTION〉
▼デザイン
大ヒット上映中！『トイ・ストーリー』のアイテムが登場！
コンパクトなのに存在感たっぷりのチャーム！
お気に入りのキャラクターと一緒なら、いつものお出かけももっと楽しく
お手持のバッグにつけるだけで、テンション上がること間違いなし！
▼ブランド紹介
RETRO GIRL (レトロガール）
自分らしい“ベーシックアイテム”と
新しい自分の”トレンドアイテム”が
見つかる場所
今らしいファッションを楽しむ
女性のためのブランド
#バッグ #バッグチャーム #カナビラ #コラボアイテム #カラーアイテム
▼注意事項
※撮影環境やモニター環境によって実際の商品とお色味が
多少異なってみえる場合がございます。
品番：RL645941B003　/ 品名：【トイストーリー】チャーム"	in stock	999	new	2490 JPY	https://www.retro-girl.jp/item/111316.html	https://img-retro-girl.freetls.fastly.net/retrogirl/image_item/111/111316/11131604_b.jpg	RETRO GIRL		https://img-retro-girl.freetls.fastly.net/retrogirl/image_item/111/111316/11131601_b.jpg,https://img-retro-girl.freetls.fastly.net/retrogirl/image_item/111/111316/11131602_b.jpg,https://img-retro-girl.freetls.fastly.net/retrogirl/image_item/111/111316/11131603_b.jpg	その他 > その他	パープル	ONE SIZE	紐部分：ポリエステル100％チャーム・ヒモ：合成皮革金具：亜鉛合金	adult	female	
EF656431G0010207	EF656431G001	ボリュームチュールロングスカート - オフホワイト / FREE	"＜ボリューム感のあるチュールスカートで存在感たっぷり！＞
▼デザイン
・毎回大人気を頂くトレンドアイテム”チュールスカート”
・裏地は膝部分までもしっかりついていて、安心頂けます。
・ウエストはゴムで、伸縮性もばっちりです◎
・合わせ方次第でオールシーズン着用頂けます。
▼コーディネート
ボリューム感のあるスカートなので、シンプルなトレーナーやニットと合わせでも可愛い！
お友達とおそろいで参戦コーデにもおすすめ！
------------------------------
生地感：薄手
伸縮性：ある（ウエスト）
透け感：ある(チュール部分）
裏地：ある
------------------------------
▼ブランド紹介
ems excite (エムズエキサイト）
“more fun more cute”
今をもっと楽しく
もっと可愛くいたい女の子に向けた
girly cuteなブランド
#チュール #チュールスカート #マキシスカート #ガーリーアイテム
▼注意事項
※撮影環境やモニター環境によって実際の商品とお色味が多少異なってみえる場合がございます。
品番：EF656431G001　/ 品名：ボリュームチュールロングスカート"	in stock	999	new	5090 JPY	https://www.retro-girl.jp/item/111394.html	https://img-retro-girl.freetls.fastly.net/retrogirl/image_item/111/111394/11139401_b.jpg	ems excite		https://img-retro-girl.freetls.fastly.net/retrogirl/image_item/111/111394/11139402_b.jpg	スカート > ロング･マキシスカート	オフホワイト	FREE	ポリエステル100％	adult	female	
EF656431G0011207	EF656431G001	ボリュームチュールロングスカート - チャコールグレー / FREE	"＜ボリューム感のあるチュールスカートで存在感たっぷり！＞
▼デザイン
・毎回大人気を頂くトレンドアイテム”チュールスカート”
・裏地は膝部分までもしっかりついていて、安心頂けます。
・ウエストはゴムで、伸縮性もばっちりです◎
・合わせ方次第でオールシーズン着用頂けます。
▼コーディネート
ボリューム感のあるスカートなので、シンプルなトレーナーやニットと合わせでも可愛い！
お友達とおそろいで参戦コーデにもおすすめ！
------------------------------
生地感：薄手
伸縮性：ある（ウエスト）
透け感：ある(チュール部分）
裏地：ある
------------------------------
▼ブランド紹介
ems excite (エムズエキサイト）
“more fun more cute”
今をもっと楽しく
もっと可愛くいたい女の子に向けた
girly cuteなブランド
#チュール #チュールスカート #マキシスカート #ガーリーアイテム
▼注意事項
※撮影環境やモニター環境によって実際の商品とお色味が多少異なってみえる場合がございます。
品番：EF656431G001　/ 品名：ボリュームチュールロングスカート"	in stock	999	new	5090 JPY	https://www.retro-girl.jp/item/111394.html	https://img-retro-girl.freetls.fastly.net/retrogirl/image_item/111/111394/11139402_b.jpg	ems excite		https://img-retro-girl.freetls.fastly.net/retrogirl/image_item/111/111394/11139401_b.jpg	スカート > ロング･マキシスカート	チャコールグレー	FREE	ポリエステル100％	adult	female	
EF615521G0021507	EF615521G002	リボンベルト付ベスト - グレー/柄 / FREE	"＜ウエストリボンが目を惹くペプラムベスト＞
▼デザイン
・ふわっと広がるペプラムデザインが女性らしいベスト。
・ウエストリボンでメリハリをつけた着こなしが楽しめます◎
・フロントのボタンがさりげないアクセントに。
・インナー次第で雰囲気を変えられ、ロングシーズン着回せるアイテム♪
▼コーディネート
シンプルなハイネックを合わせれば、ベストを主役にした着こなしに。
ブラウスを入れて華やかなスタイリングもおすすめ！
ボトムはショートパンツ合わせると今年らしく仕上がります。
------------------------------
生地感：普通
伸縮性：なし
透け感：なし
裏地：あり
------------------------------
▼ブランド紹介
ems excite (エムズエキサイト）
“more fun more cute”
今をもっと楽しく
もっと可愛くいたい女の子に向けた
girly cuteなブランド
#テーラード  #ガーリーコーデ #フェミニン #秋コーデ #レイヤード #リボン #ペプラム
▼注意事項
※撮影環境やモニター環境によって実際の商品とお色味が
多少異なってみえる場合がございます。
品番：EF615521G002 / 品名：リボンベルト付ベスト"	in stock	999	new	5280 JPY	https://www.retro-girl.jp/item/111414.html	https://img-retro-girl.freetls.fastly.net/retrogirl/image_item/111/111414/11141402_b.jpg	ems excite		https://img-retro-girl.freetls.fastly.net/retrogirl/image_item/111/111414/11141401_b.jpg	トップス > ベスト	グレー/柄	FREE	表地：ポリエステル100％裏地：ポリエステル100％	adult	female	
EF615521G0020407	EF615521G002	リボンベルト付ベスト - エクリュ / FREE	"＜ウエストリボンが目を惹くペプラムベスト＞
▼デザイン
・ふわっと広がるペプラムデザインが女性らしいベスト。
・ウエストリボンでメリハリをつけた着こなしが楽しめます◎
・フロントのボタンがさりげないアクセントに。
・インナー次第で雰囲気を変えられ、ロングシーズン着回せるアイテム♪
▼コーディネート
シンプルなハイネックを合わせれば、ベストを主役にした着こなしに。
ブラウスを入れて華やかなスタイリングもおすすめ！
ボトムはショートパンツ合わせると今年らしく仕上がります。
------------------------------
生地感：普通
伸縮性：なし
透け感：なし
裏地：あり
------------------------------
▼ブランド紹介
ems excite (エムズエキサイト）
“more fun more cute”
今をもっと楽しく
もっと可愛くいたい女の子に向けた
girly cuteなブランド
#テーラード  #ガーリーコーデ #フェミニン #秋コーデ #レイヤード #リボン #ペプラム
▼注意事項
※撮影環境やモニター環境によって実際の商品とお色味が
多少異なってみえる場合がございます。
品番：EF615521G002 / 品名：リボンベルト付ベスト"	in stock	999	new	5280 JPY	https://www.retro-girl.jp/item/111414.html	https://img-retro-girl.freetls.fastly.net/retrogirl/image_item/111/111414/11141401_b.jpg	ems excite		https://img-retro-girl.freetls.fastly.net/retrogirl/image_item/111/111414/11141402_b.jpg	トップス > ベスト	エクリュ	FREE	表地：ポリエステル100％裏地：ポリエステル100％	adult	female	
RF657112T0010307	RF657112T001	レースドッキングシアーニット - アイボリー / FREE	"＜裾レースが可愛いサマーニットアイテム＞
▼デザイン
・大き目シルエットのゆったりしたニット
・裾や袖口はひげレースがドッキングされていて、レディなワンポイント！
・首回りはVネックですっきり空いていて、涼し気な印象に。
▼コーディネート
シンプルなデザインなので、トップスを選ばないいアイテム。
定番にデニムやスウェットパンツ合わせも、レースが女性らしさを演出◎
▼スタイルアップポイント
骨格ストレートさんの得意なVネックデザイン！
柔らかい素材なので、肌に負けないようなしっかりした素材のボトムがおすすめ！
------------------------------
生地感：薄手
伸縮性：ある
透け感：ある
裏地：なし
-----------------------------
▼ブランド紹介
RETRO GIRL (レトロガール）
自分らしい“ベーシックアイテム”と
新しい自分の”トレンドアイテム”が
見つかる場所
今らしいファッションを楽しむ
女性のためのブランド
#サマーニット #ニット #ロゴニット #スカシ編み #シンプルニット #レース #裾レース
▼注意事項
※撮影環境やモニター環境によって実際の商品とお色味が多少異なってみえる場合がございます。
品番：RF657112T001　/ 品名：レースドッキングシアーNT"	in stock	999	new	3890 JPY	https://www.retro-girl.jp/item/111337.html	https://img-retro-girl.freetls.fastly.net/retrogirl/image_item/111/111337/11133701_b.jpg	RETRO GIRL	2720 JPY	https://img-retro-girl.freetls.fastly.net/retrogirl/image_item/111/111337/11133702_b.jpg,https://img-retro-girl.freetls.fastly.net/retrogirl/image_item/111/111337/11133703_b.jpg	トップス > ニット/セーター	アイボリー	FREE	本体：レーヨン89％ ナイロン11％リブ部分：レーヨン61％ ポリエステル31％ ナイロン8％レース部分：ナイロン100％	adult	female	
RF657112T0011207	RF657112T001	レースドッキングシアーニット - チャコールグレー / FREE	"＜裾レースが可愛いサマーニットアイテム＞
▼デザイン
・大き目シルエットのゆったりしたニット
・裾や袖口はひげレースがドッキングされていて、レディなワンポイント！
・首回りはVネックですっきり空いていて、涼し気な印象に。
▼コーディネート
シンプルなデザインなので、トップスを選ばないいアイテム。
定番にデニムやスウェットパンツ合わせも、レースが女性らしさを演出◎
▼スタイルアップポイント
骨格ストレートさんの得意なVネックデザイン！
柔らかい素材なので、肌に負けないようなしっかりした素材のボトムがおすすめ！
------------------------------
生地感：薄手
伸縮性：ある
透け感：ある
裏地：なし
-----------------------------
▼ブランド紹介
RETRO GIRL (レトロガール）
自分らしい“ベーシックアイテム”と
新しい自分の”トレンドアイテム”が
見つかる場所
今らしいファッションを楽しむ
女性のためのブランド
#サマーニット #ニット #ロゴニット #スカシ編み #シンプルニット #レース #裾レース
▼注意事項
※撮影環境やモニター環境によって実際の商品とお色味が多少異なってみえる場合がございます。
品番：RF657112T001　/ 品名：レースドッキングシアーNT"	in stock	999	new	3890 JPY	https://www.retro-girl.jp/item/111337.html	https://img-retro-girl.freetls.fastly.net/retrogirl/image_item/111/111337/11133702_b.jpg	RETRO GIRL	2720 JPY	https://img-retro-girl.freetls.fastly.net/retrogirl/image_item/111/111337/11133701_b.jpg,https://img-retro-girl.freetls.fastly.net/retrogirl/image_item/111/111337/11133703_b.jpg	トップス > ニット/セーター	チャコールグレー	FREE	本体：レーヨン89％ ナイロン11％リブ部分：レーヨン61％ ポリエステル31％ ナイロン8％レース部分：ナイロン100％	adult	female	
RF657112T0016007	RF657112T001	レースドッキングシアーニット - イエロー / FREE	"＜裾レースが可愛いサマーニットアイテム＞
▼デザイン
・大き目シルエットのゆったりしたニット
・裾や袖口はひげレースがドッキングされていて、レディなワンポイント！
・首回りはVネックですっきり空いていて、涼し気な印象に。
▼コーディネート
シンプルなデザインなので、トップスを選ばないいアイテム。
定番にデニムやスウェットパンツ合わせも、レースが女性らしさを演出◎
▼スタイルアップポイント
骨格ストレートさんの得意なVネックデザイン！
柔らかい素材なので、肌に負けないようなしっかりした素材のボトムがおすすめ！
------------------------------
生地感：薄手
伸縮性：ある
透け感：ある
裏地：なし
-----------------------------
▼ブランド紹介
RETRO GIRL (レトロガール）
自分らしい“ベーシックアイテム”と
新しい自分の”トレンドアイテム”が
見つかる場所
今らしいファッションを楽しむ
女性のためのブランド
#サマーニット #ニット #ロゴニット #スカシ編み #シンプルニット #レース #裾レース
▼注意事項
※撮影環境やモニター環境によって実際の商品とお色味が多少異なってみえる場合がございます。
品番：RF657112T001　/ 品名：レースドッキングシアーNT"	in stock	999	new	3890 JPY	https://www.retro-girl.jp/item/111337.html	https://img-retro-girl.freetls.fastly.net/retrogirl/image_item/111/111337/11133703_b.jpg	RETRO GIRL	2720 JPY	https://img-retro-girl.freetls.fastly.net/retrogirl/image_item/111/111337/11133701_b.jpg,https://img-retro-girl.freetls.fastly.net/retrogirl/image_item/111/111337/11133702_b.jpg	トップス > ニット/セーター	イエロー	FREE	本体：レーヨン89％ ナイロン11％リブ部分：レーヨン61％ ポリエステル31％ ナイロン8％レース部分：ナイロン100％	adult	female	
EE641512C0010407	EE641512C001	タイ付シャギーショートカーデ - エクリュ / FREE	"＜シャギー素材の秋見えニットカーディガン＞
▼デザイン
・毛足の長いモケモケシャギー素材のカーディガン
・同素材のタイがセットになっているので、首回りも華やかに
・秋先取りの暖か素材ではありますが、半袖なので今から着て頂けます。
・フロント部分のボタンで着脱できるので、羽織スタイルもおすすめです。
▼コーディネート
ニット自体はシンプルなデザインなので、ボトムはなんでも合わせやすいアイテムです。
デニムやフレアスカート、プリーツスカートと幅広くコーディネートに取り入れてみてください♪
------------------------------
生地感：普通
伸縮性：ある
透け感：なし
裏地：なし
------------------------------
▼ブランド紹介
ems excite (エムズエキサイト）
“more fun more cute”
今をもっと楽しく
もっと可愛くいたい女の子に向けた
girly cuteなブランド
#ニット #シャギーニット #モケモケアイテム #秋コーデ
▼注意事項
※撮影環境やモニター環境によって実際の商品とお色味が多少異なってみえる場合がございます。
品番：EE641512C001　/ 品名：タイ付シャギーショートカーデ"	in stock	999	new	4390 JPY	https://www.retro-girl.jp/item/111358.html	https://img-retro-girl.freetls.fastly.net/retrogirl/image_item/111/111358/11135801_b.jpg	ems excite		https://img-retro-girl.freetls.fastly.net/retrogirl/image_item/111/111358/11135802_b.jpg,https://img-retro-girl.freetls.fastly.net/retrogirl/image_item/111/111358/11135803_b.jpg	トップス > カーディガン/ボレロ	エクリュ	FREE	ポリエステル：100％	adult	female	
EE641512C0011007	EE641512C001	タイ付シャギーショートカーデ - ライトグレー / FREE	"＜シャギー素材の秋見えニットカーディガン＞
▼デザイン
・毛足の長いモケモケシャギー素材のカーディガン
・同素材のタイがセットになっているので、首回りも華やかに
・秋先取りの暖か素材ではありますが、半袖なので今から着て頂けます。
・フロント部分のボタンで着脱できるので、羽織スタイルもおすすめです。
▼コーディネート
ニット自体はシンプルなデザインなので、ボトムはなんでも合わせやすいアイテムです。
デニムやフレアスカート、プリーツスカートと幅広くコーディネートに取り入れてみてください♪
------------------------------
生地感：普通
伸縮性：ある
透け感：なし
裏地：なし
------------------------------
▼ブランド紹介
ems excite (エムズエキサイト）
“more fun more cute”
今をもっと楽しく
もっと可愛くいたい女の子に向けた
girly cuteなブランド
#ニット #シャギーニット #モケモケアイテム #秋コーデ
▼注意事項
※撮影環境やモニター環境によって実際の商品とお色味が多少異なってみえる場合がございます。
品番：EE641512C001　/ 品名：タイ付シャギーショートカーデ"	in stock	999	new	4390 JPY	https://www.retro-girl.jp/item/111358.html	https://img-retro-girl.freetls.fastly.net/retrogirl/image_item/111/111358/11135802_b.jpg	ems excite		https://img-retro-girl.freetls.fastly.net/retrogirl/image_item/111/111358/11135801_b.jpg,https://img-retro-girl.freetls.fastly.net/retrogirl/image_item/111/111358/11135803_b.jpg	トップス > カーディガン/ボレロ	ライトグレー	FREE	ポリエステル：100％	adult	female	
EE641512C0012007	EE641512C001	タイ付シャギーショートカーデ - ピンク / FREE	"＜シャギー素材の秋見えニットカーディガン＞
▼デザイン
・毛足の長いモケモケシャギー素材のカーディガン
・同素材のタイがセットになっているので、首回りも華やかに
・秋先取りの暖か素材ではありますが、半袖なので今から着て頂けます。
・フロント部分のボタンで着脱できるので、羽織スタイルもおすすめです。
▼コーディネート
ニット自体はシンプルなデザインなので、ボトムはなんでも合わせやすいアイテムです。
デニムやフレアスカート、プリーツスカートと幅広くコーディネートに取り入れてみてください♪
------------------------------
生地感：普通
伸縮性：ある
透け感：なし
裏地：なし
------------------------------
▼ブランド紹介
ems excite (エムズエキサイト）
“more fun more cute”
今をもっと楽しく
もっと可愛くいたい女の子に向けた
girly cuteなブランド
#ニット #シャギーニット #モケモケアイテム #秋コーデ
▼注意事項
※撮影環境やモニター環境によって実際の商品とお色味が多少異なってみえる場合がございます。
品番：EE641512C001　/ 品名：タイ付シャギーショートカーデ"	in stock	999	new	4390 JPY	https://www.retro-girl.jp/item/111358.html	https://img-retro-girl.freetls.fastly.net/retrogirl/image_item/111/111358/11135803_b.jpg	ems excite		https://img-retro-girl.freetls.fastly.net/retrogirl/image_item/111/111358/11135801_b.jpg,https://img-retro-girl.freetls.fastly.net/retrogirl/image_item/111/111358/11135802_b.jpg	トップス > カーディガン/ボレロ	ピンク	FREE	ポリエステル：100％	adult	female	
EF656131G0010907	EF656131G001	スエードティアードミニスカート - ブラック / FREE	"＜レースとスエードがマッチの異素材使いでシーズンを先取るミニスカート＞
▼デザイン
・夏に大人気を頂いたティアードスカート
・インナーパンツがついているから安心◎
・レースとスウェードがミックスされた異素材で秋らしい見え感に。
・ウエストは後がゴムで伸縮性あり！
▼コーディネート
ボリューム感のあるスカートなので、トップスはシンプルにカットソーで合わせても可愛い！
あえてカジュアルなトップスと合わせてもY2Kっぽいスタイリングが完成します。
------------------------------
生地感：普通
伸縮性：なし
透け感：なし
インパン：あり
------------------------------
▼ブランド紹介
ems excite (エムズエキサイト）
“more fun more cute”
今をもっと楽しく
もっと可愛くいたい女の子に向けた
girly cuteなブランド
#スエード #ミニスカート #ティアードカート #ガーリーアイテム #レーススカート
▼注意事項
※撮影環境やモニター環境によって実際の商品とお色味が多少異なってみえる場合がございます。
※サイズはサンプル品を基に採寸しております。
実際の商品とは若干の誤差が生じる場合がございますので、あらかじめご了承ください。
品番：EF656131G001 / 品名：スエードティアードミニスカート"	in stock	999	new	4390 JPY	https://www.retro-girl.jp/item/111287.html	https://img-retro-girl.freetls.fastly.net/retrogirl/image_item/111/111287/11128702_b.jpg	ems excite		https://img-retro-girl.freetls.fastly.net/retrogirl/image_item/111/111287/11128701_b.jpg,https://img-retro-girl.freetls.fastly.net/retrogirl/image_item/111/111287/11128703_b.jpg	スカート > ミニスカート	ブラック	FREE		adult	female	
EF656131G0010407	EF656131G001	スエードティアードミニスカート - エクリュ / FREE	"＜レースとスエードがマッチの異素材使いでシーズンを先取るミニスカート＞
▼デザイン
・夏に大人気を頂いたティアードスカート
・インナーパンツがついているから安心◎
・レースとスウェードがミックスされた異素材で秋らしい見え感に。
・ウエストは後がゴムで伸縮性あり！
▼コーディネート
ボリューム感のあるスカートなので、トップスはシンプルにカットソーで合わせても可愛い！
あえてカジュアルなトップスと合わせてもY2Kっぽいスタイリングが完成します。
------------------------------
生地感：普通
伸縮性：なし
透け感：なし
インパン：あり
------------------------------
▼ブランド紹介
ems excite (エムズエキサイト）
“more fun more cute”
今をもっと楽しく
もっと可愛くいたい女の子に向けた
girly cuteなブランド
#スエード #ミニスカート #ティアードカート #ガーリーアイテム #レーススカート
▼注意事項
※撮影環境やモニター環境によって実際の商品とお色味が多少異なってみえる場合がございます。
※サイズはサンプル品を基に採寸しております。
実際の商品とは若干の誤差が生じる場合がございますので、あらかじめご了承ください。
品番：EF656131G001 / 品名：スエードティアードミニスカート"	in stock	999	new	4390 JPY	https://www.retro-girl.jp/item/111287.html	https://img-retro-girl.freetls.fastly.net/retrogirl/image_item/111/111287/11128701_b.jpg	ems excite		https://img-retro-girl.freetls.fastly.net/retrogirl/image_item/111/111287/11128702_b.jpg,https://img-retro-girl.freetls.fastly.net/retrogirl/image_item/111/111287/11128703_b.jpg	スカート > ミニスカート	エクリュ	FREE		adult	female	
EF656131G0015207	EF656131G001	スエードティアードミニスカート - ダークブラウン / FREE	"＜レースとスエードがマッチの異素材使いでシーズンを先取るミニスカート＞
▼デザイン
・夏に大人気を頂いたティアードスカート
・インナーパンツがついているから安心◎
・レースとスウェードがミックスされた異素材で秋らしい見え感に。
・ウエストは後がゴムで伸縮性あり！
▼コーディネート
ボリューム感のあるスカートなので、トップスはシンプルにカットソーで合わせても可愛い！
あえてカジュアルなトップスと合わせてもY2Kっぽいスタイリングが完成します。
------------------------------
生地感：普通
伸縮性：なし
透け感：なし
インパン：あり
------------------------------
▼ブランド紹介
ems excite (エムズエキサイト）
“more fun more cute”
今をもっと楽しく
もっと可愛くいたい女の子に向けた
girly cuteなブランド
#スエード #ミニスカート #ティアードカート #ガーリーアイテム #レーススカート
▼注意事項
※撮影環境やモニター環境によって実際の商品とお色味が多少異なってみえる場合がございます。
※サイズはサンプル品を基に採寸しております。
実際の商品とは若干の誤差が生じる場合がございますので、あらかじめご了承ください。
品番：EF656131G001 / 品名：スエードティアードミニスカート"	in stock	999	new	4390 JPY	https://www.retro-girl.jp/item/111287.html	https://img-retro-girl.freetls.fastly.net/retrogirl/image_item/111/111287/11128703_b.jpg	ems excite		https://img-retro-girl.freetls.fastly.net/retrogirl/image_item/111/111287/11128702_b.jpg,https://img-retro-girl.freetls.fastly.net/retrogirl/image_item/111/111287/11128701_b.jpg	スカート > ミニスカート	ダークブラウン	FREE		adult	female	
EF657111G0070407	EF657111G007	キラキラタートルインナー - エクリュ / FREE	"＜インナー使いに最適な定番カットソー＞
▼デザイン
・定番で使える秋のインナーカットソー！
・ハイネックになっていて、首元のメロウデザインがかわいいアクセントに。
・フロント部分もシンプルで、コーデを選ばず取り入れられる！
・袖丈は長く、シャーリングデザインが施されていて、手元も可愛くこだわった1枚です。
▼コーディネート
ビスチェや、キャミワンピースのインナーとしてセレクトするのがオススメ！
ジャケットやカーディガンのインナーに合わせても可愛い秋コーデになります！
------------------------------
生地感：普通
伸縮性：ある
透け感：なし
裏地：なし
------------------------------
▼ブランド紹介
ems excite (エムズエキサイト）
“more fun more cute”
今をもっと楽しく
もっと可愛くいたい女の子に向けた
girly cuteなブランド
#カットソー #インナー #シャーリング #キラキラ #ガーリー #シンプル #ハイネック
▼注意事項
※撮影環境やモニター環境によって実際の商品とお色味が
多少異なってみえる場合がございます。
品番：EF657111G007　/ 品名：キラキラタートルインナー"	in stock	999	new	3290 JPY	https://www.retro-girl.jp/item/111341.html	https://img-retro-girl.freetls.fastly.net/retrogirl/image_item/111/111341/11134101_b.jpg	ems excite		https://img-retro-girl.freetls.fastly.net/retrogirl/image_item/111/111341/11134102_b.jpg,https://img-retro-girl.freetls.fastly.net/retrogirl/image_item/111/111341/11134103_b.jpg	トップス > Tシャツ/カットソー	エクリュ	FREE		adult	female	
EF657111G0070907	EF657111G007	キラキラタートルインナー - ブラック / FREE	"＜インナー使いに最適な定番カットソー＞
▼デザイン
・定番で使える秋のインナーカットソー！
・ハイネックになっていて、首元のメロウデザインがかわいいアクセントに。
・フロント部分もシンプルで、コーデを選ばず取り入れられる！
・袖丈は長く、シャーリングデザインが施されていて、手元も可愛くこだわった1枚です。
▼コーディネート
ビスチェや、キャミワンピースのインナーとしてセレクトするのがオススメ！
ジャケットやカーディガンのインナーに合わせても可愛い秋コーデになります！
------------------------------
生地感：普通
伸縮性：ある
透け感：なし
裏地：なし
------------------------------
▼ブランド紹介
ems excite (エムズエキサイト）
“more fun more cute”
今をもっと楽しく
もっと可愛くいたい女の子に向けた
girly cuteなブランド
#カットソー #インナー #シャーリング #キラキラ #ガーリー #シンプル #ハイネック
▼注意事項
※撮影環境やモニター環境によって実際の商品とお色味が
多少異なってみえる場合がございます。
品番：EF657111G007　/ 品名：キラキラタートルインナー"	in stock	999	new	3290 JPY	https://www.retro-girl.jp/item/111341.html	https://img-retro-girl.freetls.fastly.net/retrogirl/image_item/111/111341/11134102_b.jpg	ems excite		https://img-retro-girl.freetls.fastly.net/retrogirl/image_item/111/111341/11134101_b.jpg,https://img-retro-girl.freetls.fastly.net/retrogirl/image_item/111/111341/11134103_b.jpg	トップス > Tシャツ/カットソー	ブラック	FREE		adult	female	
EF657111G0071107	EF657111G007	キラキラタートルインナー - ダークグレー / FREE	"＜インナー使いに最適な定番カットソー＞
▼デザイン
・定番で使える秋のインナーカットソー！
・ハイネックになっていて、首元のメロウデザインがかわいいアクセントに。
・フロント部分もシンプルで、コーデを選ばず取り入れられる！
・袖丈は長く、シャーリングデザインが施されていて、手元も可愛くこだわった1枚です。
▼コーディネート
ビスチェや、キャミワンピースのインナーとしてセレクトするのがオススメ！
ジャケットやカーディガンのインナーに合わせても可愛い秋コーデになります！
------------------------------
生地感：普通
伸縮性：ある
透け感：なし
裏地：なし
------------------------------
▼ブランド紹介
ems excite (エムズエキサイト）
“more fun more cute”
今をもっと楽しく
もっと可愛くいたい女の子に向けた
girly cuteなブランド
#カットソー #インナー #シャーリング #キラキラ #ガーリー #シンプル #ハイネック
▼注意事項
※撮影環境やモニター環境によって実際の商品とお色味が
多少異なってみえる場合がございます。
品番：EF657111G007　/ 品名：キラキラタートルインナー"	in stock	999	new	3290 JPY	https://www.retro-girl.jp/item/111341.html	https://img-retro-girl.freetls.fastly.net/retrogirl/image_item/111/111341/11134103_b.jpg	ems excite		https://img-retro-girl.freetls.fastly.net/retrogirl/image_item/111/111341/11134101_b.jpg,https://img-retro-girl.freetls.fastly.net/retrogirl/image_item/111/111341/11134102_b.jpg	トップス > Tシャツ/カットソー	ダークグレー	FREE		adult	female	
RL645943B0014300	RL645943B001	【トイストーリー】ショルダーBAG - マルチA / ONE SIZE	"〈TOY STORY COLLECTION〉
▼デザイン
大ヒット上映中！『トイ・ストーリー』のアイテムが登場！
コンパクトでも持ち歩きやすいショルダーバッグ！
お気に入りのキャラクターと一緒なら、いつものお出かけももっと楽しく
ウエスタンなデザインで秋コーデにピッタリです♪
▼ブランド紹介
RETRO GIRL (レトロガール）
自分らしい“ベーシックアイテム”と
新しい自分の”トレンドアイテム”が
見つかる場所
今らしいファッションを楽しむ
女性のためのブランド
#ショルダーバッグ #アニマル柄バッグ #ミニバッグ #コラボバッグ #秋アイテム
▼注意事項
※撮影環境やモニター環境によって実際の商品とお色味が
多少異なってみえる場合がございます。
品番：RL645943B001　/ 品名：【トイストーリー】ショルダーBAG"	in stock	999	new	4490 JPY	https://www.retro-girl.jp/item/111277.html	https://img-retro-girl.freetls.fastly.net/retrogirl/image_item/111/111277/11127701_b.jpg	RETRO GIRL		https://img-retro-girl.freetls.fastly.net/retrogirl/image_item/111/111277/11127702_b.jpg	バッグ > ショルダーバッグ	マルチA	ONE SIZE	合成皮革	adult	female	
RL645943B0014400	RL645943B001	【トイストーリー】ショルダーBAG - マルチB / ONE SIZE	"〈TOY STORY COLLECTION〉
▼デザイン
大ヒット上映中！『トイ・ストーリー』のアイテムが登場！
コンパクトでも持ち歩きやすいショルダーバッグ！
お気に入りのキャラクターと一緒なら、いつものお出かけももっと楽しく
ウエスタンなデザインで秋コーデにピッタリです♪
▼ブランド紹介
RETRO GIRL (レトロガール）
自分らしい“ベーシックアイテム”と
新しい自分の”トレンドアイテム”が
見つかる場所
今らしいファッションを楽しむ
女性のためのブランド
#ショルダーバッグ #アニマル柄バッグ #ミニバッグ #コラボバッグ #秋アイテム
▼注意事項
※撮影環境やモニター環境によって実際の商品とお色味が
多少異なってみえる場合がございます。
品番：RL645943B001　/ 品名：【トイストーリー】ショルダーBAG"	in stock	999	new	4490 JPY	https://www.retro-girl.jp/item/111277.html	https://img-retro-girl.freetls.fastly.net/retrogirl/image_item/111/111277/11127702_b.jpg	RETRO GIRL		https://img-retro-girl.freetls.fastly.net/retrogirl/image_item/111/111277/11127701_b.jpg	バッグ > ショルダーバッグ	マルチB	ONE SIZE	合成皮革	adult	female	
EL656411C0031007	EL656411C003	【セットアイテム】BIGリボンボレロSET - ライトグレー / FREE	"〈１枚で可愛いレイヤードスタイルが完成するセットトップス〉
▼デザイン
・繊細なレースを使用したボレロとキャミソールのセットアイテム。
・透け感のあるレースとフロントリボンがフェミニンな印象をプラス。
・キャミソールは裾に向かってふんわり広がるペプラムシルエットが女性らしさを引き立てます。
・セットではもちろん、それぞれ単品使いもできる着回し力抜群のアイテムです。
▼コーディネート
セットで着るだけでレイヤードスタイルが完成し、デニムからミニボトムまで幅広くマッチ。
すっきりとしたパンツを合わせればペプラムシルエットがより際立つスタイリングに◎
ボレロだけをワンピースに重ねたり、キャミソールに羽織りを合わせたりとロングシーズン着回せます。
------------------------------
生地感：普通
伸縮性：あり
透け感：キャミソール：なし  ボレロ：あり
裏地：なし
------------------------------
▼ブランド紹介
ems excite (エムズエキサイト）
“more fun more cute”
今をもっと楽しく
もっと可愛くいたい女の子に向けた
girly cuteなブランド
#ビスチェ #デニム #マリン #ガーリー #ガーリーアイテム #セットアップ #セットアップコーデ
▼注意事項
※撮影環境やモニター環境によって実際の商品とお色味が
多少異なってみえる場合がございます。
品番：EL656411C003　/ 品名：BIGリボンボレロSET"	in stock	999	new	4890 JPY	https://www.retro-girl.jp/item/111296.html	https://img-retro-girl.freetls.fastly.net/retrogirl/image_item/111/111296/11129601_b.jpg	ems excite	3990 JPY	https://img-retro-girl.freetls.fastly.net/retrogirl/image_item/111/111296/11129602_b.jpg,https://img-retro-girl.freetls.fastly.net/retrogirl/image_item/111/111296/11129603_b.jpg	トップス > アンサンブル	ライトグレー	FREE		adult	female	
EL656411C0035407	EL656411C003	【セットアイテム】BIGリボンボレロSET - ベージュ / FREE	"〈１枚で可愛いレイヤードスタイルが完成するセットトップス〉
▼デザイン
・繊細なレースを使用したボレロとキャミソールのセットアイテム。
・透け感のあるレースとフロントリボンがフェミニンな印象をプラス。
・キャミソールは裾に向かってふんわり広がるペプラムシルエットが女性らしさを引き立てます。
・セットではもちろん、それぞれ単品使いもできる着回し力抜群のアイテムです。
▼コーディネート
セットで着るだけでレイヤードスタイルが完成し、デニムからミニボトムまで幅広くマッチ。
すっきりとしたパンツを合わせればペプラムシルエットがより際立つスタイリングに◎
ボレロだけをワンピースに重ねたり、キャミソールに羽織りを合わせたりとロングシーズン着回せます。
------------------------------
生地感：普通
伸縮性：あり
透け感：キャミソール：なし  ボレロ：あり
裏地：なし
------------------------------
▼ブランド紹介
ems excite (エムズエキサイト）
“more fun more cute”
今をもっと楽しく
もっと可愛くいたい女の子に向けた
girly cuteなブランド
#ビスチェ #デニム #マリン #ガーリー #ガーリーアイテム #セットアップ #セットアップコーデ
▼注意事項
※撮影環境やモニター環境によって実際の商品とお色味が
多少異なってみえる場合がございます。
品番：EL656411C003　/ 品名：BIGリボンボレロSET"	in stock	999	new	4890 JPY	https://www.retro-girl.jp/item/111296.html	https://img-retro-girl.freetls.fastly.net/retrogirl/image_item/111/111296/11129602_b.jpg	ems excite	3990 JPY	https://img-retro-girl.freetls.fastly.net/retrogirl/image_item/111/111296/11129601_b.jpg,https://img-retro-girl.freetls.fastly.net/retrogirl/image_item/111/111296/11129603_b.jpg	トップス > アンサンブル	ベージュ	FREE		adult	female	
EL656411C0038207	EL656411C003	【セットアイテム】BIGリボンボレロSET - ダークブルー / FREE	"〈１枚で可愛いレイヤードスタイルが完成するセットトップス〉
▼デザイン
・繊細なレースを使用したボレロとキャミソールのセットアイテム。
・透け感のあるレースとフロントリボンがフェミニンな印象をプラス。
・キャミソールは裾に向かってふんわり広がるペプラムシルエットが女性らしさを引き立てます。
・セットではもちろん、それぞれ単品使いもできる着回し力抜群のアイテムです。
▼コーディネート
セットで着るだけでレイヤードスタイルが完成し、デニムからミニボトムまで幅広くマッチ。
すっきりとしたパンツを合わせればペプラムシルエットがより際立つスタイリングに◎
ボレロだけをワンピースに重ねたり、キャミソールに羽織りを合わせたりとロングシーズン着回せます。
------------------------------
生地感：普通
伸縮性：あり
透け感：キャミソール：なし  ボレロ：あり
裏地：なし
------------------------------
▼ブランド紹介
ems excite (エムズエキサイト）
“more fun more cute”
今をもっと楽しく
もっと可愛くいたい女の子に向けた
girly cuteなブランド
#ビスチェ #デニム #マリン #ガーリー #ガーリーアイテム #セットアップ #セットアップコーデ
▼注意事項
※撮影環境やモニター環境によって実際の商品とお色味が
多少異なってみえる場合がございます。
品番：EL656411C003　/ 品名：BIGリボンボレロSET"	in stock	999	new	4890 JPY	https://www.retro-girl.jp/item/111296.html	https://img-retro-girl.freetls.fastly.net/retrogirl/image_item/111/111296/11129603_b.jpg	ems excite	3990 JPY	https://img-retro-girl.freetls.fastly.net/retrogirl/image_item/111/111296/11129601_b.jpg,https://img-retro-girl.freetls.fastly.net/retrogirl/image_item/111/111296/11129602_b.jpg	トップス > アンサンブル	ダークブルー	FREE		adult	female	
RF641531T0010407	RF641531T001	裾レースサテンスカート - エクリュ / FREE	"＜サテン素材の上品なロングスカート＞
▼デザイン
・大人可愛いコーデにおすすめなミディ丈スカート
・裾にレースがデザインされていて、女性らしいワンポイント！
・今年トレンドのサテン素材が採用されていて、上品な印象に。
・後ろにはバックスリットデザインが施されていて、タイトながら歩きやすい◎
▼コーディネート
どんなトップスとも合わせていただける定番アイテム
ドット柄は今年のトレンドで、コーデを華やかに仕上げてくれます。
------------------------------
生地感：やや薄手
伸縮性：なし
透け感：なし
裏地：ある
------------------------------
▼ブランド紹介
RETRO GIRL (レトロガール）
自分らしい“ベーシックアイテム”と
新しい自分の”トレンドアイテム”が
見つかる場所
今らしいファッションを楽しむ
女性のためのブランド
#秋アイテム #秋コーデ #サテンスカート #スカート #スカートコーデ #レースカート
▼注意事項
※撮影環境やモニター環境によって実際の商品とお色味が
多少異なってみえる場合がございます。
品番：RF641531T001　/ 品名：裾レースサテンスカート"	in stock	999	new	3990 JPY	https://www.retro-girl.jp/item/111270.html	https://img-retro-girl.freetls.fastly.net/retrogirl/image_item/111/111270/11127001_b.jpg	RETRO GIRL		https://img-retro-girl.freetls.fastly.net/retrogirl/image_item/111/111270/11127002_b.jpg,https://img-retro-girl.freetls.fastly.net/retrogirl/image_item/111/111270/11127003_b.jpg	スカート > ロング･マキシスカート	エクリュ	FREE	表地・裏地：ポリエステル100％レース部分：ナイロン100％	adult	female	
RF641531T0010607	RF641531T001	裾レースサテンスカート - ホワイト/柄 / FREE	"＜サテン素材の上品なロングスカート＞
▼デザイン
・大人可愛いコーデにおすすめなミディ丈スカート
・裾にレースがデザインされていて、女性らしいワンポイント！
・今年トレンドのサテン素材が採用されていて、上品な印象に。
・後ろにはバックスリットデザインが施されていて、タイトながら歩きやすい◎
▼コーディネート
どんなトップスとも合わせていただける定番アイテム
ドット柄は今年のトレンドで、コーデを華やかに仕上げてくれます。
------------------------------
生地感：やや薄手
伸縮性：なし
透け感：なし
裏地：ある
------------------------------
▼ブランド紹介
RETRO GIRL (レトロガール）
自分らしい“ベーシックアイテム”と
新しい自分の”トレンドアイテム”が
見つかる場所
今らしいファッションを楽しむ
女性のためのブランド
#秋アイテム #秋コーデ #サテンスカート #スカート #スカートコーデ #レースカート
▼注意事項
※撮影環境やモニター環境によって実際の商品とお色味が
多少異なってみえる場合がございます。
品番：RF641531T001　/ 品名：裾レースサテンスカート"	in stock	999	new	3990 JPY	https://www.retro-girl.jp/item/111270.html	https://img-retro-girl.freetls.fastly.net/retrogirl/image_item/111/111270/11127002_b.jpg	RETRO GIRL		https://img-retro-girl.freetls.fastly.net/retrogirl/image_item/111/111270/11127001_b.jpg,https://img-retro-girl.freetls.fastly.net/retrogirl/image_item/111/111270/11127003_b.jpg	スカート > ロング･マキシスカート	ホワイト/柄	FREE	表地・裏地：ポリエステル100％レース部分：ナイロン100％	adult	female	
RF641531T0010907	RF641531T001	裾レースサテンスカート - ブラック / FREE	"＜サテン素材の上品なロングスカート＞
▼デザイン
・大人可愛いコーデにおすすめなミディ丈スカート
・裾にレースがデザインされていて、女性らしいワンポイント！
・今年トレンドのサテン素材が採用されていて、上品な印象に。
・後ろにはバックスリットデザインが施されていて、タイトながら歩きやすい◎
▼コーディネート
どんなトップスとも合わせていただける定番アイテム
ドット柄は今年のトレンドで、コーデを華やかに仕上げてくれます。
------------------------------
生地感：やや薄手
伸縮性：なし
透け感：なし
裏地：ある
------------------------------
▼ブランド紹介
RETRO GIRL (レトロガール）
自分らしい“ベーシックアイテム”と
新しい自分の”トレンドアイテム”が
見つかる場所
今らしいファッションを楽しむ
女性のためのブランド
#秋アイテム #秋コーデ #サテンスカート #スカート #スカートコーデ #レースカート
▼注意事項
※撮影環境やモニター環境によって実際の商品とお色味が
多少異なってみえる場合がございます。
品番：RF641531T001　/ 品名：裾レースサテンスカート"	in stock	999	new	3990 JPY	https://www.retro-girl.jp/item/111270.html	https://img-retro-girl.freetls.fastly.net/retrogirl/image_item/111/111270/11127003_b.jpg	RETRO GIRL		https://img-retro-girl.freetls.fastly.net/retrogirl/image_item/111/111270/11127001_b.jpg,https://img-retro-girl.freetls.fastly.net/retrogirl/image_item/111/111270/11127002_b.jpg	スカート > ロング･マキシスカート	ブラック	FREE	表地・裏地：ポリエステル100％レース部分：ナイロン100％	adult	female	
RW656921B0010307	RW656921B001	中綿ジャケット - アイボリー / FREE	"＜ボリュームたっぷりで暖かい定番の中綿ジャケット＞
▼デザイン
・ボリューム感のある中綿が可愛いジャケット！
・高めの襟で首回りもしっかり暖かい◎
・ポケットもしっかりついていて、防寒力も確保！
・最も定番で使いやすいダウンタイプのアウターアイテム♪
▼コーディネート
ショート丈なので、ハイウエストのボトムを合わせてもディテールをしっかり見せてくれます。
無地でベーシックなデザインなので、コーデを選ばないアウターで日々の定番使いに大活躍です！
-----------------------------
生地感：厚手
伸縮性：なし
透け感：なし
裏地：なし
------------------------------
▼ブランド紹介
RETRO GIRL (レトロガール）
自分らしい“ベーシックアイテム”と
新しい自分の”トレンドアイテム”が
見つかる場所
今らしいファッションを楽しむ
女性のためのブランド
#ジャケット #ダウン #中綿 #アウター #定番アイテム
▼注意事項
※撮影環境やモニター環境によって実際の商品とお色味が
多少異なってみえる場合がございます。
※サイズはサンプル品を基に採寸しております。
実際の商品とは若干の誤差が生じる場合がございますので、あらかじめご了承ください。
品番：RW656921B001 / 品名：中綿ジャケット"	in stock	999	new	5990 JPY	https://www.retro-girl.jp/item/111339.html	https://img-retro-girl.freetls.fastly.net/retrogirl/image_item/111/111339/11133901_b.jpg	RETRO GIRL		https://img-retro-girl.freetls.fastly.net/retrogirl/image_item/111/111339/11133902_b.jpg,https://img-retro-girl.freetls.fastly.net/retrogirl/image_item/111/111339/11133903_b.jpg	ジャケット/アウター > その他アウター	アイボリー	FREE		adult	female	
RW656921B0010907	RW656921B001	中綿ジャケット - ブラック / FREE	"＜ボリュームたっぷりで暖かい定番の中綿ジャケット＞
▼デザイン
・ボリューム感のある中綿が可愛いジャケット！
・高めの襟で首回りもしっかり暖かい◎
・ポケットもしっかりついていて、防寒力も確保！
・最も定番で使いやすいダウンタイプのアウターアイテム♪
▼コーディネート
ショート丈なので、ハイウエストのボトムを合わせてもディテールをしっかり見せてくれます。
無地でベーシックなデザインなので、コーデを選ばないアウターで日々の定番使いに大活躍です！
-----------------------------
生地感：厚手
伸縮性：なし
透け感：なし
裏地：なし
------------------------------
▼ブランド紹介
RETRO GIRL (レトロガール）
自分らしい“ベーシックアイテム”と
新しい自分の”トレンドアイテム”が
見つかる場所
今らしいファッションを楽しむ
女性のためのブランド
#ジャケット #ダウン #中綿 #アウター #定番アイテム
▼注意事項
※撮影環境やモニター環境によって実際の商品とお色味が
多少異なってみえる場合がございます。
※サイズはサンプル品を基に採寸しております。
実際の商品とは若干の誤差が生じる場合がございますので、あらかじめご了承ください。
品番：RW656921B001 / 品名：中綿ジャケット"	in stock	999	new	5990 JPY	https://www.retro-girl.jp/item/111339.html	https://img-retro-girl.freetls.fastly.net/retrogirl/image_item/111/111339/11133902_b.jpg	RETRO GIRL		https://img-retro-girl.freetls.fastly.net/retrogirl/image_item/111/111339/11133901_b.jpg,https://img-retro-girl.freetls.fastly.net/retrogirl/image_item/111/111339/11133903_b.jpg	ジャケット/アウター > その他アウター	ブラック	FREE		adult	female	
RW656921B0015007	RW656921B001	中綿ジャケット - ブラウン / FREE	"＜ボリュームたっぷりで暖かい定番の中綿ジャケット＞
▼デザイン
・ボリューム感のある中綿が可愛いジャケット！
・高めの襟で首回りもしっかり暖かい◎
・ポケットもしっかりついていて、防寒力も確保！
・最も定番で使いやすいダウンタイプのアウターアイテム♪
▼コーディネート
ショート丈なので、ハイウエストのボトムを合わせてもディテールをしっかり見せてくれます。
無地でベーシックなデザインなので、コーデを選ばないアウターで日々の定番使いに大活躍です！
-----------------------------
生地感：厚手
伸縮性：なし
透け感：なし
裏地：なし
------------------------------
▼ブランド紹介
RETRO GIRL (レトロガール）
自分らしい“ベーシックアイテム”と
新しい自分の”トレンドアイテム”が
見つかる場所
今らしいファッションを楽しむ
女性のためのブランド
#ジャケット #ダウン #中綿 #アウター #定番アイテム
▼注意事項
※撮影環境やモニター環境によって実際の商品とお色味が
多少異なってみえる場合がございます。
※サイズはサンプル品を基に採寸しております。
実際の商品とは若干の誤差が生じる場合がございますので、あらかじめご了承ください。
品番：RW656921B001 / 品名：中綿ジャケット"	in stock	999	new	5990 JPY	https://www.retro-girl.jp/item/111339.html	https://img-retro-girl.freetls.fastly.net/retrogirl/image_item/111/111339/11133903_b.jpg	RETRO GIRL		https://img-retro-girl.freetls.fastly.net/retrogirl/image_item/111/111339/11133901_b.jpg,https://img-retro-girl.freetls.fastly.net/retrogirl/image_item/111/111339/11133902_b.jpg	ジャケット/アウター > その他アウター	ブラウン	FREE		adult	female	
EF641512G0035407	EF641512G003	シャツドッキング風ニット - ベージュ / FREE	"＜1枚でレイヤードスタイルが完成するドッキングニット＞
▼デザイン
・シャツを重ね着したようなデザインが目を惹くドッキングニット。
・襟元から覗くシャツが顔まわりをすっきりとした印象に。
・程よくコンパクトな丈感でボトムを選ばず着回せます◎
・1枚でコーデが決まるので、デイリーにも取り入れやすいアイテム♪
▼コーディネート
ミニスカートを合わせれば、コンパクトな丈感を活かしたバランスの良い着こなしに♪
デニムでカジュアルに仕上げるのもおすすめです。
------------------------------
生地感：普通
伸縮性：あり
透け感：なし
裏地：なし
------------------------------
▼ブランド紹介
ems excite (エムズエキサイト）
“more fun more cute”
今をもっと楽しく
もっと可愛くいたい女の子に向けた
girly cuteなブランド
#ドッキング #ニット #ガーリーコーデ #秋ニット #秋コーデ #フェミニンコーデ
▼注意事項
※撮影環境やモニター環境によって実際の商品とお色味が
多少異なってみえる場合がございます。
品番：EF641512G003 / 品名：シャツドッキング風ニット"	in stock	999	new	4390 JPY	https://www.retro-girl.jp/item/111409.html	https://img-retro-girl.freetls.fastly.net/retrogirl/image_item/111/111409/11140903_b.jpg	ems excite		https://img-retro-girl.freetls.fastly.net/retrogirl/image_item/111/111409/11140901_b.jpg,https://img-retro-girl.freetls.fastly.net/retrogirl/image_item/111/111409/11140902_b.jpg	トップス > ニット/セーター	ベージュ	FREE	本体：ポリエステル100％別布部分：ポリエステル100％	adult	female	
EF641512G0030907	EF641512G003	シャツドッキング風ニット - ブラック / FREE	"＜1枚でレイヤードスタイルが完成するドッキングニット＞
▼デザイン
・シャツを重ね着したようなデザインが目を惹くドッキングニット。
・襟元から覗くシャツが顔まわりをすっきりとした印象に。
・程よくコンパクトな丈感でボトムを選ばず着回せます◎
・1枚でコーデが決まるので、デイリーにも取り入れやすいアイテム♪
▼コーディネート
ミニスカートを合わせれば、コンパクトな丈感を活かしたバランスの良い着こなしに♪
デニムでカジュアルに仕上げるのもおすすめです。
------------------------------
生地感：普通
伸縮性：あり
透け感：なし
裏地：なし
------------------------------
▼ブランド紹介
ems excite (エムズエキサイト）
“more fun more cute”
今をもっと楽しく
もっと可愛くいたい女の子に向けた
girly cuteなブランド
#ドッキング #ニット #ガーリーコーデ #秋ニット #秋コーデ #フェミニンコーデ
▼注意事項
※撮影環境やモニター環境によって実際の商品とお色味が
多少異なってみえる場合がございます。
品番：EF641512G003 / 品名：シャツドッキング風ニット"	in stock	999	new	4390 JPY	https://www.retro-girl.jp/item/111409.html	https://img-retro-girl.freetls.fastly.net/retrogirl/image_item/111/111409/11140901_b.jpg	ems excite		https://img-retro-girl.freetls.fastly.net/retrogirl/image_item/111/111409/11140903_b.jpg,https://img-retro-girl.freetls.fastly.net/retrogirl/image_item/111/111409/11140902_b.jpg	トップス > ニット/セーター	ブラック	FREE	本体：ポリエステル100％別布部分：ポリエステル100％	adult	female	
EF641512G0031107	EF641512G003	シャツドッキング風ニット - ダークグレー / FREE	"＜1枚でレイヤードスタイルが完成するドッキングニット＞
▼デザイン
・シャツを重ね着したようなデザインが目を惹くドッキングニット。
・襟元から覗くシャツが顔まわりをすっきりとした印象に。
・程よくコンパクトな丈感でボトムを選ばず着回せます◎
・1枚でコーデが決まるので、デイリーにも取り入れやすいアイテム♪
▼コーディネート
ミニスカートを合わせれば、コンパクトな丈感を活かしたバランスの良い着こなしに♪
デニムでカジュアルに仕上げるのもおすすめです。
------------------------------
生地感：普通
伸縮性：あり
透け感：なし
裏地：なし
------------------------------
▼ブランド紹介
ems excite (エムズエキサイト）
“more fun more cute”
今をもっと楽しく
もっと可愛くいたい女の子に向けた
girly cuteなブランド
#ドッキング #ニット #ガーリーコーデ #秋ニット #秋コーデ #フェミニンコーデ
▼注意事項
※撮影環境やモニター環境によって実際の商品とお色味が
多少異なってみえる場合がございます。
品番：EF641512G003 / 品名：シャツドッキング風ニット"	in stock	999	new	4390 JPY	https://www.retro-girl.jp/item/111409.html	https://img-retro-girl.freetls.fastly.net/retrogirl/image_item/111/111409/11140902_b.jpg	ems excite		https://img-retro-girl.freetls.fastly.net/retrogirl/image_item/111/111409/11140903_b.jpg,https://img-retro-girl.freetls.fastly.net/retrogirl/image_item/111/111409/11140901_b.jpg	トップス > ニット/セーター	ダークグレー	FREE	本体：ポリエステル100％別布部分：ポリエステル100％	adult	female	
RL657112N0055407	RL657112N005	ニットビスチェ＆カーデセット - ベージュ / FREE	"＜マルチな着こなしが楽しめるセットアイテム＞
▼デザイン
・ニットカーディガンとニットビスチェのセットアイテム。
・どちらも伸縮性のある素材でゆったりした着心地
・カーデの上からビスチェをレイヤードするのがおすすめの着こなし
・ビスチェをキャミとして着用し、上からカーディガンを羽織るスタイリングも可能！
・別々になるので、いろんな場面で活躍すること間違いなし◎
▼コーディネート
セットの着用はもちろん、別々でも着回し可能！
他のシャツやＴシャツの上からビスチェを合わせるのも◎
カーディガン１枚でも襟付きで、綺麗目コーデが完成します。
▼セット内容
・カーディガン
・ニットビスチェ
▼スタイルアップポイント
骨格ストレートさんは、中にビスチェを着こんで、上からカーディガンを羽織るスタイリングがおすすめ！
首回りはすっきり開けて、二の腕周りのカバーが叶います！
どのカラーも秋色配色で、特にブルーのカラーはイエベ秋さんドストライクなトーンです！
------------------------------
生地感：普通
伸縮性：ある
透け感：なし
裏地：なし
------------------------------
▼ブランド紹介
RETRO GIRL (レトロガール）
自分らしい“ベーシックアイテム”と
新しい自分の”トレンドアイテム”が
見つかる場所
今らしいファッションを楽しむ
女性のためのブランド
#カーディガン #キャミソール #ニットビスチェ #セットアイテム #マルチアイテム #セットコーデ #秋カラー
▼注意事項
※撮影環境やモニター環境によって実際の商品とお色味が
多少異なってみえる場合がございます。
品番：RL657112N005　/ 品名：ニットビスチェ＆カーデセット"	in stock	999	new	4990 JPY	https://www.retro-girl.jp/item/111264.html	https://img-retro-girl.freetls.fastly.net/retrogirl/image_item/111/111264/11126402_b.jpg	RETRO GIRL		https://img-retro-girl.freetls.fastly.net/retrogirl/image_item/111/111264/11126401_b.jpg,https://img-retro-girl.freetls.fastly.net/retrogirl/image_item/111/111264/11126403_b.jpg	トップス > ニット/セーター	ベージュ	FREE	本体：レーヨン67％ ポリエステル33％ビスチェ：レーヨン67％ ポリエステル33％	adult	female	
RL657112N0050407	RL657112N005	ニットビスチェ＆カーデセット - エクリュ / FREE	"＜マルチな着こなしが楽しめるセットアイテム＞
▼デザイン
・ニットカーディガンとニットビスチェのセットアイテム。
・どちらも伸縮性のある素材でゆったりした着心地
・カーデの上からビスチェをレイヤードするのがおすすめの着こなし
・ビスチェをキャミとして着用し、上からカーディガンを羽織るスタイリングも可能！
・別々になるので、いろんな場面で活躍すること間違いなし◎
▼コーディネート
セットの着用はもちろん、別々でも着回し可能！
他のシャツやＴシャツの上からビスチェを合わせるのも◎
カーディガン１枚でも襟付きで、綺麗目コーデが完成します。
▼セット内容
・カーディガン
・ニットビスチェ
▼スタイルアップポイント
骨格ストレートさんは、中にビスチェを着こんで、上からカーディガンを羽織るスタイリングがおすすめ！
首回りはすっきり開けて、二の腕周りのカバーが叶います！
どのカラーも秋色配色で、特にブルーのカラーはイエベ秋さんドストライクなトーンです！
------------------------------
生地感：普通
伸縮性：ある
透け感：なし
裏地：なし
------------------------------
▼ブランド紹介
RETRO GIRL (レトロガール）
自分らしい“ベーシックアイテム”と
新しい自分の”トレンドアイテム”が
見つかる場所
今らしいファッションを楽しむ
女性のためのブランド
#カーディガン #キャミソール #ニットビスチェ #セットアイテム #マルチアイテム #セットコーデ #秋カラー
▼注意事項
※撮影環境やモニター環境によって実際の商品とお色味が
多少異なってみえる場合がございます。
品番：RL657112N005　/ 品名：ニットビスチェ＆カーデセット"	in stock	999	new	4990 JPY	https://www.retro-girl.jp/item/111264.html	https://img-retro-girl.freetls.fastly.net/retrogirl/image_item/111/111264/11126401_b.jpg	RETRO GIRL		https://img-retro-girl.freetls.fastly.net/retrogirl/image_item/111/111264/11126402_b.jpg,https://img-retro-girl.freetls.fastly.net/retrogirl/image_item/111/111264/11126403_b.jpg	トップス > ニット/セーター	エクリュ	FREE	本体：レーヨン67％ ポリエステル33％ビスチェ：レーヨン67％ ポリエステル33％	adult	female	
RL657112N0058007	RL657112N005	ニットビスチェ＆カーデセット - ブルー / FREE	"＜マルチな着こなしが楽しめるセットアイテム＞
▼デザイン
・ニットカーディガンとニットビスチェのセットアイテム。
・どちらも伸縮性のある素材でゆったりした着心地
・カーデの上からビスチェをレイヤードするのがおすすめの着こなし
・ビスチェをキャミとして着用し、上からカーディガンを羽織るスタイリングも可能！
・別々になるので、いろんな場面で活躍すること間違いなし◎
▼コーディネート
セットの着用はもちろん、別々でも着回し可能！
他のシャツやＴシャツの上からビスチェを合わせるのも◎
カーディガン１枚でも襟付きで、綺麗目コーデが完成します。
▼セット内容
・カーディガン
・ニットビスチェ
▼スタイルアップポイント
骨格ストレートさんは、中にビスチェを着こんで、上からカーディガンを羽織るスタイリングがおすすめ！
首回りはすっきり開けて、二の腕周りのカバーが叶います！
どのカラーも秋色配色で、特にブルーのカラーはイエベ秋さんドストライクなトーンです！
------------------------------
生地感：普通
伸縮性：ある
透け感：なし
裏地：なし
------------------------------
▼ブランド紹介
RETRO GIRL (レトロガール）
自分らしい“ベーシックアイテム”と
新しい自分の”トレンドアイテム”が
見つかる場所
今らしいファッションを楽しむ
女性のためのブランド
#カーディガン #キャミソール #ニットビスチェ #セットアイテム #マルチアイテム #セットコーデ #秋カラー
▼注意事項
※撮影環境やモニター環境によって実際の商品とお色味が
多少異なってみえる場合がございます。
品番：RL657112N005　/ 品名：ニットビスチェ＆カーデセット"	in stock	999	new	4990 JPY	https://www.retro-girl.jp/item/111264.html	https://img-retro-girl.freetls.fastly.net/retrogirl/image_item/111/111264/11126403_b.jpg	RETRO GIRL		https://img-retro-girl.freetls.fastly.net/retrogirl/image_item/111/111264/11126402_b.jpg,https://img-retro-girl.freetls.fastly.net/retrogirl/image_item/111/111264/11126401_b.jpg	トップス > ニット/セーター	ブルー	FREE	本体：レーヨン67％ ポリエステル33％ビスチェ：レーヨン67％ ポリエステル33％	adult	female	
EF680021G0030407	EF680021G003	【セットアップ対応】Fファー付ツイードジャケット - エクリュ / FREE	"〈セットアップ着用も可能！フェイクファーが可愛いツイードジャケット〉
▼デザイン
・セットアップで着用いただけるガーリーなジャケット！
・袖口に施されたファーが冬らしいデザイン。
・フロント部分のゴールドボタンで高級感溢れるデザイン。
・しっかり裏地付きで暖かい秋冬ジャケット
▼コーディネート
ファーツイードミニスカートと着用していただけばセットアップコーデが完成
あえてデニムに合わせて韓国っぽいカジュアルコーデもオススメです
------------------------------
生地感：普通
伸縮性：なし
透け感：なし
裏地：あり
------------------------------
▼ブランド紹介
ems excite (エムズエキサイト）
“more fun more cute”
今をもっと楽しく
もっと可愛くいたい女の子に向けた
girly cuteなブランド
#ジャケット #ツイードジャケット #韓国コーデ #アウターアイテム #秋アウター #ファー
▼注意事項
※撮影環境やモニター環境によって実際の商品とお色味が
多少異なってみえる場合がございます。
※サイズはサンプル品を基に採寸しております。
実際の商品とは若干の誤差が生じる場合がございますので、あらかじめご了承ください。
品番：EF680021G003 / 品名：Fファー付ツイードジャケット"	in stock	999	new	7990 JPY	https://www.retro-girl.jp/item/111301.html	https://img-retro-girl.freetls.fastly.net/retrogirl/image_item/111/111301/11130101_b.jpg	ems excite		https://img-retro-girl.freetls.fastly.net/retrogirl/image_item/111/111301/11130102_b.jpg	ジャケット/アウター > ノーカラージャケット	エクリュ	FREE		adult	female	
EF680021G0030907	EF680021G003	【セットアップ対応】Fファー付ツイードジャケット - ブラック / FREE	"〈セットアップ着用も可能！フェイクファーが可愛いツイードジャケット〉
▼デザイン
・セットアップで着用いただけるガーリーなジャケット！
・袖口に施されたファーが冬らしいデザイン。
・フロント部分のゴールドボタンで高級感溢れるデザイン。
・しっかり裏地付きで暖かい秋冬ジャケット
▼コーディネート
ファーツイードミニスカートと着用していただけばセットアップコーデが完成
あえてデニムに合わせて韓国っぽいカジュアルコーデもオススメです
------------------------------
生地感：普通
伸縮性：なし
透け感：なし
裏地：あり
------------------------------
▼ブランド紹介
ems excite (エムズエキサイト）
“more fun more cute”
今をもっと楽しく
もっと可愛くいたい女の子に向けた
girly cuteなブランド
#ジャケット #ツイードジャケット #韓国コーデ #アウターアイテム #秋アウター #ファー
▼注意事項
※撮影環境やモニター環境によって実際の商品とお色味が
多少異なってみえる場合がございます。
※サイズはサンプル品を基に採寸しております。
実際の商品とは若干の誤差が生じる場合がございますので、あらかじめご了承ください。
品番：EF680021G003 / 品名：Fファー付ツイードジャケット"	in stock	999	new	7990 JPY	https://www.retro-girl.jp/item/111301.html	https://img-retro-girl.freetls.fastly.net/retrogirl/image_item/111/111301/11130102_b.jpg	ems excite		https://img-retro-girl.freetls.fastly.net/retrogirl/image_item/111/111301/11130101_b.jpg	ジャケット/アウター > ノーカラージャケット	ブラック	FREE		adult	female	
RE657112T0010907	RE657112T001	キャミ×ポコポコノースリニットSET - ブラック / FREE	"＜ニュアンス素材で楽しむ、大人のセットコーデ＞
▼デザイン
・RETRO GIRLで毎回大人気のセットアイテム
・今回は、定番で使いやすいシンプルなキャミソールとノースリニットがセットになりました
・ニットはポコポコと表面感ある素材が魅力
・素材は夏に気温にぴったりですが、カラーが秋らしく、シーズン先取りできるアイテム♪
▼コーディネート
セットの着用はもちろん、別々でも着回し可能！
とくにキャミソールは使いやすいカラーで、他のコーデでも活躍場面は多そう！
▼セット内容
・ポコポコカーディガン
・キャミソール
▼スタイルアップポイント
骨格ナチュラルさんが得意なデザインのアイテム！
表面感のある素材がぴったりです。
------------------------------
生地感：ニット：薄手　キャミ：普通
伸縮性：ある
透け感：ニット：ある　キャミ：なし
裏地：なし
------------------------------
▼ブランド紹介
RETRO GIRL (レトロガール）
自分らしい“ベーシックアイテム”と
新しい自分の”トレンドアイテム”が
見つかる場所
今らしいファッションを楽しむ
女性のためのブランド
#キャミ #ニットカーディガン #セットアイテム #ポコポコ #秋コーデ #秋アイテム
▼注意事項
※撮影環境やモニター環境によって実際の商品とお色味が
多少異なってみえる場合がございます。
品番：RE657112T001　/ 品名：キャミ×ポコポコノースリニットSET"	in stock	999	new	4390 JPY	https://www.retro-girl.jp/item/111263.html	https://img-retro-girl.freetls.fastly.net/retrogirl/image_item/111/111263/11126302_b.jpg	RETRO GIRL	2190 JPY	https://img-retro-girl.freetls.fastly.net/retrogirl/image_item/111/111263/11126301_b.jpg,https://img-retro-girl.freetls.fastly.net/retrogirl/image_item/111/111263/11126303_b.jpg	トップス > ニット/セーター	ブラック	FREE	ニット：アクリル86％ ポリエステル14％インナー：ポリエステル64％ 綿36％	adult	female	
RE657112T0010407	RE657112T001	キャミ×ポコポコノースリニットSET - エクリュ / FREE	"＜ニュアンス素材で楽しむ、大人のセットコーデ＞
▼デザイン
・RETRO GIRLで毎回大人気のセットアイテム
・今回は、定番で使いやすいシンプルなキャミソールとノースリニットがセットになりました
・ニットはポコポコと表面感ある素材が魅力
・素材は夏に気温にぴったりですが、カラーが秋らしく、シーズン先取りできるアイテム♪
▼コーディネート
セットの着用はもちろん、別々でも着回し可能！
とくにキャミソールは使いやすいカラーで、他のコーデでも活躍場面は多そう！
▼セット内容
・ポコポコカーディガン
・キャミソール
▼スタイルアップポイント
骨格ナチュラルさんが得意なデザインのアイテム！
表面感のある素材がぴったりです。
------------------------------
生地感：ニット：薄手　キャミ：普通
伸縮性：ある
透け感：ニット：ある　キャミ：なし
裏地：なし
------------------------------
▼ブランド紹介
RETRO GIRL (レトロガール）
自分らしい“ベーシックアイテム”と
新しい自分の”トレンドアイテム”が
見つかる場所
今らしいファッションを楽しむ
女性のためのブランド
#キャミ #ニットカーディガン #セットアイテム #ポコポコ #秋コーデ #秋アイテム
▼注意事項
※撮影環境やモニター環境によって実際の商品とお色味が
多少異なってみえる場合がございます。
品番：RE657112T001　/ 品名：キャミ×ポコポコノースリニットSET"	in stock	999	new	4390 JPY	https://www.retro-girl.jp/item/111263.html	https://img-retro-girl.freetls.fastly.net/retrogirl/image_item/111/111263/11126301_b.jpg	RETRO GIRL	2190 JPY	https://img-retro-girl.freetls.fastly.net/retrogirl/image_item/111/111263/11126302_b.jpg,https://img-retro-girl.freetls.fastly.net/retrogirl/image_item/111/111263/11126303_b.jpg	トップス > ニット/セーター	エクリュ	FREE	ニット：アクリル86％ ポリエステル14％インナー：ポリエステル64％ 綿36％	adult	female	
RE657112T0015007	RE657112T001	キャミ×ポコポコノースリニットSET - ブラウン / FREE	"＜ニュアンス素材で楽しむ、大人のセットコーデ＞
▼デザイン
・RETRO GIRLで毎回大人気のセットアイテム
・今回は、定番で使いやすいシンプルなキャミソールとノースリニットがセットになりました
・ニットはポコポコと表面感ある素材が魅力
・素材は夏に気温にぴったりですが、カラーが秋らしく、シーズン先取りできるアイテム♪
▼コーディネート
セットの着用はもちろん、別々でも着回し可能！
とくにキャミソールは使いやすいカラーで、他のコーデでも活躍場面は多そう！
▼セット内容
・ポコポコカーディガン
・キャミソール
▼スタイルアップポイント
骨格ナチュラルさんが得意なデザインのアイテム！
表面感のある素材がぴったりです。
------------------------------
生地感：ニット：薄手　キャミ：普通
伸縮性：ある
透け感：ニット：ある　キャミ：なし
裏地：なし
------------------------------
▼ブランド紹介
RETRO GIRL (レトロガール）
自分らしい“ベーシックアイテム”と
新しい自分の”トレンドアイテム”が
見つかる場所
今らしいファッションを楽しむ
女性のためのブランド
#キャミ #ニットカーディガン #セットアイテム #ポコポコ #秋コーデ #秋アイテム
▼注意事項
※撮影環境やモニター環境によって実際の商品とお色味が
多少異なってみえる場合がございます。
品番：RE657112T001　/ 品名：キャミ×ポコポコノースリニットSET"	in stock	999	new	4390 JPY	https://www.retro-girl.jp/item/111263.html	https://img-retro-girl.freetls.fastly.net/retrogirl/image_item/111/111263/11126303_b.jpg	RETRO GIRL	2190 JPY	https://img-retro-girl.freetls.fastly.net/retrogirl/image_item/111/111263/11126302_b.jpg,https://img-retro-girl.freetls.fastly.net/retrogirl/image_item/111/111263/11126301_b.jpg	トップス > ニット/セーター	ブラウン	FREE	ニット：アクリル86％ ポリエステル14％インナー：ポリエステル64％ 綿36％	adult	female	
RW638012B0018107	RW638012B001	ボーダーシャギーニット - ライトブルー / FREE	"＜ふわふわシャギーが癖になる大人気ニット＞
▼デザイン
・昨年大人気を頂いたボーダーニット
・今年は、シャギー素材でモコモコした触り心地
・程よくゆるっとしたシルエットで、着膨れすることなく、体型カバーも◎
・起毛感が魅力的な冬のマストバイニット！
▼コーディネート
フェミニンコーデにも、カジュアルコーデにも合わせて頂けるアイテム！
デニムやスエットパンツでカジュアル合わせる場合は、キャップやニット帽を取り入れてみて♪
▼スタイルアップポイント
骨格ストレートさんの得意なボーダーニット！
素材はウェーブさんもナチュラルさんも取り入れて頂けるので、骨格問わず似合うポイントがあるのが嬉しい♪
-----------------------------
生地感：普通
伸縮性：ある
透け感：なし
裏地：なし
------------------------------
▼ブランド紹介
RETRO GIRL (レトロガール）
～日常に、ひとさじのときめきを～
いつものスタイルに新しい気分を織り込んで、
毎日をたのしむきっかけを作るブランド。
▼SNS
新着アイテムやお得なセール情報を配信中♪
【公式 Instagram】
＠retrogirl_official
【公式 TikTok】
@retrogirl_official
#ニット #シャギーニット #ボーダーニット #カジュアルアイテム ＃シャギー素材 #冬コーデ
▼注意事項
※撮影環境やモニター環境によって実際の商品とお色味が多少異なってみえる場合がございます。
品番：RW638012B001　/ 品名：ボーダーシャギーニット"	in stock	999	new	4390 JPY	https://www.retro-girl.jp/item/111412.html	https://img-retro-girl.freetls.fastly.net/retrogirl/image_item/111/111412/11141203_b.jpg	RETRO GIRL		https://img-retro-girl.freetls.fastly.net/retrogirl/image_item/111/111412/11141201_b.jpg,https://img-retro-girl.freetls.fastly.net/retrogirl/image_item/111/111412/11141202_b.jpg	トップス > ニット/セーター	ライトブルー	FREE		adult	female	
RW638012B0010307	RW638012B001	ボーダーシャギーニット - アイボリー / FREE	"＜ふわふわシャギーが癖になる大人気ニット＞
▼デザイン
・昨年大人気を頂いたボーダーニット
・今年は、シャギー素材でモコモコした触り心地
・程よくゆるっとしたシルエットで、着膨れすることなく、体型カバーも◎
・起毛感が魅力的な冬のマストバイニット！
▼コーディネート
フェミニンコーデにも、カジュアルコーデにも合わせて頂けるアイテム！
デニムやスエットパンツでカジュアル合わせる場合は、キャップやニット帽を取り入れてみて♪
▼スタイルアップポイント
骨格ストレートさんの得意なボーダーニット！
素材はウェーブさんもナチュラルさんも取り入れて頂けるので、骨格問わず似合うポイントがあるのが嬉しい♪
-----------------------------
生地感：普通
伸縮性：ある
透け感：なし
裏地：なし
------------------------------
▼ブランド紹介
RETRO GIRL (レトロガール）
～日常に、ひとさじのときめきを～
いつものスタイルに新しい気分を織り込んで、
毎日をたのしむきっかけを作るブランド。
▼SNS
新着アイテムやお得なセール情報を配信中♪
【公式 Instagram】
＠retrogirl_official
【公式 TikTok】
@retrogirl_official
#ニット #シャギーニット #ボーダーニット #カジュアルアイテム ＃シャギー素材 #冬コーデ
▼注意事項
※撮影環境やモニター環境によって実際の商品とお色味が多少異なってみえる場合がございます。
品番：RW638012B001　/ 品名：ボーダーシャギーニット"	in stock	999	new	4390 JPY	https://www.retro-girl.jp/item/111412.html	https://img-retro-girl.freetls.fastly.net/retrogirl/image_item/111/111412/11141201_b.jpg	RETRO GIRL		https://img-retro-girl.freetls.fastly.net/retrogirl/image_item/111/111412/11141203_b.jpg,https://img-retro-girl.freetls.fastly.net/retrogirl/image_item/111/111412/11141202_b.jpg	トップス > ニット/セーター	アイボリー	FREE		adult	female	
RW638012B0015007	RW638012B001	ボーダーシャギーニット - ブラウン / FREE	"＜ふわふわシャギーが癖になる大人気ニット＞
▼デザイン
・昨年大人気を頂いたボーダーニット
・今年は、シャギー素材でモコモコした触り心地
・程よくゆるっとしたシルエットで、着膨れすることなく、体型カバーも◎
・起毛感が魅力的な冬のマストバイニット！
▼コーディネート
フェミニンコーデにも、カジュアルコーデにも合わせて頂けるアイテム！
デニムやスエットパンツでカジュアル合わせる場合は、キャップやニット帽を取り入れてみて♪
▼スタイルアップポイント
骨格ストレートさんの得意なボーダーニット！
素材はウェーブさんもナチュラルさんも取り入れて頂けるので、骨格問わず似合うポイントがあるのが嬉しい♪
-----------------------------
生地感：普通
伸縮性：ある
透け感：なし
裏地：なし
------------------------------
▼ブランド紹介
RETRO GIRL (レトロガール）
～日常に、ひとさじのときめきを～
いつものスタイルに新しい気分を織り込んで、
毎日をたのしむきっかけを作るブランド。
▼SNS
新着アイテムやお得なセール情報を配信中♪
【公式 Instagram】
＠retrogirl_official
【公式 TikTok】
@retrogirl_official
#ニット #シャギーニット #ボーダーニット #カジュアルアイテム ＃シャギー素材 #冬コーデ
▼注意事項
※撮影環境やモニター環境によって実際の商品とお色味が多少異なってみえる場合がございます。
品番：RW638012B001　/ 品名：ボーダーシャギーニット"	in stock	999	new	4390 JPY	https://www.retro-girl.jp/item/111412.html	https://img-retro-girl.freetls.fastly.net/retrogirl/image_item/111/111412/11141202_b.jpg	RETRO GIRL		https://img-retro-girl.freetls.fastly.net/retrogirl/image_item/111/111412/11141203_b.jpg,https://img-retro-girl.freetls.fastly.net/retrogirl/image_item/111/111412/11141201_b.jpg	トップス > ニット/セーター	ブラウン	FREE		adult	female	
EF656432G0010407	EF656432G001	ハイウエストショートパンツ - エクリュ / FREE	"＜トップスインスタイルが決まるハイウエストショートパンツ＞
▼デザイン
・ハイウエストスタイルアップ効果抜群なショートパンツ。
・ウエスト周りはスッキリさせ、もも周りはゆとりのあるので着用しやすい。
・フロント部分に切り込みが入っているので、インスタイルでも綺麗に見えるデザイン。
・定番でどんなトップスとも合わせて頂けるアイテムです。
▼コーディネート
今年のトレンドのロングブーツとコーディネートしたり、ソックスあわせのコーディネートもおすすめ！
合わせるトップスを選ばないデイリールックに取り入れたいアイテムです！
------------------------------
生地感：普通
伸縮性：ある
透け感：なし
裏地：なし
------------------------------
▼ブランド紹介
ems excite (エムズエキサイト）
“more fun more cute”
今をもっと楽しく
もっと可愛くいたい女の子に向けた
girly cuteなブランド
#定番コーデ #ショートパンツ #パンツコーデ #ハイウエスト #シンプル #ベーシックアイテム
▼注意事項
※撮影環境やモニター環境によって実際の商品とお色味が多少異なってみえる場合がございます。
品番：EF656432G001　/ 品名：ハイウエストショートパンツ"	in stock	999	new	3390 JPY	https://www.retro-girl.jp/item/111364.html	https://img-retro-girl.freetls.fastly.net/retrogirl/image_item/111/111364/11136401_b.jpg	ems excite		https://img-retro-girl.freetls.fastly.net/retrogirl/image_item/111/111364/11136402_b.jpg,https://img-retro-girl.freetls.fastly.net/retrogirl/image_item/111/111364/11136403_b.jpg	パンツ > パンツ全般	エクリュ	FREE	ポリウレタン：3％ポリエステル：97％	adult	female	
EF656432G0010907	EF656432G001	ハイウエストショートパンツ - ブラック / FREE	"＜トップスインスタイルが決まるハイウエストショートパンツ＞
▼デザイン
・ハイウエストスタイルアップ効果抜群なショートパンツ。
・ウエスト周りはスッキリさせ、もも周りはゆとりのあるので着用しやすい。
・フロント部分に切り込みが入っているので、インスタイルでも綺麗に見えるデザイン。
・定番でどんなトップスとも合わせて頂けるアイテムです。
▼コーディネート
今年のトレンドのロングブーツとコーディネートしたり、ソックスあわせのコーディネートもおすすめ！
合わせるトップスを選ばないデイリールックに取り入れたいアイテムです！
------------------------------
生地感：普通
伸縮性：ある
透け感：なし
裏地：なし
------------------------------
▼ブランド紹介
ems excite (エムズエキサイト）
“more fun more cute”
今をもっと楽しく
もっと可愛くいたい女の子に向けた
girly cuteなブランド
#定番コーデ #ショートパンツ #パンツコーデ #ハイウエスト #シンプル #ベーシックアイテム
▼注意事項
※撮影環境やモニター環境によって実際の商品とお色味が多少異なってみえる場合がございます。
品番：EF656432G001　/ 品名：ハイウエストショートパンツ"	in stock	999	new	3390 JPY	https://www.retro-girl.jp/item/111364.html	https://img-retro-girl.freetls.fastly.net/retrogirl/image_item/111/111364/11136402_b.jpg	ems excite		https://img-retro-girl.freetls.fastly.net/retrogirl/image_item/111/111364/11136401_b.jpg,https://img-retro-girl.freetls.fastly.net/retrogirl/image_item/111/111364/11136403_b.jpg	パンツ > パンツ全般	ブラック	FREE	ポリウレタン：3％ポリエステル：97％	adult	female	
EF656432G0011207	EF656432G001	ハイウエストショートパンツ - チャコールグレー / FREE	"＜トップスインスタイルが決まるハイウエストショートパンツ＞
▼デザイン
・ハイウエストスタイルアップ効果抜群なショートパンツ。
・ウエスト周りはスッキリさせ、もも周りはゆとりのあるので着用しやすい。
・フロント部分に切り込みが入っているので、インスタイルでも綺麗に見えるデザイン。
・定番でどんなトップスとも合わせて頂けるアイテムです。
▼コーディネート
今年のトレンドのロングブーツとコーディネートしたり、ソックスあわせのコーディネートもおすすめ！
合わせるトップスを選ばないデイリールックに取り入れたいアイテムです！
------------------------------
生地感：普通
伸縮性：ある
透け感：なし
裏地：なし
------------------------------
▼ブランド紹介
ems excite (エムズエキサイト）
“more fun more cute”
今をもっと楽しく
もっと可愛くいたい女の子に向けた
girly cuteなブランド
#定番コーデ #ショートパンツ #パンツコーデ #ハイウエスト #シンプル #ベーシックアイテム
▼注意事項
※撮影環境やモニター環境によって実際の商品とお色味が多少異なってみえる場合がございます。
品番：EF656432G001　/ 品名：ハイウエストショートパンツ"	in stock	999	new	3390 JPY	https://www.retro-girl.jp/item/111364.html	https://img-retro-girl.freetls.fastly.net/retrogirl/image_item/111/111364/11136403_b.jpg	ems excite		https://img-retro-girl.freetls.fastly.net/retrogirl/image_item/111/111364/11136401_b.jpg,https://img-retro-girl.freetls.fastly.net/retrogirl/image_item/111/111364/11136402_b.jpg	パンツ > パンツ全般	チャコールグレー	FREE	ポリウレタン：3％ポリエステル：97％	adult	female	
EF657111G0010107	EF657111G001	2wayレースキャミソール - ホワイト / FREE	"〈いろんなアレンジが楽しめるカップ付きキャミソール〉
▼デザイン
・オールシーズンインナーとして大活躍のカップ付きキャミソール。
・総レースでコーデに馴染む素材が嬉しいデザイン。
・肩紐はフックで取外しできるので、チューブトップとして着用も可能
・バスト部分にはホックがついていたり、胸元に滑り止めがついているのも嬉しいポイント！
▼コーディネート
上からシャツやフーディーを羽織って秋らしいコーデに♪
見せても可愛いデザインと、インナーにもなる汎用性がとっても嬉しい！
------------------------------
生地感：普通
伸縮性：ある
透け感：なし
裏地：なし
------------------------------
▼ブランド紹介
ems excite (エムズエキサイト）
“more fun more cute”
今をもっと楽しく
もっと可愛くいたい女の子に向けた
girly cuteなブランド
#2way #インナー #カップ付きインナー #レイヤードコーデ #レース #チューブトップ #カップ付き #キャミソール
▼注意事項
※撮影環境やモニター環境によって実際の商品とお色味が
多少異なってみえる場合がございます。
品番：EF657111G001　/ 品名：2wayレースキャミソール"	in stock	999	new	3290 JPY	https://www.retro-girl.jp/item/111383.html	https://img-retro-girl.freetls.fastly.net/retrogirl/image_item/111/111383/11138301_b.jpg	ems excite		https://img-retro-girl.freetls.fastly.net/retrogirl/image_item/111/111383/11138302_b.jpg	トップス > キャミソール	ホワイト	FREE	表地：ナイロン90％ ポリウレタン10％裏地：ポリエステル65％ 綿35％レース部分：ナイロン90％ ポリウレタン10％	adult	female	
EF657111G0010907	EF657111G001	2wayレースキャミソール - ブラック / FREE	"〈いろんなアレンジが楽しめるカップ付きキャミソール〉
▼デザイン
・オールシーズンインナーとして大活躍のカップ付きキャミソール。
・総レースでコーデに馴染む素材が嬉しいデザイン。
・肩紐はフックで取外しできるので、チューブトップとして着用も可能
・バスト部分にはホックがついていたり、胸元に滑り止めがついているのも嬉しいポイント！
▼コーディネート
上からシャツやフーディーを羽織って秋らしいコーデに♪
見せても可愛いデザインと、インナーにもなる汎用性がとっても嬉しい！
------------------------------
生地感：普通
伸縮性：ある
透け感：なし
裏地：なし
------------------------------
▼ブランド紹介
ems excite (エムズエキサイト）
“more fun more cute”
今をもっと楽しく
もっと可愛くいたい女の子に向けた
girly cuteなブランド
#2way #インナー #カップ付きインナー #レイヤードコーデ #レース #チューブトップ #カップ付き #キャミソール
▼注意事項
※撮影環境やモニター環境によって実際の商品とお色味が
多少異なってみえる場合がございます。
品番：EF657111G001　/ 品名：2wayレースキャミソール"	in stock	999	new	3290 JPY	https://www.retro-girl.jp/item/111383.html	https://img-retro-girl.freetls.fastly.net/retrogirl/image_item/111/111383/11138302_b.jpg	ems excite		https://img-retro-girl.freetls.fastly.net/retrogirl/image_item/111/111383/11138301_b.jpg	トップス > キャミソール	ブラック	FREE	表地：ナイロン90％ ポリウレタン10％裏地：ポリエステル65％ 綿35％レース部分：ナイロン90％ ポリウレタン10％	adult	female	
RF662021T0011007	RF662021T001	テーラードジャケット - ライトグレー / FREE	"＜きちっと羽織れる秋のテーラードジャケット＞
▼デザイン
・秋アウターとして大活躍のテーラージャケット
・さっと羽織るだけでスタイリッシュにコーデがきまります
・ストライプと無地のアソート展開でご用意
・裏地もついていて、お値段以上のしっかりした仕上りです。
▼コーディネート
ボトムのラップミニスカパンとセットアップ対応になっているので
合わせて着用することで、コーデに迷わず嬉しい♪
▼スタイルアップポイント
ストレートさんが得意なテーラードジャケット！
大き目サイズで、カジュアルに着こなせば、ナチュラルさんにもピッタリ！
-----------------------------
生地感：普通
伸縮性：なし
透け感：なし
裏地：ある
------------------------------
▼ブランド紹介
RETRO GIRL (レトロガール）
～日常に、ひとさじのときめきを～
いつものスタイルに新しい気分を織り込んで、
毎日をたのしむきっかけを作るブランド。
▼SNS
新着アイテムやお得なセール情報を配信中♪
【公式 Instagram】
＠retrogirl_official
【公式 TikTok】
@retrogirl_official
#テーラードジャケット #テーラード #ジャケット #ストライプ #セットアップコーデ
▼注意事項
※撮影環境やモニター環境によって実際の商品とお色味が多少異なってみえる場合がございます。
品番：RF662021T001　/ 品名：テーラードジャケット"	in stock	999	new	6990 JPY	https://www.retro-girl.jp/item/111404.html	https://img-retro-girl.freetls.fastly.net/retrogirl/image_item/111/111404/11140401_b.jpg	RETRO GIRL		https://img-retro-girl.freetls.fastly.net/retrogirl/image_item/111/111404/11140402_b.jpg	ジャケット/アウター > テーラードジャケット	ライトグレー	FREE	表地：ポリエステル74％ レーヨン21％ ポリウレタン5％裏地：ポリエステル100％	adult	female	
RF662021T0015907	RF662021T001	テーラードジャケット - ブラウン/柄 / FREE	"＜きちっと羽織れる秋のテーラードジャケット＞
▼デザイン
・秋アウターとして大活躍のテーラージャケット
・さっと羽織るだけでスタイリッシュにコーデがきまります
・ストライプと無地のアソート展開でご用意
・裏地もついていて、お値段以上のしっかりした仕上りです。
▼コーディネート
ボトムのラップミニスカパンとセットアップ対応になっているので
合わせて着用することで、コーデに迷わず嬉しい♪
▼スタイルアップポイント
ストレートさんが得意なテーラードジャケット！
大き目サイズで、カジュアルに着こなせば、ナチュラルさんにもピッタリ！
-----------------------------
生地感：普通
伸縮性：なし
透け感：なし
裏地：ある
------------------------------
▼ブランド紹介
RETRO GIRL (レトロガール）
～日常に、ひとさじのときめきを～
いつものスタイルに新しい気分を織り込んで、
毎日をたのしむきっかけを作るブランド。
▼SNS
新着アイテムやお得なセール情報を配信中♪
【公式 Instagram】
＠retrogirl_official
【公式 TikTok】
@retrogirl_official
#テーラードジャケット #テーラード #ジャケット #ストライプ #セットアップコーデ
▼注意事項
※撮影環境やモニター環境によって実際の商品とお色味が多少異なってみえる場合がございます。
品番：RF662021T001　/ 品名：テーラードジャケット"	in stock	999	new	6990 JPY	https://www.retro-girl.jp/item/111404.html	https://img-retro-girl.freetls.fastly.net/retrogirl/image_item/111/111404/11140402_b.jpg	RETRO GIRL		https://img-retro-girl.freetls.fastly.net/retrogirl/image_item/111/111404/11140401_b.jpg	ジャケット/アウター > テーラードジャケット	ブラウン/柄	FREE	表地：ポリエステル74％ レーヨン21％ ポリウレタン5％裏地：ポリエステル100％	adult	female	
RE647723T0018907	RE647723T001	シャーリングペプラムシャツ - ブルー/柄 / FREE	"〈春から大人気のシャーリングシャツがブラッシュアップ〉
▼デザイン
・フロント部分のシャーリングデザインが、華やかな１枚。
・透け感のある素材で、今のシーズンから着用可能！
・どんなボトムにも合わせられる定番のホワイト
・アソート展開で、ストライプ柄は爽やかな印象に♪
▼コーディネート
デニムパンツで合わせても定番で可愛いスタイリングに。
羽織スタイルでも着て頂けるシャツなので、いろんな着こなしが楽しめます。
▼スタイルアップポイント
ウエスト周り、腰回りが気になるストレートさん、ウェーブさんにおすすめなシルエット！
ナチュラルさんはゆるっと羽織りスタイルも◎
------------------------------
生地感：普通
伸縮性：なし
透け感：ある
裏地：なし
------------------------------
▼ブランド紹介
RETRO GIRL (レトロガール）
自分らしい“ベーシックアイテム”と
新しい自分の”トレンドアイテム”が
見つかる場所
今らしいファッションを楽しむ
女性のためのブランド
#シャツ #フリル #羽織アイテム #フリルデザイン #夏コーデ #ストライプ #シャーリング #ペプラム
▼注意事項
※撮影環境やモニター環境によって実際の商品とお色味が
多少異なってみえる場合がございます。
品番：RE647723T001　/ 品名：シャーリングペプラムシャツ"	in stock	999	new	3990 JPY	https://www.retro-girl.jp/item/111271.html	https://img-retro-girl.freetls.fastly.net/retrogirl/image_item/111/111271/11127103_b.jpg	RETRO GIRL		https://img-retro-girl.freetls.fastly.net/retrogirl/image_item/111/111271/11127101_b.jpg,https://img-retro-girl.freetls.fastly.net/retrogirl/image_item/111/111271/11127102_b.jpg	トップス > シャツ/ブラウス	ブルー/柄	FREE	ポリエステル50％、レーヨン25％、ナイロン25％	adult	female	
RE647723T0010207	RE647723T001	シャーリングペプラムシャツ - オフホワイト / FREE	"〈春から大人気のシャーリングシャツがブラッシュアップ〉
▼デザイン
・フロント部分のシャーリングデザインが、華やかな１枚。
・透け感のある素材で、今のシーズンから着用可能！
・どんなボトムにも合わせられる定番のホワイト
・アソート展開で、ストライプ柄は爽やかな印象に♪
▼コーディネート
デニムパンツで合わせても定番で可愛いスタイリングに。
羽織スタイルでも着て頂けるシャツなので、いろんな着こなしが楽しめます。
▼スタイルアップポイント
ウエスト周り、腰回りが気になるストレートさん、ウェーブさんにおすすめなシルエット！
ナチュラルさんはゆるっと羽織りスタイルも◎
------------------------------
生地感：普通
伸縮性：なし
透け感：ある
裏地：なし
------------------------------
▼ブランド紹介
RETRO GIRL (レトロガール）
自分らしい“ベーシックアイテム”と
新しい自分の”トレンドアイテム”が
見つかる場所
今らしいファッションを楽しむ
女性のためのブランド
#シャツ #フリル #羽織アイテム #フリルデザイン #夏コーデ #ストライプ #シャーリング #ペプラム
▼注意事項
※撮影環境やモニター環境によって実際の商品とお色味が
多少異なってみえる場合がございます。
品番：RE647723T001　/ 品名：シャーリングペプラムシャツ"	in stock	999	new	3990 JPY	https://www.retro-girl.jp/item/111271.html	https://img-retro-girl.freetls.fastly.net/retrogirl/image_item/111/111271/11127101_b.jpg	RETRO GIRL		https://img-retro-girl.freetls.fastly.net/retrogirl/image_item/111/111271/11127103_b.jpg,https://img-retro-girl.freetls.fastly.net/retrogirl/image_item/111/111271/11127102_b.jpg	トップス > シャツ/ブラウス	オフホワイト	FREE	ポリエステル50％、レーヨン25％、ナイロン25％	adult	female	
RE647723T0010607	RE647723T001	シャーリングペプラムシャツ - ホワイト/柄 / FREE	"〈春から大人気のシャーリングシャツがブラッシュアップ〉
▼デザイン
・フロント部分のシャーリングデザインが、華やかな１枚。
・透け感のある素材で、今のシーズンから着用可能！
・どんなボトムにも合わせられる定番のホワイト
・アソート展開で、ストライプ柄は爽やかな印象に♪
▼コーディネート
デニムパンツで合わせても定番で可愛いスタイリングに。
羽織スタイルでも着て頂けるシャツなので、いろんな着こなしが楽しめます。
▼スタイルアップポイント
ウエスト周り、腰回りが気になるストレートさん、ウェーブさんにおすすめなシルエット！
ナチュラルさんはゆるっと羽織りスタイルも◎
------------------------------
生地感：普通
伸縮性：なし
透け感：ある
裏地：なし
------------------------------
▼ブランド紹介
RETRO GIRL (レトロガール）
自分らしい“ベーシックアイテム”と
新しい自分の”トレンドアイテム”が
見つかる場所
今らしいファッションを楽しむ
女性のためのブランド
#シャツ #フリル #羽織アイテム #フリルデザイン #夏コーデ #ストライプ #シャーリング #ペプラム
▼注意事項
※撮影環境やモニター環境によって実際の商品とお色味が
多少異なってみえる場合がございます。
品番：RE647723T001　/ 品名：シャーリングペプラムシャツ"	in stock	999	new	3990 JPY	https://www.retro-girl.jp/item/111271.html	https://img-retro-girl.freetls.fastly.net/retrogirl/image_item/111/111271/11127102_b.jpg	RETRO GIRL		https://img-retro-girl.freetls.fastly.net/retrogirl/image_item/111/111271/11127103_b.jpg,https://img-retro-girl.freetls.fastly.net/retrogirl/image_item/111/111271/11127101_b.jpg	トップス > シャツ/ブラウス	ホワイト/柄	FREE	ポリエステル50％、レーヨン25％、ナイロン25％	adult	female	
EF657112G0070907	EF657112G007	オフショルニット＆パンツSET - ブラック / FREE	"＜ラフに着られるニットセットアイテム＞
▼デザイン
・オフショルダーのニットと、ニットショートパンツのセットアイテム
・セット販売なので、コーデに迷わないのが嬉しい！
・ショートパンツやニットには裾にひげレースを採用しているので、今年らしいワンポイントに。
・セットではもちろん、別々でも着用できるので、着回し力抜群◎
▼コーディネート
ちょっとしたお出かけから、ゆったりおこもりDayまで幅広く着用頂けます。
ニットはシンプルなデザインで、インナーにもセレクトして頂けます。
▼セット内容
・オフショルニット
・ニットショートパンツ
------------------------------
生地感：普通
伸縮性：ある
透け感：なし
裏地：なし
-----------------------------
▼ブランド紹介
ems excite (エムズエキサイト）
“more fun more cute”
今をもっと楽しく
もっと可愛くいたい女の子に向けた
girly cuteなブランド
#ニット #ニットセットアップ #オフショルニット #ニットショートパンツ #セットアップコーデ
▼注意事項
※撮影環境やモニター環境によって実際の商品とお色味が
多少異なってみえる場合がございます。
品番：EF657112G007　/ 品名：オフショルニット＆パンツSET"	in stock	999	new	7990 JPY	https://www.retro-girl.jp/item/111418.html	https://img-retro-girl.freetls.fastly.net/retrogirl/image_item/111/111418/11141801_b.jpg	ems excite		https://img-retro-girl.freetls.fastly.net/retrogirl/image_item/111/111418/11141802_b.jpg,https://img-retro-girl.freetls.fastly.net/retrogirl/image_item/111/111418/11141803_b.jpg	トップス > ニット/セーター	ブラック	FREE		adult	female	
EF657112G0071007	EF657112G007	オフショルニット＆パンツSET - ライトグレー / FREE	"＜ラフに着られるニットセットアイテム＞
▼デザイン
・オフショルダーのニットと、ニットショートパンツのセットアイテム
・セット販売なので、コーデに迷わないのが嬉しい！
・ショートパンツやニットには裾にひげレースを採用しているので、今年らしいワンポイントに。
・セットではもちろん、別々でも着用できるので、着回し力抜群◎
▼コーディネート
ちょっとしたお出かけから、ゆったりおこもりDayまで幅広く着用頂けます。
ニットはシンプルなデザインで、インナーにもセレクトして頂けます。
▼セット内容
・オフショルニット
・ニットショートパンツ
------------------------------
生地感：普通
伸縮性：ある
透け感：なし
裏地：なし
-----------------------------
▼ブランド紹介
ems excite (エムズエキサイト）
“more fun more cute”
今をもっと楽しく
もっと可愛くいたい女の子に向けた
girly cuteなブランド
#ニット #ニットセットアップ #オフショルニット #ニットショートパンツ #セットアップコーデ
▼注意事項
※撮影環境やモニター環境によって実際の商品とお色味が
多少異なってみえる場合がございます。
品番：EF657112G007　/ 品名：オフショルニット＆パンツSET"	in stock	999	new	7990 JPY	https://www.retro-girl.jp/item/111418.html	https://img-retro-girl.freetls.fastly.net/retrogirl/image_item/111/111418/11141802_b.jpg	ems excite		https://img-retro-girl.freetls.fastly.net/retrogirl/image_item/111/111418/11141801_b.jpg,https://img-retro-girl.freetls.fastly.net/retrogirl/image_item/111/111418/11141803_b.jpg	トップス > ニット/セーター	ライトグレー	FREE		adult	female	
EF657112G0075407	EF657112G007	オフショルニット＆パンツSET - ベージュ / FREE	"＜ラフに着られるニットセットアイテム＞
▼デザイン
・オフショルダーのニットと、ニットショートパンツのセットアイテム
・セット販売なので、コーデに迷わないのが嬉しい！
・ショートパンツやニットには裾にひげレースを採用しているので、今年らしいワンポイントに。
・セットではもちろん、別々でも着用できるので、着回し力抜群◎
▼コーディネート
ちょっとしたお出かけから、ゆったりおこもりDayまで幅広く着用頂けます。
ニットはシンプルなデザインで、インナーにもセレクトして頂けます。
▼セット内容
・オフショルニット
・ニットショートパンツ
------------------------------
生地感：普通
伸縮性：ある
透け感：なし
裏地：なし
-----------------------------
▼ブランド紹介
ems excite (エムズエキサイト）
“more fun more cute”
今をもっと楽しく
もっと可愛くいたい女の子に向けた
girly cuteなブランド
#ニット #ニットセットアップ #オフショルニット #ニットショートパンツ #セットアップコーデ
▼注意事項
※撮影環境やモニター環境によって実際の商品とお色味が
多少異なってみえる場合がございます。
品番：EF657112G007　/ 品名：オフショルニット＆パンツSET"	in stock	999	new	7990 JPY	https://www.retro-girl.jp/item/111418.html	https://img-retro-girl.freetls.fastly.net/retrogirl/image_item/111/111418/11141803_b.jpg	ems excite		https://img-retro-girl.freetls.fastly.net/retrogirl/image_item/111/111418/11141801_b.jpg,https://img-retro-girl.freetls.fastly.net/retrogirl/image_item/111/111418/11141802_b.jpg	トップス > ニット/セーター	ベージュ	FREE		adult	female	
EL657131C0010907	EL657131C001	リボンバルーンスウェットスカート - ブラック / FREE	"＜ラフなスウェット素材のバルーンミニスカート＞
▼デザイン
・スウェット素材でカジュアルなバルーンスカート
・インナーパンツがついているから安心◎
・フロント部分にはリボンが大きくデザインされています。
・ウエストは全面ゴムで伸縮性ばっちり！
▼コーディネート
ボリューム感のあるスカートなので、トップスはシンプルにカットソーで合わせても可愛い！
あえてカジュアルなトップスと合わせても程よく甘いスタイリングに。
------------------------------
生地感：普通
伸縮性：なし
透け感：なし
インパン：ある
------------------------------
▼ブランド紹介
ems excite (エムズエキサイト）
“more fun more cute”
今をもっと楽しく
もっと可愛くいたい女の子に向けた
girly cuteなブランド
#スウェット #ミニスカート #バルーンスカート #ガーリーアイテム #レーススカート #リボン
▼注意事項
※撮影環境やモニター環境によって実際の商品とお色味が多少異なってみえる場合がございます。
品番：EL657131C001　/ 品名：リボンバルーンスウェットSK"	in stock	999	new	3990 JPY	https://www.retro-girl.jp/item/111329.html	https://img-retro-girl.freetls.fastly.net/retrogirl/image_item/111/111329/11132901_b.jpg	ems excite		https://img-retro-girl.freetls.fastly.net/retrogirl/image_item/111/111329/11132902_b.jpg,https://img-retro-girl.freetls.fastly.net/retrogirl/image_item/111/111329/11132903_b.jpg	スカート > ミニスカート	ブラック	FREE		adult	female	
EL657131C0011007	EL657131C001	リボンバルーンスウェットスカート - ライトグレー / FREE	"＜ラフなスウェット素材のバルーンミニスカート＞
▼デザイン
・スウェット素材でカジュアルなバルーンスカート
・インナーパンツがついているから安心◎
・フロント部分にはリボンが大きくデザインされています。
・ウエストは全面ゴムで伸縮性ばっちり！
▼コーディネート
ボリューム感のあるスカートなので、トップスはシンプルにカットソーで合わせても可愛い！
あえてカジュアルなトップスと合わせても程よく甘いスタイリングに。
------------------------------
生地感：普通
伸縮性：なし
透け感：なし
インパン：ある
------------------------------
▼ブランド紹介
ems excite (エムズエキサイト）
“more fun more cute”
今をもっと楽しく
もっと可愛くいたい女の子に向けた
girly cuteなブランド
#スウェット #ミニスカート #バルーンスカート #ガーリーアイテム #レーススカート #リボン
▼注意事項
※撮影環境やモニター環境によって実際の商品とお色味が多少異なってみえる場合がございます。
品番：EL657131C001　/ 品名：リボンバルーンスウェットSK"	in stock	999	new	3990 JPY	https://www.retro-girl.jp/item/111329.html	https://img-retro-girl.freetls.fastly.net/retrogirl/image_item/111/111329/11132902_b.jpg	ems excite		https://img-retro-girl.freetls.fastly.net/retrogirl/image_item/111/111329/11132901_b.jpg,https://img-retro-girl.freetls.fastly.net/retrogirl/image_item/111/111329/11132903_b.jpg	スカート > ミニスカート	ライトグレー	FREE		adult	female	
EL657131C0012007	EL657131C001	リボンバルーンスウェットスカート - ピンク / FREE	"＜ラフなスウェット素材のバルーンミニスカート＞
▼デザイン
・スウェット素材でカジュアルなバルーンスカート
・インナーパンツがついているから安心◎
・フロント部分にはリボンが大きくデザインされています。
・ウエストは全面ゴムで伸縮性ばっちり！
▼コーディネート
ボリューム感のあるスカートなので、トップスはシンプルにカットソーで合わせても可愛い！
あえてカジュアルなトップスと合わせても程よく甘いスタイリングに。
------------------------------
生地感：普通
伸縮性：なし
透け感：なし
インパン：ある
------------------------------
▼ブランド紹介
ems excite (エムズエキサイト）
“more fun more cute”
今をもっと楽しく
もっと可愛くいたい女の子に向けた
girly cuteなブランド
#スウェット #ミニスカート #バルーンスカート #ガーリーアイテム #レーススカート #リボン
▼注意事項
※撮影環境やモニター環境によって実際の商品とお色味が多少異なってみえる場合がございます。
品番：EL657131C001　/ 品名：リボンバルーンスウェットSK"	in stock	999	new	3990 JPY	https://www.retro-girl.jp/item/111329.html	https://img-retro-girl.freetls.fastly.net/retrogirl/image_item/111/111329/11132903_b.jpg	ems excite		https://img-retro-girl.freetls.fastly.net/retrogirl/image_item/111/111329/11132901_b.jpg,https://img-retro-girl.freetls.fastly.net/retrogirl/image_item/111/111329/11132902_b.jpg	スカート > ミニスカート	ピンク	FREE		adult	female	
RF661712B0010907	RF661712B001	タイ付ポコポコニット - ブラック / FREE	"＜表面感あるポコポコ素材で動きのある垢抜けコーデに＞
▼デザイン
・ゆったりしたシルエットのポコポコニット
・表面感ある素材でコーデに奥行き感をプラス。
・秋にピッタリなざっくりした編地がとっても可愛い。
・首回りには同素材のタイがセットになっているので、首元も華やかに
▼コーディネート
ワンピースの上からレイヤードしたり、スカートと合わせて女性らしいコーデがおすすめ！
タイは結び方のアレンジもできるので、コディネートが楽しい♪
▼スタイルアップポイント
ジャスト～少し大き目の着丈なので、骨格ストレートさん、ナチュラルさんにおすすめ！
ウェーブさんは、首元のタイをリボン結びにして、上重心を意識♪
-----------------------------
生地感：やや薄手
伸縮性：ある
透け感：ある
裏地：なし
------------------------------
▼ブランド紹介
RETRO GIRL (レトロガール）
～日常に、ひとさじのときめきを～
いつものスタイルに新しい気分を織り込んで、
毎日をたのしむきっかけを作るブランド。
▼SNS
新着アイテムやお得なセール情報を配信中♪
【公式 Instagram】
＠retrogirl_official
【公式 TikTok】
@retrogirl_official
#タイ付 #ニット #ポコポコニット #ポコポコ素材 ＃タイセット #ゆるっとシルエット
▼注意事項
※撮影環境やモニター環境によって実際の商品とお色味が多少異なってみえる場合がございます。
品番：RF661712B001　/ 品名：タイ付ポコポコニット"	in stock	999	new	3990 JPY	https://www.retro-girl.jp/item/111375.html	https://img-retro-girl.freetls.fastly.net/retrogirl/image_item/111/111375/11137502_b.jpg	RETRO GIRL		https://img-retro-girl.freetls.fastly.net/retrogirl/image_item/111/111375/11137501_b.jpg,https://img-retro-girl.freetls.fastly.net/retrogirl/image_item/111/111375/11137503_b.jpg	トップス > ニット/セーター	ブラック	FREE		adult	female	
RF661712B0010407	RF661712B001	タイ付ポコポコニット - エクリュ / FREE	"＜表面感あるポコポコ素材で動きのある垢抜けコーデに＞
▼デザイン
・ゆったりしたシルエットのポコポコニット
・表面感ある素材でコーデに奥行き感をプラス。
・秋にピッタリなざっくりした編地がとっても可愛い。
・首回りには同素材のタイがセットになっているので、首元も華やかに
▼コーディネート
ワンピースの上からレイヤードしたり、スカートと合わせて女性らしいコーデがおすすめ！
タイは結び方のアレンジもできるので、コディネートが楽しい♪
▼スタイルアップポイント
ジャスト～少し大き目の着丈なので、骨格ストレートさん、ナチュラルさんにおすすめ！
ウェーブさんは、首元のタイをリボン結びにして、上重心を意識♪
-----------------------------
生地感：やや薄手
伸縮性：ある
透け感：ある
裏地：なし
------------------------------
▼ブランド紹介
RETRO GIRL (レトロガール）
～日常に、ひとさじのときめきを～
いつものスタイルに新しい気分を織り込んで、
毎日をたのしむきっかけを作るブランド。
▼SNS
新着アイテムやお得なセール情報を配信中♪
【公式 Instagram】
＠retrogirl_official
【公式 TikTok】
@retrogirl_official
#タイ付 #ニット #ポコポコニット #ポコポコ素材 ＃タイセット #ゆるっとシルエット
▼注意事項
※撮影環境やモニター環境によって実際の商品とお色味が多少異なってみえる場合がございます。
品番：RF661712B001　/ 品名：タイ付ポコポコニット"	in stock	999	new	3990 JPY	https://www.retro-girl.jp/item/111375.html	https://img-retro-girl.freetls.fastly.net/retrogirl/image_item/111/111375/11137501_b.jpg	RETRO GIRL		https://img-retro-girl.freetls.fastly.net/retrogirl/image_item/111/111375/11137502_b.jpg,https://img-retro-girl.freetls.fastly.net/retrogirl/image_item/111/111375/11137503_b.jpg	トップス > ニット/セーター	エクリュ	FREE		adult	female	
RF661712B0018107	RF661712B001	タイ付ポコポコニット - ライトブルー / FREE	"＜表面感あるポコポコ素材で動きのある垢抜けコーデに＞
▼デザイン
・ゆったりしたシルエットのポコポコニット
・表面感ある素材でコーデに奥行き感をプラス。
・秋にピッタリなざっくりした編地がとっても可愛い。
・首回りには同素材のタイがセットになっているので、首元も華やかに
▼コーディネート
ワンピースの上からレイヤードしたり、スカートと合わせて女性らしいコーデがおすすめ！
タイは結び方のアレンジもできるので、コディネートが楽しい♪
▼スタイルアップポイント
ジャスト～少し大き目の着丈なので、骨格ストレートさん、ナチュラルさんにおすすめ！
ウェーブさんは、首元のタイをリボン結びにして、上重心を意識♪
-----------------------------
生地感：やや薄手
伸縮性：ある
透け感：ある
裏地：なし
------------------------------
▼ブランド紹介
RETRO GIRL (レトロガール）
～日常に、ひとさじのときめきを～
いつものスタイルに新しい気分を織り込んで、
毎日をたのしむきっかけを作るブランド。
▼SNS
新着アイテムやお得なセール情報を配信中♪
【公式 Instagram】
＠retrogirl_official
【公式 TikTok】
@retrogirl_official
#タイ付 #ニット #ポコポコニット #ポコポコ素材 ＃タイセット #ゆるっとシルエット
▼注意事項
※撮影環境やモニター環境によって実際の商品とお色味が多少異なってみえる場合がございます。
品番：RF661712B001　/ 品名：タイ付ポコポコニット"	in stock	999	new	3990 JPY	https://www.retro-girl.jp/item/111375.html	https://img-retro-girl.freetls.fastly.net/retrogirl/image_item/111/111375/11137503_b.jpg	RETRO GIRL		https://img-retro-girl.freetls.fastly.net/retrogirl/image_item/111/111375/11137502_b.jpg,https://img-retro-girl.freetls.fastly.net/retrogirl/image_item/111/111375/11137501_b.jpg	トップス > ニット/セーター	ライトブルー	FREE		adult	female	
RW647732T0011007	RW647732T001	ヘリンボーンバミューダパンツ - ライトグレー / FREE	"＜冬素材で暖かいバミューダパンツ＞
▼デザイン
・今シーズントレンドのバミューダパンツ
・ヘリンボーン素材で秋冬ムードを高めてくれます。
・後ろウエストはゴム仕様でゆったりした着心地
▼コーディネート
チュニック丈ブラウスやトレンドのロングブーツなどを合わせるだけで
今シーズンらしいワンランク上のスタイリングが決まります！
------------------------------
生地感：厚手
伸縮性：なし
透け感：なし
裏地：ある
-----------------------------
▼ブランド紹介
RETRO GIRL (レトロガール）
自分らしい“ベーシックアイテム”と
新しい自分の”トレンドアイテム”が
見つかる場所
今らしいファッションを楽しむ
女性のためのブランド
#バミューダ #ヘリンボーン #ショートパンツ #ハーフパンツ
▼注意事項
※撮影環境やモニター環境によって実際の商品とお色味が
多少異なってみえる場合がございます。
品番：RW647732T001　/ 品名：ヘリンボーンバミューダパンツ"	in stock	999	new	3990 JPY	https://www.retro-girl.jp/item/111346.html	https://img-retro-girl.freetls.fastly.net/retrogirl/image_item/111/111346/11134601_b.jpg	RETRO GIRL		https://img-retro-girl.freetls.fastly.net/retrogirl/image_item/111/111346/11134602_b.jpg,https://img-retro-girl.freetls.fastly.net/retrogirl/image_item/111/111346/11134603_b.jpg	パンツ > ショートパンツ	ライトグレー	FREE		adult	female	
RW647732T0011207	RW647732T001	ヘリンボーンバミューダパンツ - チャコールグレー / FREE	"＜冬素材で暖かいバミューダパンツ＞
▼デザイン
・今シーズントレンドのバミューダパンツ
・ヘリンボーン素材で秋冬ムードを高めてくれます。
・後ろウエストはゴム仕様でゆったりした着心地
▼コーディネート
チュニック丈ブラウスやトレンドのロングブーツなどを合わせるだけで
今シーズンらしいワンランク上のスタイリングが決まります！
------------------------------
生地感：厚手
伸縮性：なし
透け感：なし
裏地：ある
-----------------------------
▼ブランド紹介
RETRO GIRL (レトロガール）
自分らしい“ベーシックアイテム”と
新しい自分の”トレンドアイテム”が
見つかる場所
今らしいファッションを楽しむ
女性のためのブランド
#バミューダ #ヘリンボーン #ショートパンツ #ハーフパンツ
▼注意事項
※撮影環境やモニター環境によって実際の商品とお色味が
多少異なってみえる場合がございます。
品番：RW647732T001　/ 品名：ヘリンボーンバミューダパンツ"	in stock	999	new	3990 JPY	https://www.retro-girl.jp/item/111346.html	https://img-retro-girl.freetls.fastly.net/retrogirl/image_item/111/111346/11134602_b.jpg	RETRO GIRL		https://img-retro-girl.freetls.fastly.net/retrogirl/image_item/111/111346/11134601_b.jpg,https://img-retro-girl.freetls.fastly.net/retrogirl/image_item/111/111346/11134603_b.jpg	パンツ > ショートパンツ	チャコールグレー	FREE		adult	female	
RL645941B0014300	RL645941B001	【トイストーリー】巾着ポーチ - マルチA / ONE SIZE	"〈TOY STORY COLLECTION〉
▼デザイン
大ヒット上映中！『トイ・ストーリー』のアイテムが登場！
持ち歩きたくなる巾着ポーチ！
お気に入りのキャラクターと一緒なら、いつものお出かけももっと楽しく
カラー展開も夏らしいPOPなカラーでご用意♪
▼ブランド紹介
RETRO GIRL (レトロガール）
自分らしい“ベーシックアイテム”と
新しい自分の”トレンドアイテム”が
見つかる場所
今らしいファッションを楽しむ
女性のためのブランド
#ポーチ #巾着 #ギンガムチェック #コラボバッグ #カラーアイテム
▼注意事項
※撮影環境やモニター環境によって実際の商品とお色味が
多少異なってみえる場合がございます。
品番：RL645941B001　/ 品名：【トイストーリー】巾着ポーチ"	in stock	999	new	1980 JPY	https://www.retro-girl.jp/item/111314.html	https://img-retro-girl.freetls.fastly.net/retrogirl/image_item/111/111314/11131401_b.jpg	RETRO GIRL		https://img-retro-girl.freetls.fastly.net/retrogirl/image_item/111/111314/11131402_b.jpg,https://img-retro-girl.freetls.fastly.net/retrogirl/image_item/111/111314/11131403_b.jpg,https://img-retro-girl.freetls.fastly.net/retrogirl/image_item/111/111314/11131404_b.jpg	その他 > その他	マルチA	ONE SIZE	ポリエステル100％	adult	female	
RL645941B0014400	RL645941B001	【トイストーリー】巾着ポーチ - マルチB / ONE SIZE	"〈TOY STORY COLLECTION〉
▼デザイン
大ヒット上映中！『トイ・ストーリー』のアイテムが登場！
持ち歩きたくなる巾着ポーチ！
お気に入りのキャラクターと一緒なら、いつものお出かけももっと楽しく
カラー展開も夏らしいPOPなカラーでご用意♪
▼ブランド紹介
RETRO GIRL (レトロガール）
自分らしい“ベーシックアイテム”と
新しい自分の”トレンドアイテム”が
見つかる場所
今らしいファッションを楽しむ
女性のためのブランド
#ポーチ #巾着 #ギンガムチェック #コラボバッグ #カラーアイテム
▼注意事項
※撮影環境やモニター環境によって実際の商品とお色味が
多少異なってみえる場合がございます。
品番：RL645941B001　/ 品名：【トイストーリー】巾着ポーチ"	in stock	999	new	1980 JPY	https://www.retro-girl.jp/item/111314.html	https://img-retro-girl.freetls.fastly.net/retrogirl/image_item/111/111314/11131402_b.jpg	RETRO GIRL		https://img-retro-girl.freetls.fastly.net/retrogirl/image_item/111/111314/11131401_b.jpg,https://img-retro-girl.freetls.fastly.net/retrogirl/image_item/111/111314/11131403_b.jpg,https://img-retro-girl.freetls.fastly.net/retrogirl/image_item/111/111314/11131404_b.jpg	その他 > その他	マルチB	ONE SIZE	ポリエステル100％	adult	female	
RL645941B0017000	RL645941B001	【トイストーリー】巾着ポーチ - グリーン / ONE SIZE	"〈TOY STORY COLLECTION〉
▼デザイン
大ヒット上映中！『トイ・ストーリー』のアイテムが登場！
持ち歩きたくなる巾着ポーチ！
お気に入りのキャラクターと一緒なら、いつものお出かけももっと楽しく
カラー展開も夏らしいPOPなカラーでご用意♪
▼ブランド紹介
RETRO GIRL (レトロガール）
自分らしい“ベーシックアイテム”と
新しい自分の”トレンドアイテム”が
見つかる場所
今らしいファッションを楽しむ
女性のためのブランド
#ポーチ #巾着 #ギンガムチェック #コラボバッグ #カラーアイテム
▼注意事項
※撮影環境やモニター環境によって実際の商品とお色味が
多少異なってみえる場合がございます。
品番：RL645941B001　/ 品名：【トイストーリー】巾着ポーチ"	in stock	999	new	1980 JPY	https://www.retro-girl.jp/item/111314.html	https://img-retro-girl.freetls.fastly.net/retrogirl/image_item/111/111314/11131403_b.jpg	RETRO GIRL		https://img-retro-girl.freetls.fastly.net/retrogirl/image_item/111/111314/11131401_b.jpg,https://img-retro-girl.freetls.fastly.net/retrogirl/image_item/111/111314/11131402_b.jpg,https://img-retro-girl.freetls.fastly.net/retrogirl/image_item/111/111314/11131404_b.jpg	その他 > その他	グリーン	ONE SIZE	ポリエステル100％	adult	female	
RL645941B0018000	RL645941B001	【トイストーリー】巾着ポーチ - ブルー / ONE SIZE	"〈TOY STORY COLLECTION〉
▼デザイン
大ヒット上映中！『トイ・ストーリー』のアイテムが登場！
持ち歩きたくなる巾着ポーチ！
お気に入りのキャラクターと一緒なら、いつものお出かけももっと楽しく
カラー展開も夏らしいPOPなカラーでご用意♪
▼ブランド紹介
RETRO GIRL (レトロガール）
自分らしい“ベーシックアイテム”と
新しい自分の”トレンドアイテム”が
見つかる場所
今らしいファッションを楽しむ
女性のためのブランド
#ポーチ #巾着 #ギンガムチェック #コラボバッグ #カラーアイテム
▼注意事項
※撮影環境やモニター環境によって実際の商品とお色味が
多少異なってみえる場合がございます。
品番：RL645941B001　/ 品名：【トイストーリー】巾着ポーチ"	in stock	999	new	1980 JPY	https://www.retro-girl.jp/item/111314.html	https://img-retro-girl.freetls.fastly.net/retrogirl/image_item/111/111314/11131404_b.jpg	RETRO GIRL		https://img-retro-girl.freetls.fastly.net/retrogirl/image_item/111/111314/11131401_b.jpg,https://img-retro-girl.freetls.fastly.net/retrogirl/image_item/111/111314/11131402_b.jpg,https://img-retro-girl.freetls.fastly.net/retrogirl/image_item/111/111314/11131403_b.jpg	その他 > その他	ブルー	ONE SIZE	ポリエステル100％	adult	female	
RF657111T0010407	RF657111T001	半袖ウェーブカットカーデ - エクリュ / FREE	"＜表情のある素材で、いつものコーデに奥行きを＞
▼デザイン
・ポコポコ表面感のあるカットカーディガン
・シンプルなデザインで、使いやすいのが嬉しい！
・華奢なボタンが上品で、レディな印象に♪
・袖はパフスリーブでボリューム感あるシルエットに
▼コーディネート
女性らしいフェミニンスタイリングにおすすめ！
ワンピースの上に羽織ったり、ビスチェの上に羽織ったり、１枚で着用したり
使い方は無限大です。
▼スタイルアップポイント
肩幅が華奢な骨格ウェーブさんのバランスを取ってくれるショルダーデザイン！
着丈もコンパクトで、上重心に目線を持ってこれるのも嬉しい♪
-----------------------------
生地感：普通
伸縮性：ある
透け感：なし
裏地：なし
------------------------------
▼ブランド紹介
RETRO GIRL (レトロガール）
～日常に、ひとさじのときめきを～
いつものスタイルに新しい気分を織り込んで、
毎日をたのしむきっかけを作るブランド。
▼SNS
新着アイテムやお得なセール情報を配信中♪
【公式 Instagram】
＠retrogirl_official
【公式 TikTok】
@retrogirl_official
#カーディガン #半袖カーディガン #ウェーブカット #ベーシックアイテム
▼注意事項
※撮影環境やモニター環境によって実際の商品とお色味が多少異なってみえる場合がございます。
品番：RF657111T001　/ 品名：半袖ウェーブカットカーデ"	in stock	999	new	3690 JPY	https://www.retro-girl.jp/item/111372.html	https://img-retro-girl.freetls.fastly.net/retrogirl/image_item/111/111372/11137201_b.jpg	RETRO GIRL		https://img-retro-girl.freetls.fastly.net/retrogirl/image_item/111/111372/11137202_b.jpg,https://img-retro-girl.freetls.fastly.net/retrogirl/image_item/111/111372/11137203_b.jpg	トップス > Tシャツ/カットソー	エクリュ	FREE		adult	female	
RF657111T0010907	RF657111T001	半袖ウェーブカットカーデ - ブラック / FREE	"＜表情のある素材で、いつものコーデに奥行きを＞
▼デザイン
・ポコポコ表面感のあるカットカーディガン
・シンプルなデザインで、使いやすいのが嬉しい！
・華奢なボタンが上品で、レディな印象に♪
・袖はパフスリーブでボリューム感あるシルエットに
▼コーディネート
女性らしいフェミニンスタイリングにおすすめ！
ワンピースの上に羽織ったり、ビスチェの上に羽織ったり、１枚で着用したり
使い方は無限大です。
▼スタイルアップポイント
肩幅が華奢な骨格ウェーブさんのバランスを取ってくれるショルダーデザイン！
着丈もコンパクトで、上重心に目線を持ってこれるのも嬉しい♪
-----------------------------
生地感：普通
伸縮性：ある
透け感：なし
裏地：なし
------------------------------
▼ブランド紹介
RETRO GIRL (レトロガール）
～日常に、ひとさじのときめきを～
いつものスタイルに新しい気分を織り込んで、
毎日をたのしむきっかけを作るブランド。
▼SNS
新着アイテムやお得なセール情報を配信中♪
【公式 Instagram】
＠retrogirl_official
【公式 TikTok】
@retrogirl_official
#カーディガン #半袖カーディガン #ウェーブカット #ベーシックアイテム
▼注意事項
※撮影環境やモニター環境によって実際の商品とお色味が多少異なってみえる場合がございます。
品番：RF657111T001　/ 品名：半袖ウェーブカットカーデ"	in stock	999	new	3690 JPY	https://www.retro-girl.jp/item/111372.html	https://img-retro-girl.freetls.fastly.net/retrogirl/image_item/111/111372/11137202_b.jpg	RETRO GIRL		https://img-retro-girl.freetls.fastly.net/retrogirl/image_item/111/111372/11137201_b.jpg,https://img-retro-girl.freetls.fastly.net/retrogirl/image_item/111/111372/11137203_b.jpg	トップス > Tシャツ/カットソー	ブラック	FREE		adult	female	
RF657111T0015007	RF657111T001	半袖ウェーブカットカーデ - ブラウン / FREE	"＜表情のある素材で、いつものコーデに奥行きを＞
▼デザイン
・ポコポコ表面感のあるカットカーディガン
・シンプルなデザインで、使いやすいのが嬉しい！
・華奢なボタンが上品で、レディな印象に♪
・袖はパフスリーブでボリューム感あるシルエットに
▼コーディネート
女性らしいフェミニンスタイリングにおすすめ！
ワンピースの上に羽織ったり、ビスチェの上に羽織ったり、１枚で着用したり
使い方は無限大です。
▼スタイルアップポイント
肩幅が華奢な骨格ウェーブさんのバランスを取ってくれるショルダーデザイン！
着丈もコンパクトで、上重心に目線を持ってこれるのも嬉しい♪
-----------------------------
生地感：普通
伸縮性：ある
透け感：なし
裏地：なし
------------------------------
▼ブランド紹介
RETRO GIRL (レトロガール）
～日常に、ひとさじのときめきを～
いつものスタイルに新しい気分を織り込んで、
毎日をたのしむきっかけを作るブランド。
▼SNS
新着アイテムやお得なセール情報を配信中♪
【公式 Instagram】
＠retrogirl_official
【公式 TikTok】
@retrogirl_official
#カーディガン #半袖カーディガン #ウェーブカット #ベーシックアイテム
▼注意事項
※撮影環境やモニター環境によって実際の商品とお色味が多少異なってみえる場合がございます。
品番：RF657111T001　/ 品名：半袖ウェーブカットカーデ"	in stock	999	new	3690 JPY	https://www.retro-girl.jp/item/111372.html	https://img-retro-girl.freetls.fastly.net/retrogirl/image_item/111/111372/11137203_b.jpg	RETRO GIRL		https://img-retro-girl.freetls.fastly.net/retrogirl/image_item/111/111372/11137201_b.jpg,https://img-retro-girl.freetls.fastly.net/retrogirl/image_item/111/111372/11137202_b.jpg	トップス > Tシャツ/カットソー	ブラウン	FREE		adult	female	
EF680032G0010907	EF680032G001	アソートラップスカパン - ブラック / FREE	"〈ラップデザインがオシャレなチェック柄ミニスカートパンツ＞
▼デザイン
・タイトで綺麗なシルエットのミニスカートパンツ！
・フロント部分に重なるラップデザインで、脚が綺麗に見えるのが嬉しいポイント！
・冬らしいチェック柄３色でご用意。
・くるみボタンで温かみのあるワンポイントに◎
・スカートに見えますが、しっかりパンツになっているので安心して着用頂けます♪
▼コーディネート
シンプルなトップスでも引き立ててくれるデザインスカートです。
ミニ丈アイテムなので、ロングブーツと相性抜群◎
------------------------------
生地感：普通
伸縮性：あり
透け感：なし
インパン：あり
------------------------------
▼ブランド紹介
ems excite (エムズエキサイト）
“more fun more cute”
今をもっと楽しく
もっと可愛くいたい女の子に向けた
girly cuteなブランド
#ミニスカート #チェックスカート#ガーリースカート #デザインスカート ＃デートコーデ ＃ミニ丈 #ラップスカート #ラップデザイン
▼注意事項
※撮影環境やモニター環境によって実際の商品とお色味が多少異なってみえる場合がございます。
※サイズはサンプル品を基に採寸しております。
実際の商品とは若干の誤差が生じる場合がございますので、あらかじめご了承ください。
品番：EF680032G001 / 品名：アソートラップスカパン"	in stock	999	new	4390 JPY	https://www.retro-girl.jp/item/111307.html	https://img-retro-girl.freetls.fastly.net/retrogirl/image_item/111/111307/11130701_b.jpg	ems excite		https://img-retro-girl.freetls.fastly.net/retrogirl/image_item/111/111307/11130702_b.jpg,https://img-retro-girl.freetls.fastly.net/retrogirl/image_item/111/111307/11130703_b.jpg	パンツ > ショートパンツ	ブラック	FREE		adult	female	
EF680032G0013607	EF680032G001	アソートラップスカパン - レッド/チェック / FREE	"〈ラップデザインがオシャレなチェック柄ミニスカートパンツ＞
▼デザイン
・タイトで綺麗なシルエットのミニスカートパンツ！
・フロント部分に重なるラップデザインで、脚が綺麗に見えるのが嬉しいポイント！
・冬らしいチェック柄３色でご用意。
・くるみボタンで温かみのあるワンポイントに◎
・スカートに見えますが、しっかりパンツになっているので安心して着用頂けます♪
▼コーディネート
シンプルなトップスでも引き立ててくれるデザインスカートです。
ミニ丈アイテムなので、ロングブーツと相性抜群◎
------------------------------
生地感：普通
伸縮性：あり
透け感：なし
インパン：あり
------------------------------
▼ブランド紹介
ems excite (エムズエキサイト）
“more fun more cute”
今をもっと楽しく
もっと可愛くいたい女の子に向けた
girly cuteなブランド
#ミニスカート #チェックスカート#ガーリースカート #デザインスカート ＃デートコーデ ＃ミニ丈 #ラップスカート #ラップデザイン
▼注意事項
※撮影環境やモニター環境によって実際の商品とお色味が多少異なってみえる場合がございます。
※サイズはサンプル品を基に採寸しております。
実際の商品とは若干の誤差が生じる場合がございますので、あらかじめご了承ください。
品番：EF680032G001 / 品名：アソートラップスカパン"	in stock	999	new	4390 JPY	https://www.retro-girl.jp/item/111307.html	https://img-retro-girl.freetls.fastly.net/retrogirl/image_item/111/111307/11130702_b.jpg	ems excite		https://img-retro-girl.freetls.fastly.net/retrogirl/image_item/111/111307/11130701_b.jpg,https://img-retro-girl.freetls.fastly.net/retrogirl/image_item/111/111307/11130703_b.jpg	パンツ > ショートパンツ	レッド/チェック	FREE		adult	female	
EF680032G0015607	EF680032G001	アソートラップスカパン - ブラウン/チェック / FREE	"〈ラップデザインがオシャレなチェック柄ミニスカートパンツ＞
▼デザイン
・タイトで綺麗なシルエットのミニスカートパンツ！
・フロント部分に重なるラップデザインで、脚が綺麗に見えるのが嬉しいポイント！
・冬らしいチェック柄３色でご用意。
・くるみボタンで温かみのあるワンポイントに◎
・スカートに見えますが、しっかりパンツになっているので安心して着用頂けます♪
▼コーディネート
シンプルなトップスでも引き立ててくれるデザインスカートです。
ミニ丈アイテムなので、ロングブーツと相性抜群◎
------------------------------
生地感：普通
伸縮性：あり
透け感：なし
インパン：あり
------------------------------
▼ブランド紹介
ems excite (エムズエキサイト）
“more fun more cute”
今をもっと楽しく
もっと可愛くいたい女の子に向けた
girly cuteなブランド
#ミニスカート #チェックスカート#ガーリースカート #デザインスカート ＃デートコーデ ＃ミニ丈 #ラップスカート #ラップデザイン
▼注意事項
※撮影環境やモニター環境によって実際の商品とお色味が多少異なってみえる場合がございます。
※サイズはサンプル品を基に採寸しております。
実際の商品とは若干の誤差が生じる場合がございますので、あらかじめご了承ください。
品番：EF680032G001 / 品名：アソートラップスカパン"	in stock	999	new	4390 JPY	https://www.retro-girl.jp/item/111307.html	https://img-retro-girl.freetls.fastly.net/retrogirl/image_item/111/111307/11130703_b.jpg	ems excite		https://img-retro-girl.freetls.fastly.net/retrogirl/image_item/111/111307/11130701_b.jpg,https://img-retro-girl.freetls.fastly.net/retrogirl/image_item/111/111307/11130702_b.jpg	パンツ > ショートパンツ	ブラウン/チェック	FREE		adult	female	
RF661523T0010407	RF661523T001	ラッフルブラウス - エクリュ / FREE	"〈ラッフル襟が華やかなフリルブラウス〉
▼デザイン
・首周りのフリルが目を惹くブラウスアイテム。
・ダブルフリルでボリューム感があり、顔周りも華やかに。
・着丈は短く、すっきりした印象に。
・袖口もキャンディースリーブで可愛いワンポイントに。
▼コーディネート
ボトムにデニムを取り入れて甘カジコーデがオススメ
スカートと合わせれば大人フェミニンなスタイリングが完成します
▼スタイルアップポイント
骨格ウェーブさんにおすすめのアイテム！
ボリューム感のあるフリルと、コンパクトな着丈が１枚でスタイルアップしてくれる秘訣です。
-----------------------------
生地感：普通
伸縮性：なし
透け感：なし
裏地：なし
------------------------------
▼ブランド紹介
RETRO GIRL (レトロガール）
～日常に、ひとさじのときめきを～
いつものスタイルに新しい気分を織り込んで、
毎日をたのしむきっかけを作るブランド。
▼SNS
新着アイテムやお得なセール情報を配信中♪
【公式 Instagram】
＠retrogirl_official
【公式 TikTok】
@retrogirl_official
#ガーリー #ガーリーブラウス #フリルブラウス #フェミニンコーデ #秋コーデ #フリル
▼注意事項
※撮影環境やモニター環境によって実際の商品とお色味が
多少異なってみえる場合がございます。
品番：RF661523T001　/ 品名：ラッフルブラウス"	in stock	999	new	3990 JPY	https://www.retro-girl.jp/item/111376.html	https://img-retro-girl.freetls.fastly.net/retrogirl/image_item/111/111376/11137601_b.jpg	RETRO GIRL		https://img-retro-girl.freetls.fastly.net/retrogirl/image_item/111/111376/11137602_b.jpg,https://img-retro-girl.freetls.fastly.net/retrogirl/image_item/111/111376/11137603_b.jpg	トップス > シャツ/ブラウス	エクリュ	FREE	ポリエステル97％ ポリウレタン3％	adult	female	
RF661523T0010907	RF661523T001	ラッフルブラウス - ブラック / FREE	"〈ラッフル襟が華やかなフリルブラウス〉
▼デザイン
・首周りのフリルが目を惹くブラウスアイテム。
・ダブルフリルでボリューム感があり、顔周りも華やかに。
・着丈は短く、すっきりした印象に。
・袖口もキャンディースリーブで可愛いワンポイントに。
▼コーディネート
ボトムにデニムを取り入れて甘カジコーデがオススメ
スカートと合わせれば大人フェミニンなスタイリングが完成します
▼スタイルアップポイント
骨格ウェーブさんにおすすめのアイテム！
ボリューム感のあるフリルと、コンパクトな着丈が１枚でスタイルアップしてくれる秘訣です。
-----------------------------
生地感：普通
伸縮性：なし
透け感：なし
裏地：なし
------------------------------
▼ブランド紹介
RETRO GIRL (レトロガール）
～日常に、ひとさじのときめきを～
いつものスタイルに新しい気分を織り込んで、
毎日をたのしむきっかけを作るブランド。
▼SNS
新着アイテムやお得なセール情報を配信中♪
【公式 Instagram】
＠retrogirl_official
【公式 TikTok】
@retrogirl_official
#ガーリー #ガーリーブラウス #フリルブラウス #フェミニンコーデ #秋コーデ #フリル
▼注意事項
※撮影環境やモニター環境によって実際の商品とお色味が
多少異なってみえる場合がございます。
品番：RF661523T001　/ 品名：ラッフルブラウス"	in stock	999	new	3990 JPY	https://www.retro-girl.jp/item/111376.html	https://img-retro-girl.freetls.fastly.net/retrogirl/image_item/111/111376/11137602_b.jpg	RETRO GIRL		https://img-retro-girl.freetls.fastly.net/retrogirl/image_item/111/111376/11137601_b.jpg,https://img-retro-girl.freetls.fastly.net/retrogirl/image_item/111/111376/11137603_b.jpg	トップス > シャツ/ブラウス	ブラック	FREE	ポリエステル97％ ポリウレタン3％	adult	female	
RF661523T0011207	RF661523T001	ラッフルブラウス - チャコールグレー / FREE	"〈ラッフル襟が華やかなフリルブラウス〉
▼デザイン
・首周りのフリルが目を惹くブラウスアイテム。
・ダブルフリルでボリューム感があり、顔周りも華やかに。
・着丈は短く、すっきりした印象に。
・袖口もキャンディースリーブで可愛いワンポイントに。
▼コーディネート
ボトムにデニムを取り入れて甘カジコーデがオススメ
スカートと合わせれば大人フェミニンなスタイリングが完成します
▼スタイルアップポイント
骨格ウェーブさんにおすすめのアイテム！
ボリューム感のあるフリルと、コンパクトな着丈が１枚でスタイルアップしてくれる秘訣です。
-----------------------------
生地感：普通
伸縮性：なし
透け感：なし
裏地：なし
------------------------------
▼ブランド紹介
RETRO GIRL (レトロガール）
～日常に、ひとさじのときめきを～
いつものスタイルに新しい気分を織り込んで、
毎日をたのしむきっかけを作るブランド。
▼SNS
新着アイテムやお得なセール情報を配信中♪
【公式 Instagram】
＠retrogirl_official
【公式 TikTok】
@retrogirl_official
#ガーリー #ガーリーブラウス #フリルブラウス #フェミニンコーデ #秋コーデ #フリル
▼注意事項
※撮影環境やモニター環境によって実際の商品とお色味が
多少異なってみえる場合がございます。
品番：RF661523T001　/ 品名：ラッフルブラウス"	in stock	999	new	3990 JPY	https://www.retro-girl.jp/item/111376.html	https://img-retro-girl.freetls.fastly.net/retrogirl/image_item/111/111376/11137603_b.jpg	RETRO GIRL		https://img-retro-girl.freetls.fastly.net/retrogirl/image_item/111/111376/11137601_b.jpg,https://img-retro-girl.freetls.fastly.net/retrogirl/image_item/111/111376/11137602_b.jpg	トップス > シャツ/ブラウス	チャコールグレー	FREE	ポリエステル97％ ポリウレタン3％	adult	female	
RF641511T0020407	RF641511T002	【セットアイテム】バルーンビスチェ×インナーSET - エクリュ / FREE	"＜秋先取りにぴったりなフェザービスチェのセットコーデ＞
▼デザイン
・RETRO GIRLで毎回大人気のセットアイテム
・起毛感が可愛いフェザービスチェとカットソーのセット
・ビスチェは肩紐にアジャスターがついていて、着丈の調節が可能◎
・インナーは定番で使いやすいデザイン！
▼コーディネート
セットの着用はもちろん、別々でも着回し可能！
シアーインナーがまだ暑い時は、ビスチェをキャミソールに着込んで気温調節も！
▼セット内容
・フェザービスチェ
・シアーインナー
▼スタイルアップポイント
骨格ナチュラルさんが得意なビスチェの素材！
着丈は長めにゆるっと着用するのがおすすめです！
秋は上からパーカーを羽織って骨格ナチュラル優勝コーデに！
------------------------------
生地感：インナー：薄手　ビスチェ：普通
伸縮性：ある
透け感：インナー：ある　ビスチェ：なし
裏地：なし
------------------------------
▼ブランド紹介
RETRO GIRL (レトロガール）
自分らしい“ベーシックアイテム”と
新しい自分の”トレンドアイテム”が
見つかる場所
今らしいファッションを楽しむ
女性のためのブランド
#ビスチェ #シアーインナー #セットアイテム #フェザービスチェ #秋コーデ #秋アイテム
▼注意事項
※撮影環境やモニター環境によって実際の商品とお色味が
多少異なってみえる場合がございます。
品番：RF641511T002　/ 品名：バルーンビスチェ×インナーSET"	in stock	999	new	5490 JPY	https://www.retro-girl.jp/item/111317.html	https://img-retro-girl.freetls.fastly.net/retrogirl/image_item/111/111317/11131701_b.jpg	RETRO GIRL		https://img-retro-girl.freetls.fastly.net/retrogirl/image_item/111/111317/11131702_b.jpg	トップス > Tシャツ/カットソー	エクリュ	FREE	ビスチェ：ポリエステル100％インナー：ポリエステル100％	adult	female	
RF641511T0025007	RF641511T002	【セットアイテム】バルーンビスチェ×インナーSET - ブラウン / FREE	"＜秋先取りにぴったりなフェザービスチェのセットコーデ＞
▼デザイン
・RETRO GIRLで毎回大人気のセットアイテム
・起毛感が可愛いフェザービスチェとカットソーのセット
・ビスチェは肩紐にアジャスターがついていて、着丈の調節が可能◎
・インナーは定番で使いやすいデザイン！
▼コーディネート
セットの着用はもちろん、別々でも着回し可能！
シアーインナーがまだ暑い時は、ビスチェをキャミソールに着込んで気温調節も！
▼セット内容
・フェザービスチェ
・シアーインナー
▼スタイルアップポイント
骨格ナチュラルさんが得意なビスチェの素材！
着丈は長めにゆるっと着用するのがおすすめです！
秋は上からパーカーを羽織って骨格ナチュラル優勝コーデに！
------------------------------
生地感：インナー：薄手　ビスチェ：普通
伸縮性：ある
透け感：インナー：ある　ビスチェ：なし
裏地：なし
------------------------------
▼ブランド紹介
RETRO GIRL (レトロガール）
自分らしい“ベーシックアイテム”と
新しい自分の”トレンドアイテム”が
見つかる場所
今らしいファッションを楽しむ
女性のためのブランド
#ビスチェ #シアーインナー #セットアイテム #フェザービスチェ #秋コーデ #秋アイテム
▼注意事項
※撮影環境やモニター環境によって実際の商品とお色味が
多少異なってみえる場合がございます。
品番：RF641511T002　/ 品名：バルーンビスチェ×インナーSET"	in stock	999	new	5490 JPY	https://www.retro-girl.jp/item/111317.html	https://img-retro-girl.freetls.fastly.net/retrogirl/image_item/111/111317/11131702_b.jpg	RETRO GIRL		https://img-retro-girl.freetls.fastly.net/retrogirl/image_item/111/111317/11131701_b.jpg	トップス > Tシャツ/カットソー	ブラウン	FREE	ビスチェ：ポリエステル100％インナー：ポリエステル100％	adult	female	
RF656412T0018007	RF656412T001	半袖ラメシャギーニット - ブルー / FREE	"＜ふわっと、きらめくシャギーニット＞
▼デザイン
・キラキララメがミックスされたシャギーニット
・毎年大人気を頂くアイテムです
・今年は、胸元にプレートがデザインされていて、ワンポイントに
・秋っぽ素材ですが、半袖なので、今から着用できるのも嬉しい！
▼コーディネート
シンプルで着やすいデザインのニットアイテム。
ボトムはサテンスカートで上品なスタイリングに♪
▼スタイルアップポイント
骨格ウェーブさんおすすめのアイテム！
厚みの出るシャギーニットで、上半身のバランスが整います。
-----------------------------
生地感：普通
伸縮性：ある
透け感：なし
裏地：なし
------------------------------
▼ブランド紹介
RETRO GIRL (レトロガール）
～日常に、ひとさじのときめきを～
いつものスタイルに新しい気分を織り込んで、
毎日をたのしむきっかけを作るブランド。
▼SNS
新着アイテムやお得なセール情報を配信中♪
【公式 Instagram】
＠retrogirl_official
【公式 TikTok】
@retrogirl_official
#ラメ #ラメニット #シャギーニット #シャギーアイテム #シャギー素材
▼注意事項
※撮影環境やモニター環境によって実際の商品とお色味が多少異なってみえる場合がございます。
品番：RF656412T001　/ 品名：半袖ラメシャギーニット"	in stock	999	new	3990 JPY	https://www.retro-girl.jp/item/111373.html	https://img-retro-girl.freetls.fastly.net/retrogirl/image_item/111/111373/11137303_b.jpg	RETRO GIRL		https://img-retro-girl.freetls.fastly.net/retrogirl/image_item/111/111373/11137301_b.jpg,https://img-retro-girl.freetls.fastly.net/retrogirl/image_item/111/111373/11137302_b.jpg	トップス > ニット/セーター	ブルー	FREE		adult	female	
RF656412T0010407	RF656412T001	半袖ラメシャギーニット - エクリュ / FREE	"＜ふわっと、きらめくシャギーニット＞
▼デザイン
・キラキララメがミックスされたシャギーニット
・毎年大人気を頂くアイテムです
・今年は、胸元にプレートがデザインされていて、ワンポイントに
・秋っぽ素材ですが、半袖なので、今から着用できるのも嬉しい！
▼コーディネート
シンプルで着やすいデザインのニットアイテム。
ボトムはサテンスカートで上品なスタイリングに♪
▼スタイルアップポイント
骨格ウェーブさんおすすめのアイテム！
厚みの出るシャギーニットで、上半身のバランスが整います。
-----------------------------
生地感：普通
伸縮性：ある
透け感：なし
裏地：なし
------------------------------
▼ブランド紹介
RETRO GIRL (レトロガール）
～日常に、ひとさじのときめきを～
いつものスタイルに新しい気分を織り込んで、
毎日をたのしむきっかけを作るブランド。
▼SNS
新着アイテムやお得なセール情報を配信中♪
【公式 Instagram】
＠retrogirl_official
【公式 TikTok】
@retrogirl_official
#ラメ #ラメニット #シャギーニット #シャギーアイテム #シャギー素材
▼注意事項
※撮影環境やモニター環境によって実際の商品とお色味が多少異なってみえる場合がございます。
品番：RF656412T001　/ 品名：半袖ラメシャギーニット"	in stock	999	new	3990 JPY	https://www.retro-girl.jp/item/111373.html	https://img-retro-girl.freetls.fastly.net/retrogirl/image_item/111/111373/11137301_b.jpg	RETRO GIRL		https://img-retro-girl.freetls.fastly.net/retrogirl/image_item/111/111373/11137303_b.jpg,https://img-retro-girl.freetls.fastly.net/retrogirl/image_item/111/111373/11137302_b.jpg	トップス > ニット/セーター	エクリュ	FREE		adult	female	
RF656412T0015407	RF656412T001	半袖ラメシャギーニット - ベージュ / FREE	"＜ふわっと、きらめくシャギーニット＞
▼デザイン
・キラキララメがミックスされたシャギーニット
・毎年大人気を頂くアイテムです
・今年は、胸元にプレートがデザインされていて、ワンポイントに
・秋っぽ素材ですが、半袖なので、今から着用できるのも嬉しい！
▼コーディネート
シンプルで着やすいデザインのニットアイテム。
ボトムはサテンスカートで上品なスタイリングに♪
▼スタイルアップポイント
骨格ウェーブさんおすすめのアイテム！
厚みの出るシャギーニットで、上半身のバランスが整います。
-----------------------------
生地感：普通
伸縮性：ある
透け感：なし
裏地：なし
------------------------------
▼ブランド紹介
RETRO GIRL (レトロガール）
～日常に、ひとさじのときめきを～
いつものスタイルに新しい気分を織り込んで、
毎日をたのしむきっかけを作るブランド。
▼SNS
新着アイテムやお得なセール情報を配信中♪
【公式 Instagram】
＠retrogirl_official
【公式 TikTok】
@retrogirl_official
#ラメ #ラメニット #シャギーニット #シャギーアイテム #シャギー素材
▼注意事項
※撮影環境やモニター環境によって実際の商品とお色味が多少異なってみえる場合がございます。
品番：RF656412T001　/ 品名：半袖ラメシャギーニット"	in stock	999	new	3990 JPY	https://www.retro-girl.jp/item/111373.html	https://img-retro-girl.freetls.fastly.net/retrogirl/image_item/111/111373/11137302_b.jpg	RETRO GIRL		https://img-retro-girl.freetls.fastly.net/retrogirl/image_item/111/111373/11137303_b.jpg,https://img-retro-girl.freetls.fastly.net/retrogirl/image_item/111/111373/11137301_b.jpg	トップス > ニット/セーター	ベージュ	FREE		adult	female	
EF641522G0010907	EF641522G001	オフショルリボンワンピース - ブラック / FREE	"＜１枚でコーデが完成する上品ワンピース＞
▼デザイン
・emsで毎回大人気のミニ丈ワンピース
・AWビジュアルで着用のメインアイテム！
・胸元のリボンはシフォン素材で軽やかに。
・顔周りを華やかに仕上げてくれるガーリーワンピースです。
▼コーディネート
1枚でコーデが完成するアイテム！
クリスマスデートなど特別な日にもぴったりな1枚。
------------------------------
生地感：普通
伸縮性：ある
透け感：なし
裏地：なし
------------------------------
▼ブランド紹介
ems excite (エムズエキサイト）
“more fun more cute”
今をもっと楽しく
もっと可愛くいたい女の子に向けた
girly cuteなブランド
#ワンピース #リボン #リボンデザイン #ミニワンピース #ガーリー #デートコーデ #オフショルダー
▼注意事項
※撮影環境やモニター環境によって実際の商品とお色味が
多少異なってみえる場合がございます。
品番：EF641522G001　/ 品名：オフショルリボンワンピース"	in stock	999	new	5280 JPY	https://www.retro-girl.jp/item/111388.html	https://img-retro-girl.freetls.fastly.net/retrogirl/image_item/111/111388/11138801_b.jpg	ems excite		https://img-retro-girl.freetls.fastly.net/retrogirl/image_item/111/111388/11138802_b.jpg	ワンピース/ドレス > ミニワンピース	ブラック	FREE		adult	female	
EF641522G0015407	EF641522G001	オフショルリボンワンピース - ベージュ / FREE	"＜１枚でコーデが完成する上品ワンピース＞
▼デザイン
・emsで毎回大人気のミニ丈ワンピース
・AWビジュアルで着用のメインアイテム！
・胸元のリボンはシフォン素材で軽やかに。
・顔周りを華やかに仕上げてくれるガーリーワンピースです。
▼コーディネート
1枚でコーデが完成するアイテム！
クリスマスデートなど特別な日にもぴったりな1枚。
------------------------------
生地感：普通
伸縮性：ある
透け感：なし
裏地：なし
------------------------------
▼ブランド紹介
ems excite (エムズエキサイト）
“more fun more cute”
今をもっと楽しく
もっと可愛くいたい女の子に向けた
girly cuteなブランド
#ワンピース #リボン #リボンデザイン #ミニワンピース #ガーリー #デートコーデ #オフショルダー
▼注意事項
※撮影環境やモニター環境によって実際の商品とお色味が
多少異なってみえる場合がございます。
品番：EF641522G001　/ 品名：オフショルリボンワンピース"	in stock	999	new	5280 JPY	https://www.retro-girl.jp/item/111388.html	https://img-retro-girl.freetls.fastly.net/retrogirl/image_item/111/111388/11138802_b.jpg	ems excite		https://img-retro-girl.freetls.fastly.net/retrogirl/image_item/111/111388/11138801_b.jpg	ワンピース/ドレス > ミニワンピース	ベージュ	FREE		adult	female	
EF641512G0080907	EF641512G008	【セットアイテム】アーガイルニット＆ボレロSET - ブラック / FREE	"〈冬を演出するアーガイル柄のセットアイテム〉
▼アイテム
・emsで毎年大人気を頂くニットとボレロのセットアイテム。
・ノースリーブのニットとボレロがセットになりました。
・ノースリニットは、腰回りにアーガイル柄がデザインされていて、冬っぽいデザイン。
・ボレロはシンプルで、どんなコーデにも合わせやすい♪
・胸元のリボンがワンポイントになります。
▼コーディネート
バルーンスカートやフリルスカートと合わせてガーリーなコーデがおすすめ！
セットでの着用はもちろん、別々でも着用できるので嬉しい着回し力。
------------------------------
生地感：普通
伸縮性：ある
透け感：なし
裏地：なし
------------------------------
▼ブランド紹介
ems excite (エムズエキサイト）
“more fun more cute”
今をもっと楽しく
もっと可愛くいたい女の子に向けた
girly cuteなブランド
#ニット #ニットアイテム #柄アイテム #アーガイル #セットアイテム #フェミニンアイテム
▼注意事項
※撮影環境やモニター環境によって実際の商品とお色味が
多少異なってみえる場合がございます。
品番：EF641512G008　 / 品名：アーガイルニット＆ボレロSET"	in stock	999	new	5990 JPY	https://www.retro-girl.jp/item/111325.html	https://img-retro-girl.freetls.fastly.net/retrogirl/image_item/111/111325/11132502_b.jpg	ems excite		https://img-retro-girl.freetls.fastly.net/retrogirl/image_item/111/111325/11132501_b.jpg,https://img-retro-girl.freetls.fastly.net/retrogirl/image_item/111/111325/11132503_b.jpg	トップス > ニット/セーター	ブラック	FREE		adult	female	
EF641512G0080407	EF641512G008	【セットアイテム】アーガイルニット＆ボレロSET - エクリュ / FREE	"〈冬を演出するアーガイル柄のセットアイテム〉
▼アイテム
・emsで毎年大人気を頂くニットとボレロのセットアイテム。
・ノースリーブのニットとボレロがセットになりました。
・ノースリニットは、腰回りにアーガイル柄がデザインされていて、冬っぽいデザイン。
・ボレロはシンプルで、どんなコーデにも合わせやすい♪
・胸元のリボンがワンポイントになります。
▼コーディネート
バルーンスカートやフリルスカートと合わせてガーリーなコーデがおすすめ！
セットでの着用はもちろん、別々でも着用できるので嬉しい着回し力。
------------------------------
生地感：普通
伸縮性：ある
透け感：なし
裏地：なし
------------------------------
▼ブランド紹介
ems excite (エムズエキサイト）
“more fun more cute”
今をもっと楽しく
もっと可愛くいたい女の子に向けた
girly cuteなブランド
#ニット #ニットアイテム #柄アイテム #アーガイル #セットアイテム #フェミニンアイテム
▼注意事項
※撮影環境やモニター環境によって実際の商品とお色味が
多少異なってみえる場合がございます。
品番：EF641512G008　 / 品名：アーガイルニット＆ボレロSET"	in stock	999	new	5990 JPY	https://www.retro-girl.jp/item/111325.html	https://img-retro-girl.freetls.fastly.net/retrogirl/image_item/111/111325/11132501_b.jpg	ems excite		https://img-retro-girl.freetls.fastly.net/retrogirl/image_item/111/111325/11132502_b.jpg,https://img-retro-girl.freetls.fastly.net/retrogirl/image_item/111/111325/11132503_b.jpg	トップス > ニット/セーター	エクリュ	FREE		adult	female	
EF641512G0085407	EF641512G008	【セットアイテム】アーガイルニット＆ボレロSET - ベージュ / FREE	"〈冬を演出するアーガイル柄のセットアイテム〉
▼アイテム
・emsで毎年大人気を頂くニットとボレロのセットアイテム。
・ノースリーブのニットとボレロがセットになりました。
・ノースリニットは、腰回りにアーガイル柄がデザインされていて、冬っぽいデザイン。
・ボレロはシンプルで、どんなコーデにも合わせやすい♪
・胸元のリボンがワンポイントになります。
▼コーディネート
バルーンスカートやフリルスカートと合わせてガーリーなコーデがおすすめ！
セットでの着用はもちろん、別々でも着用できるので嬉しい着回し力。
------------------------------
生地感：普通
伸縮性：ある
透け感：なし
裏地：なし
------------------------------
▼ブランド紹介
ems excite (エムズエキサイト）
“more fun more cute”
今をもっと楽しく
もっと可愛くいたい女の子に向けた
girly cuteなブランド
#ニット #ニットアイテム #柄アイテム #アーガイル #セットアイテム #フェミニンアイテム
▼注意事項
※撮影環境やモニター環境によって実際の商品とお色味が
多少異なってみえる場合がございます。
品番：EF641512G008　 / 品名：アーガイルニット＆ボレロSET"	in stock	999	new	5990 JPY	https://www.retro-girl.jp/item/111325.html	https://img-retro-girl.freetls.fastly.net/retrogirl/image_item/111/111325/11132503_b.jpg	ems excite		https://img-retro-girl.freetls.fastly.net/retrogirl/image_item/111/111325/11132502_b.jpg,https://img-retro-girl.freetls.fastly.net/retrogirl/image_item/111/111325/11132501_b.jpg	トップス > ニット/セーター	ベージュ	FREE		adult	female	
EF680031G0010207	EF680031G001	サテンバルーンミニスカート - オフホワイト / FREE	"＜サテン素材が上品なバルーンスカート＞
▼デザイン
・今年トレンドのバルーンシルエットのミニスカート！
・サテン素材で高級感ある見え感に。
・ウエストは後がゴムになっていて伸縮性も◎
・両サイドにリボンが付いているのもemsらしいワンポイント！
▼コーディネート
シンプルにニット合わせでも可愛くコーデが決まるアイテム。
切り替えが入っているので骨格ストレートさんも着用しやすいシルエットです。
------------------------------
生地感：普通
伸縮性：なし
透け感：なし
インパン：あり
------------------------------
▼ブランド紹介
ems excite (エムズエキサイト）
“more fun more cute”
今をもっと楽しく
もっと可愛くいたい女の子に向けた
girly cuteなブランド
#サテンスカート #ミニスカート #バルーンスカート #ガーリーアイテム #リボン
▼注意事項
※撮影環境やモニター環境によって実際の商品とお色味が多少異なってみえる場合がございます。
※サイズはサンプル品を基に採寸しております。
実際の商品とは若干の誤差が生じる場合がございますので、あらかじめご了承ください。
品番：EF680031G001　/ 品名：サテンバルーンミニスカート"	in stock	999	new	4390 JPY	https://www.retro-girl.jp/item/111311.html	https://img-retro-girl.freetls.fastly.net/retrogirl/image_item/111/111311/11131101_b.jpg	ems excite		https://img-retro-girl.freetls.fastly.net/retrogirl/image_item/111/111311/11131102_b.jpg	スカート > ミニスカート	オフホワイト	FREE		adult	female	
EF680031G0010907	EF680031G001	サテンバルーンミニスカート - ブラック / FREE	"＜サテン素材が上品なバルーンスカート＞
▼デザイン
・今年トレンドのバルーンシルエットのミニスカート！
・サテン素材で高級感ある見え感に。
・ウエストは後がゴムになっていて伸縮性も◎
・両サイドにリボンが付いているのもemsらしいワンポイント！
▼コーディネート
シンプルにニット合わせでも可愛くコーデが決まるアイテム。
切り替えが入っているので骨格ストレートさんも着用しやすいシルエットです。
------------------------------
生地感：普通
伸縮性：なし
透け感：なし
インパン：あり
------------------------------
▼ブランド紹介
ems excite (エムズエキサイト）
“more fun more cute”
今をもっと楽しく
もっと可愛くいたい女の子に向けた
girly cuteなブランド
#サテンスカート #ミニスカート #バルーンスカート #ガーリーアイテム #リボン
▼注意事項
※撮影環境やモニター環境によって実際の商品とお色味が多少異なってみえる場合がございます。
※サイズはサンプル品を基に採寸しております。
実際の商品とは若干の誤差が生じる場合がございますので、あらかじめご了承ください。
品番：EF680031G001　/ 品名：サテンバルーンミニスカート"	in stock	999	new	4390 JPY	https://www.retro-girl.jp/item/111311.html	https://img-retro-girl.freetls.fastly.net/retrogirl/image_item/111/111311/11131102_b.jpg	ems excite		https://img-retro-girl.freetls.fastly.net/retrogirl/image_item/111/111311/11131101_b.jpg	スカート > ミニスカート	ブラック	FREE		adult	female	
EF680031G0025007	EF680031G002	ヘリンボーンバルーンスカート - ブラウン / FREE	"＜冬っぽ素材が可愛いバルーンミニスカート＞
▼デザイン
・今年トレンドのバルーンスカート！
・冬らしいヘリンボーン素材で登場
・ウエストは後ろがゴムになっていて、伸縮性抜群です◎
・裏地もしっかりついているので、ミニ丈ながら安心して着用いただけます。
▼コーディネート
甘めで、ガーリーなコーデにぴったりなアイテム
シンプルなデザインで、どんなトップスとも合わせていただけます
------------------------------
生地感：普通
伸縮性：なし（ウエスト部分はある）
透け感：なし
インパン：ある
------------------------------
▼ブランド紹介
ems excite (エムズエキサイト）
“more fun more cute”
今をもっと楽しく
もっと可愛くいたい女の子に向けた
girly cuteなブランド
#バルーンスカート #ミニスカート #デザインスカート ＃スカート #ガーリーコーデ #ヘリンボーン #冬コーデ #デートコーデ
▼注意事項
※撮影環境やモニター環境によって実際の商品とお色味が多少異なってみえる場合がございます。
※サイズはサンプル品を基に採寸しております。
実際の商品とは若干の誤差が生じる場合がございますので、あらかじめご了承ください。
品番：EF680031G002　/ 品名：ヘリンボーンバルーンスカート"	in stock	999	new	3990 JPY	https://www.retro-girl.jp/item/111308.html	https://img-retro-girl.freetls.fastly.net/retrogirl/image_item/111/111308/11130802_b.jpg	ems excite		https://img-retro-girl.freetls.fastly.net/retrogirl/image_item/111/111308/11130801_b.jpg	スカート > ミニスカート	ブラウン	FREE		adult	female	
EF680031G0020907	EF680031G002	ヘリンボーンバルーンスカート - ブラック / FREE	"＜冬っぽ素材が可愛いバルーンミニスカート＞
▼デザイン
・今年トレンドのバルーンスカート！
・冬らしいヘリンボーン素材で登場
・ウエストは後ろがゴムになっていて、伸縮性抜群です◎
・裏地もしっかりついているので、ミニ丈ながら安心して着用いただけます。
▼コーディネート
甘めで、ガーリーなコーデにぴったりなアイテム
シンプルなデザインで、どんなトップスとも合わせていただけます
------------------------------
生地感：普通
伸縮性：なし（ウエスト部分はある）
透け感：なし
インパン：ある
------------------------------
▼ブランド紹介
ems excite (エムズエキサイト）
“more fun more cute”
今をもっと楽しく
もっと可愛くいたい女の子に向けた
girly cuteなブランド
#バルーンスカート #ミニスカート #デザインスカート ＃スカート #ガーリーコーデ #ヘリンボーン #冬コーデ #デートコーデ
▼注意事項
※撮影環境やモニター環境によって実際の商品とお色味が多少異なってみえる場合がございます。
※サイズはサンプル品を基に採寸しております。
実際の商品とは若干の誤差が生じる場合がございますので、あらかじめご了承ください。
品番：EF680031G002　/ 品名：ヘリンボーンバルーンスカート"	in stock	999	new	3990 JPY	https://www.retro-girl.jp/item/111308.html	https://img-retro-girl.freetls.fastly.net/retrogirl/image_item/111/111308/11130801_b.jpg	ems excite		https://img-retro-girl.freetls.fastly.net/retrogirl/image_item/111/111308/11130802_b.jpg	スカート > ミニスカート	ブラック	FREE		adult	female	
RW657122T0010407	RW657122T001	ニットチュニックワンピース - エクリュ / FREE	"＜ケーブル編みのゆったりチュニックワンピース＞
▼デザイン
・ケーブル編みが冬らしいニットワンピース
・秋冬を感じるしっかり厚手の素材で防寒力も◎
・チュニック丈でロングブーツと相性抜群
・袖やフロント部分に施された編地でどこから見ても可愛い♪
▼コーディネート
ミニ丈ボトムと合わせて頂けると、安心して着用頂けます。
ウエストマークにポーチ付きベルトを合わせると、今年らしいコーデに。
▼スタイルアップポイント
大き目シルエットでナチュラルさんにおすすめのデザイン。
ウェーブさんは、ロングブーツ合わせで、ウエストマークをするとスタイルアップ！
-----------------------------
生地感：普通
伸縮性：ある
透け感：なし
裏地：なし
------------------------------
▼ブランド紹介
RETRO GIRL (レトロガール）
～日常に、ひとさじのときめきを～
いつものスタイルに新しい気分を織り込んで、
毎日をたのしむきっかけを作るブランド。
▼SNS
新着アイテムやお得なセール情報を配信中♪
【公式 Instagram】
＠retrogirl_official
【公式 TikTok】
@retrogirl_official
#ニット #ビッグニット #チュニック #ケーブルニット ＃ニットワンピース #ニットコーデ
▼注意事項
※撮影環境やモニター環境によって実際の商品とお色味が多少異なってみえる場合がございます。
品番：RW657122T001　/ 品名：ニットチュニックワンピース"	in stock	999	new	5790 JPY	https://www.retro-girl.jp/item/111413.html	https://img-retro-girl.freetls.fastly.net/retrogirl/image_item/111/111413/11141301_b.jpg	RETRO GIRL		https://img-retro-girl.freetls.fastly.net/retrogirl/image_item/111/111413/11141302_b.jpg	ワンピース/ドレス > チュニック	エクリュ	FREE		adult	female	
RW657122T0011207	RW657122T001	ニットチュニックワンピース - チャコールグレー / FREE	"＜ケーブル編みのゆったりチュニックワンピース＞
▼デザイン
・ケーブル編みが冬らしいニットワンピース
・秋冬を感じるしっかり厚手の素材で防寒力も◎
・チュニック丈でロングブーツと相性抜群
・袖やフロント部分に施された編地でどこから見ても可愛い♪
▼コーディネート
ミニ丈ボトムと合わせて頂けると、安心して着用頂けます。
ウエストマークにポーチ付きベルトを合わせると、今年らしいコーデに。
▼スタイルアップポイント
大き目シルエットでナチュラルさんにおすすめのデザイン。
ウェーブさんは、ロングブーツ合わせで、ウエストマークをするとスタイルアップ！
-----------------------------
生地感：普通
伸縮性：ある
透け感：なし
裏地：なし
------------------------------
▼ブランド紹介
RETRO GIRL (レトロガール）
～日常に、ひとさじのときめきを～
いつものスタイルに新しい気分を織り込んで、
毎日をたのしむきっかけを作るブランド。
▼SNS
新着アイテムやお得なセール情報を配信中♪
【公式 Instagram】
＠retrogirl_official
【公式 TikTok】
@retrogirl_official
#ニット #ビッグニット #チュニック #ケーブルニット ＃ニットワンピース #ニットコーデ
▼注意事項
※撮影環境やモニター環境によって実際の商品とお色味が多少異なってみえる場合がございます。
品番：RW657122T001　/ 品名：ニットチュニックワンピース"	in stock	999	new	5790 JPY	https://www.retro-girl.jp/item/111413.html	https://img-retro-girl.freetls.fastly.net/retrogirl/image_item/111/111413/11141302_b.jpg	RETRO GIRL		https://img-retro-girl.freetls.fastly.net/retrogirl/image_item/111/111413/11141301_b.jpg	ワンピース/ドレス > チュニック	チャコールグレー	FREE		adult	female	
RF662012T0011007	RF662012T001	フロントギャザーニットカーデ - ライトグレー / FREE	"＜フロントギャザーでトレンドディティールを取り入れたニットカーデ＞
▼デザイン
・フロントギャザーデザインのニットカーディガン
・くびれが綺麗に見える美シルエットを追求
・毎回大人気を頂くフロントギャザーアイテム
・定番で合わせやすいデザインなので、どんなコーデにも取り入れて頂けます♪
▼コーディネート
女性らしいフェミニンスタイリングにおすすめ！
上からアウターを羽織れば冬まで着用できます◎
▼スタイルアップポイント
首回りもすっきり空いたデザインで、骨格ストレートさんにおすすめのデザイン！
胸元にギャザーも入っているので、ウェーブさんの足し算コーデにも♪
-----------------------------
生地感：普通
伸縮性：ある
透け感：なし
裏地：なし
------------------------------
▼ブランド紹介
RETRO GIRL (レトロガール）
～日常に、ひとさじのときめきを～
いつものスタイルに新しい気分を織り込んで、
毎日をたのしむきっかけを作るブランド。
▼SNS
新着アイテムやお得なセール情報を配信中♪
【公式 Instagram】
＠retrogirl_official
【公式 TikTok】
@retrogirl_official
#ニット #ギャザー #カーディガン #ニットカーディガン ＃ギャザーデザイン #トレンドアイテム
▼注意事項
※撮影環境やモニター環境によって実際の商品とお色味が多少異なってみえる場合がございます。
品番：RF662012T001　/ 品名：フロントギャザーニットカーデ"	in stock	999	new	3990 JPY	https://www.retro-girl.jp/item/111416.html	https://img-retro-girl.freetls.fastly.net/retrogirl/image_item/111/111416/11141602_b.jpg	RETRO GIRL		https://img-retro-girl.freetls.fastly.net/retrogirl/image_item/111/111416/11141601_b.jpg,https://img-retro-girl.freetls.fastly.net/retrogirl/image_item/111/111416/11141603_b.jpg	トップス > ニット/セーター	ライトグレー	FREE	レーヨン50％ ポリエステル28％ ナイロン22％	adult	female	
RF662012T0010307	RF662012T001	フロントギャザーニットカーデ - アイボリー / FREE	"＜フロントギャザーでトレンドディティールを取り入れたニットカーデ＞
▼デザイン
・フロントギャザーデザインのニットカーディガン
・くびれが綺麗に見える美シルエットを追求
・毎回大人気を頂くフロントギャザーアイテム
・定番で合わせやすいデザインなので、どんなコーデにも取り入れて頂けます♪
▼コーディネート
女性らしいフェミニンスタイリングにおすすめ！
上からアウターを羽織れば冬まで着用できます◎
▼スタイルアップポイント
首回りもすっきり空いたデザインで、骨格ストレートさんにおすすめのデザイン！
胸元にギャザーも入っているので、ウェーブさんの足し算コーデにも♪
-----------------------------
生地感：普通
伸縮性：ある
透け感：なし
裏地：なし
------------------------------
▼ブランド紹介
RETRO GIRL (レトロガール）
～日常に、ひとさじのときめきを～
いつものスタイルに新しい気分を織り込んで、
毎日をたのしむきっかけを作るブランド。
▼SNS
新着アイテムやお得なセール情報を配信中♪
【公式 Instagram】
＠retrogirl_official
【公式 TikTok】
@retrogirl_official
#ニット #ギャザー #カーディガン #ニットカーディガン ＃ギャザーデザイン #トレンドアイテム
▼注意事項
※撮影環境やモニター環境によって実際の商品とお色味が多少異なってみえる場合がございます。
品番：RF662012T001　/ 品名：フロントギャザーニットカーデ"	in stock	999	new	3990 JPY	https://www.retro-girl.jp/item/111416.html	https://img-retro-girl.freetls.fastly.net/retrogirl/image_item/111/111416/11141601_b.jpg	RETRO GIRL		https://img-retro-girl.freetls.fastly.net/retrogirl/image_item/111/111416/11141602_b.jpg,https://img-retro-girl.freetls.fastly.net/retrogirl/image_item/111/111416/11141603_b.jpg	トップス > ニット/セーター	アイボリー	FREE	レーヨン50％ ポリエステル28％ ナイロン22％	adult	female	
RF662012T0013007	RF662012T001	フロントギャザーニットカーデ - レッド / FREE	"＜フロントギャザーでトレンドディティールを取り入れたニットカーデ＞
▼デザイン
・フロントギャザーデザインのニットカーディガン
・くびれが綺麗に見える美シルエットを追求
・毎回大人気を頂くフロントギャザーアイテム
・定番で合わせやすいデザインなので、どんなコーデにも取り入れて頂けます♪
▼コーディネート
女性らしいフェミニンスタイリングにおすすめ！
上からアウターを羽織れば冬まで着用できます◎
▼スタイルアップポイント
首回りもすっきり空いたデザインで、骨格ストレートさんにおすすめのデザイン！
胸元にギャザーも入っているので、ウェーブさんの足し算コーデにも♪
-----------------------------
生地感：普通
伸縮性：ある
透け感：なし
裏地：なし
------------------------------
▼ブランド紹介
RETRO GIRL (レトロガール）
～日常に、ひとさじのときめきを～
いつものスタイルに新しい気分を織り込んで、
毎日をたのしむきっかけを作るブランド。
▼SNS
新着アイテムやお得なセール情報を配信中♪
【公式 Instagram】
＠retrogirl_official
【公式 TikTok】
@retrogirl_official
#ニット #ギャザー #カーディガン #ニットカーディガン ＃ギャザーデザイン #トレンドアイテム
▼注意事項
※撮影環境やモニター環境によって実際の商品とお色味が多少異なってみえる場合がございます。
品番：RF662012T001　/ 品名：フロントギャザーニットカーデ"	in stock	999	new	3990 JPY	https://www.retro-girl.jp/item/111416.html	https://img-retro-girl.freetls.fastly.net/retrogirl/image_item/111/111416/11141603_b.jpg	RETRO GIRL		https://img-retro-girl.freetls.fastly.net/retrogirl/image_item/111/111416/11141602_b.jpg,https://img-retro-girl.freetls.fastly.net/retrogirl/image_item/111/111416/11141601_b.jpg	トップス > ニット/セーター	レッド	FREE	レーヨン50％ ポリエステル28％ ナイロン22％	adult	female	
RF656411T0020607	RF656411T002	タイ付ペプラムプルオーバー - ホワイト/柄 / FREE	"＜昨年大人気のプルオーバーが今年は秋から登場！＞
▼デザイン
・昨年大人気を頂いたデザインをブラッシュアップ
・秋から長く来て頂ける素材になって再登場
・長めの袖丈と、指抜きデザインがワンポイントに
・主張し過ぎないタイもセットで、華やかな印象に♪
▼コーディネート
ドット柄は、インナーに仕込むだけでもコーデを華やかに仕上げます。
デニムやスラックスパンツと合わせて、フェミニンな大人可愛いコーデに♪
▼スタイルアップポイント
骨格問わず着用できるデザイン。
腰回りもカバーしてくれるので、気になりやすいウェーブさん、ストレートさんのお悩みを解決！
-----------------------------
生地感：やや薄手
伸縮性：ある
透け感：なし
裏地：なし
------------------------------
▼ブランド紹介
RETRO GIRL (レトロガール）
～日常に、ひとさじのときめきを～
いつものスタイルに新しい気分を織り込んで、
毎日をたのしむきっかけを作るブランド。
▼SNS
新着アイテムやお得なセール情報を配信中♪
【公式 Instagram】
＠retrogirl_official
【公式 TikTok】
@retrogirl_official
#タイ付 #カットソー #ドット柄 #裾フリル ＃指抜きデザイン #シアーインナー
▼注意事項
※撮影環境やモニター環境によって実際の商品とお色味が多少異なってみえる場合がございます。
品番：RF656411T002　/ 品名：タイ付ペプラムプルオーバー"	in stock	999	new	3990 JPY	https://www.retro-girl.jp/item/111417.html	https://img-retro-girl.freetls.fastly.net/retrogirl/image_item/111/111417/11141701_b.jpg	RETRO GIRL		https://img-retro-girl.freetls.fastly.net/retrogirl/image_item/111/111417/11141702_b.jpg,https://img-retro-girl.freetls.fastly.net/retrogirl/image_item/111/111417/11141703_b.jpg	トップス > Tシャツ/カットソー	ホワイト/柄	FREE	ポリエステル80％ レーヨン20％	adult	female	
RF656411T0020907	RF656411T002	タイ付ペプラムプルオーバー - ブラック / FREE	"＜昨年大人気のプルオーバーが今年は秋から登場！＞
▼デザイン
・昨年大人気を頂いたデザインをブラッシュアップ
・秋から長く来て頂ける素材になって再登場
・長めの袖丈と、指抜きデザインがワンポイントに
・主張し過ぎないタイもセットで、華やかな印象に♪
▼コーディネート
ドット柄は、インナーに仕込むだけでもコーデを華やかに仕上げます。
デニムやスラックスパンツと合わせて、フェミニンな大人可愛いコーデに♪
▼スタイルアップポイント
骨格問わず着用できるデザイン。
腰回りもカバーしてくれるので、気になりやすいウェーブさん、ストレートさんのお悩みを解決！
-----------------------------
生地感：やや薄手
伸縮性：ある
透け感：なし
裏地：なし
------------------------------
▼ブランド紹介
RETRO GIRL (レトロガール）
～日常に、ひとさじのときめきを～
いつものスタイルに新しい気分を織り込んで、
毎日をたのしむきっかけを作るブランド。
▼SNS
新着アイテムやお得なセール情報を配信中♪
【公式 Instagram】
＠retrogirl_official
【公式 TikTok】
@retrogirl_official
#タイ付 #カットソー #ドット柄 #裾フリル ＃指抜きデザイン #シアーインナー
▼注意事項
※撮影環境やモニター環境によって実際の商品とお色味が多少異なってみえる場合がございます。
品番：RF656411T002　/ 品名：タイ付ペプラムプルオーバー"	in stock	999	new	3990 JPY	https://www.retro-girl.jp/item/111417.html	https://img-retro-girl.freetls.fastly.net/retrogirl/image_item/111/111417/11141702_b.jpg	RETRO GIRL		https://img-retro-girl.freetls.fastly.net/retrogirl/image_item/111/111417/11141701_b.jpg,https://img-retro-girl.freetls.fastly.net/retrogirl/image_item/111/111417/11141703_b.jpg	トップス > Tシャツ/カットソー	ブラック	FREE	ポリエステル80％ レーヨン20％	adult	female	
RF656411T0021507	RF656411T002	タイ付ペプラムプルオーバー - グレー/柄 / FREE	"＜昨年大人気のプルオーバーが今年は秋から登場！＞
▼デザイン
・昨年大人気を頂いたデザインをブラッシュアップ
・秋から長く来て頂ける素材になって再登場
・長めの袖丈と、指抜きデザインがワンポイントに
・主張し過ぎないタイもセットで、華やかな印象に♪
▼コーディネート
ドット柄は、インナーに仕込むだけでもコーデを華やかに仕上げます。
デニムやスラックスパンツと合わせて、フェミニンな大人可愛いコーデに♪
▼スタイルアップポイント
骨格問わず着用できるデザイン。
腰回りもカバーしてくれるので、気になりやすいウェーブさん、ストレートさんのお悩みを解決！
-----------------------------
生地感：やや薄手
伸縮性：ある
透け感：なし
裏地：なし
------------------------------
▼ブランド紹介
RETRO GIRL (レトロガール）
～日常に、ひとさじのときめきを～
いつものスタイルに新しい気分を織り込んで、
毎日をたのしむきっかけを作るブランド。
▼SNS
新着アイテムやお得なセール情報を配信中♪
【公式 Instagram】
＠retrogirl_official
【公式 TikTok】
@retrogirl_official
#タイ付 #カットソー #ドット柄 #裾フリル ＃指抜きデザイン #シアーインナー
▼注意事項
※撮影環境やモニター環境によって実際の商品とお色味が多少異なってみえる場合がございます。
品番：RF656411T002　/ 品名：タイ付ペプラムプルオーバー"	in stock	999	new	3990 JPY	https://www.retro-girl.jp/item/111417.html	https://img-retro-girl.freetls.fastly.net/retrogirl/image_item/111/111417/11141703_b.jpg	RETRO GIRL		https://img-retro-girl.freetls.fastly.net/retrogirl/image_item/111/111417/11141701_b.jpg,https://img-retro-girl.freetls.fastly.net/retrogirl/image_item/111/111417/11141702_b.jpg	トップス > Tシャツ/カットソー	グレー/柄	FREE	ポリエステル80％ レーヨン20％	adult	female	
EF680023G0010907	EF680023G001	ラッフルアメスリブラウス - ブラック / FREE	"＜今年トレンドのアメスリブラウスがオトナっぽ素材に＞
▼デザイン
・春から大人気を頂いているアメスリブラウスが秋も登場！
・さらっとしたサテン素材で、光沢感が上品な見え感に。
・ガーリーな甘さと、大人っぽい色気も兼ね備えたアメスリアイテム。
・フロント部分のラッフルデザインで前から見ても華やかに♪
▼コーディネート
１枚でコーデをぐっと大人っぽく仕上げるアイテム。
ボトムはハイウエストショートパンツですっきり見せるのがおすすめ！
デニムでカジュアルに合わせれば、レディなコーデに近づきます。
------------------------------
生地感：普通
伸縮性：なし
透け感：なし
裏地：なし
------------------------------
▼ブランド紹介
ems excite (エムズエキサイト）
“more fun more cute”
今をもっと楽しく
もっと可愛くいたい女の子に向けた
girly cuteなブランド
#サテン #フリル #フェミニン #ラッフル #アメスリ #秋コーデ #大人コーデ
▼注意事項
※撮影環境やモニター環境によって実際の商品とお色味が
多少異なってみえる場合がございます。
品番：EF680023G001　/ 品名：ラッフルアメスリブラウス"	in stock	999	new	4390 JPY	https://www.retro-girl.jp/item/111381.html	https://img-retro-girl.freetls.fastly.net/retrogirl/image_item/111/111381/11138101_b.jpg	ems excite		https://img-retro-girl.freetls.fastly.net/retrogirl/image_item/111/111381/11138102_b.jpg	トップス > シャツ/ブラウス	ブラック	FREE	ポリエステル100％	adult	female	
EF680023G0015407	EF680023G001	ラッフルアメスリブラウス - ベージュ / FREE	"＜今年トレンドのアメスリブラウスがオトナっぽ素材に＞
▼デザイン
・春から大人気を頂いているアメスリブラウスが秋も登場！
・さらっとしたサテン素材で、光沢感が上品な見え感に。
・ガーリーな甘さと、大人っぽい色気も兼ね備えたアメスリアイテム。
・フロント部分のラッフルデザインで前から見ても華やかに♪
▼コーディネート
１枚でコーデをぐっと大人っぽく仕上げるアイテム。
ボトムはハイウエストショートパンツですっきり見せるのがおすすめ！
デニムでカジュアルに合わせれば、レディなコーデに近づきます。
------------------------------
生地感：普通
伸縮性：なし
透け感：なし
裏地：なし
------------------------------
▼ブランド紹介
ems excite (エムズエキサイト）
“more fun more cute”
今をもっと楽しく
もっと可愛くいたい女の子に向けた
girly cuteなブランド
#サテン #フリル #フェミニン #ラッフル #アメスリ #秋コーデ #大人コーデ
▼注意事項
※撮影環境やモニター環境によって実際の商品とお色味が
多少異なってみえる場合がございます。
品番：EF680023G001　/ 品名：ラッフルアメスリブラウス"	in stock	999	new	4390 JPY	https://www.retro-girl.jp/item/111381.html	https://img-retro-girl.freetls.fastly.net/retrogirl/image_item/111/111381/11138102_b.jpg	ems excite		https://img-retro-girl.freetls.fastly.net/retrogirl/image_item/111/111381/11138101_b.jpg	トップス > シャツ/ブラウス	ベージュ	FREE	ポリエステル100％	adult	female	
EE641532G0030907	EE641532G003	【セットアップ対応】ひげレース付きショートパンツ - ブラック / FREE	"〈裾レースでガーリーに着こなせるショートパンツ＞
▼デザイン
・emsらしいレースデザインのショートパンツ
・ベルトループもついているので、サイズ調節もしやすい◎
・後ろはゴムになっていて、ゆったりした着心地
・フロント部分のフックとZIPで着脱可能です。
▼コーディネート
どんなトップスとも合わせやすい定番デザイン。
冬は、大き目ニットと合わせて、裾のレースを出すスタイリングもおすすめ！
------------------------------
生地感：普通
伸縮性：なし
透け感：なし
裏地：なし
------------------------------
▼ブランド紹介
ems excite (エムズエキサイト）
“more fun more cute”
今をもっと楽しく
もっと可愛くいたい女の子に向けた
girly cuteなブランド
#ショートパンツ #レースパンツ #タイトスカート #デザインパンツ #オトナガーリーコーデ
▼注意事項
※撮影環境やモニター環境によって実際の商品とお色味が多少異なってみえる場合がございます。
品番：EE641532G003　/ 品名：ひげレース付きショートパンツ"	in stock	999	new	4390 JPY	https://www.retro-girl.jp/item/111331.html	https://img-retro-girl.freetls.fastly.net/retrogirl/image_item/111/111331/11133101_b.jpg	ems excite		https://img-retro-girl.freetls.fastly.net/retrogirl/image_item/111/111331/11133102_b.jpg	パンツ > ショートパンツ	ブラック	FREE	表地　ポリエステル：100％裏地　ポリエステル：100％　レース部分　ナイロン:100％	adult	female	
EE641532G0031507	EE641532G003	【セットアップ対応】ひげレース付きショートパンツ - グレー/柄 / FREE	"〈裾レースでガーリーに着こなせるショートパンツ＞
▼デザイン
・emsらしいレースデザインのショートパンツ
・ベルトループもついているので、サイズ調節もしやすい◎
・後ろはゴムになっていて、ゆったりした着心地
・フロント部分のフックとZIPで着脱可能です。
▼コーディネート
どんなトップスとも合わせやすい定番デザイン。
冬は、大き目ニットと合わせて、裾のレースを出すスタイリングもおすすめ！
------------------------------
生地感：普通
伸縮性：なし
透け感：なし
裏地：なし
------------------------------
▼ブランド紹介
ems excite (エムズエキサイト）
“more fun more cute”
今をもっと楽しく
もっと可愛くいたい女の子に向けた
girly cuteなブランド
#ショートパンツ #レースパンツ #タイトスカート #デザインパンツ #オトナガーリーコーデ
▼注意事項
※撮影環境やモニター環境によって実際の商品とお色味が多少異なってみえる場合がございます。
品番：EE641532G003　/ 品名：ひげレース付きショートパンツ"	in stock	999	new	4390 JPY	https://www.retro-girl.jp/item/111331.html	https://img-retro-girl.freetls.fastly.net/retrogirl/image_item/111/111331/11133102_b.jpg	ems excite		https://img-retro-girl.freetls.fastly.net/retrogirl/image_item/111/111331/11133101_b.jpg	パンツ > ショートパンツ	グレー/柄	FREE	表地　ポリエステル：100％裏地　ポリエステル：100％　レース部分　ナイロン:100％	adult	female	
RF680021T0020907	RF680021T002	スタンドカラーレザージャケット - ブラック / FREE	"＜スタンドネックでかっこよくきまるフェイクレザージャケット＞
▼デザイン
・毎年大人気のフェイクレザージャケット
・スタンドネックでカッコいいコーデにピッタリ
・柔らかいフェイクレザーでストレスフリーな着心地
・ZIPとボタンで着脱できるので、しっかり防寒も可能！
▼コーディネート
カジュアルなコーデにおすすめのアイテム！
秋の軽アウターとして重宝しそう。
▼スタイルアップポイント
ストレートさんが得意なフェイクレザー素材！
スタンドネックにせずに開襟スタイルがおすすめ。
-----------------------------
生地感：普通
伸縮性：なし
透け感：なし
裏地：ある
------------------------------
▼ブランド紹介
RETRO GIRL (レトロガール）
～日常に、ひとさじのときめきを～
いつものスタイルに新しい気分を織り込んで、
毎日をたのしむきっかけを作るブランド。
▼SNS
新着アイテムやお得なセール情報を配信中♪
【公式 Instagram】
＠retrogirl_official
【公式 TikTok】
@retrogirl_official
#レザー #ジャケット #秋コーデ #秋ジャケット ＃スタンドネック #フェイクレザー #ライダース
▼注意事項
※撮影環境やモニター環境によって実際の商品とお色味が多少異なってみえる場合がございます。
品番：RF680021T002　/ 品名：スタンドカラーレザージャケット"	in stock	999	new	7590 JPY	https://www.retro-girl.jp/item/111399.html	https://img-retro-girl.freetls.fastly.net/retrogirl/image_item/111/111399/11139901_b.jpg	RETRO GIRL		https://img-retro-girl.freetls.fastly.net/retrogirl/image_item/111/111399/11139902_b.jpg	ジャケット/アウター > その他アウター	ブラック	FREE	表地：合成皮革裏地：ポリエステル100％	adult	female	
RF680021T0025007	RF680021T002	スタンドカラーレザージャケット - ブラウン / FREE	"＜スタンドネックでかっこよくきまるフェイクレザージャケット＞
▼デザイン
・毎年大人気のフェイクレザージャケット
・スタンドネックでカッコいいコーデにピッタリ
・柔らかいフェイクレザーでストレスフリーな着心地
・ZIPとボタンで着脱できるので、しっかり防寒も可能！
▼コーディネート
カジュアルなコーデにおすすめのアイテム！
秋の軽アウターとして重宝しそう。
▼スタイルアップポイント
ストレートさんが得意なフェイクレザー素材！
スタンドネックにせずに開襟スタイルがおすすめ。
-----------------------------
生地感：普通
伸縮性：なし
透け感：なし
裏地：ある
------------------------------
▼ブランド紹介
RETRO GIRL (レトロガール）
～日常に、ひとさじのときめきを～
いつものスタイルに新しい気分を織り込んで、
毎日をたのしむきっかけを作るブランド。
▼SNS
新着アイテムやお得なセール情報を配信中♪
【公式 Instagram】
＠retrogirl_official
【公式 TikTok】
@retrogirl_official
#レザー #ジャケット #秋コーデ #秋ジャケット ＃スタンドネック #フェイクレザー #ライダース
▼注意事項
※撮影環境やモニター環境によって実際の商品とお色味が多少異なってみえる場合がございます。
品番：RF680021T002　/ 品名：スタンドカラーレザージャケット"	in stock	999	new	7590 JPY	https://www.retro-girl.jp/item/111399.html	https://img-retro-girl.freetls.fastly.net/retrogirl/image_item/111/111399/11139902_b.jpg	RETRO GIRL		https://img-retro-girl.freetls.fastly.net/retrogirl/image_item/111/111399/11139901_b.jpg	ジャケット/アウター > その他アウター	ブラウン	FREE	表地：合成皮革裏地：ポリエステル100％	adult	female	
RF641511B0025407	RF641511B002	メッシュベロアカーディガン - ベージュ / FREE	"＜ベロア素材で秋めく羽織カーディガン＞
▼デザイン
・ベロア素材の秋らしいカーディガン
・メッシュで風通しがいいので、夏から秋への変わり目に大活躍
・定番で合わせやすいデザインなので、コーデにもさっと羽織れる♪
▼コーディネート
ボトムを選ばないベーシックなデザイン。
エアコン対策にさっと羽織るのにもおすすめ！
▼スタイルアップポイント
骨格問わず着用できるデザイン。
ストレートさんは、キャミソールに羽織るスタイリングがおすすめ！
-----------------------------
生地感：普通
伸縮性：なし
透け感：あり
裏地：なし
------------------------------
▼ブランド紹介
RETRO GIRL (レトロガール）
～日常に、ひとさじのときめきを～
いつものスタイルに新しい気分を織り込んで、
毎日をたのしむきっかけを作るブランド。
▼SNS
新着アイテムやお得なセール情報を配信中♪
【公式 Instagram】
＠retrogirl_official
【公式 TikTok】
@retrogirl_official
#メッシュカーデ #冷房対策 #ベロア素材 #秋コーデ ＃秋素材 #ベロアアイテム
▼注意事項
※撮影環境やモニター環境によって実際の商品とお色味が多少異なってみえる場合がございます。
品番：RF641511B002　/ 品名：メッシュベロアカーディガン"	in stock	999	new	3190 JPY	https://www.retro-girl.jp/item/111403.html	https://img-retro-girl.freetls.fastly.net/retrogirl/image_item/111/111403/11140303_b.jpg	RETRO GIRL		https://img-retro-girl.freetls.fastly.net/retrogirl/image_item/111/111403/11140301_b.jpg,https://img-retro-girl.freetls.fastly.net/retrogirl/image_item/111/111403/11140302_b.jpg	トップス > カーディガン/ボレロ	ベージュ	FREE	ポリエステル90％ポリウレタン10％	adult	female	
RF641511B0020307	RF641511B002	メッシュベロアカーディガン - アイボリー / FREE	"＜ベロア素材で秋めく羽織カーディガン＞
▼デザイン
・ベロア素材の秋らしいカーディガン
・メッシュで風通しがいいので、夏から秋への変わり目に大活躍
・定番で合わせやすいデザインなので、コーデにもさっと羽織れる♪
▼コーディネート
ボトムを選ばないベーシックなデザイン。
エアコン対策にさっと羽織るのにもおすすめ！
▼スタイルアップポイント
骨格問わず着用できるデザイン。
ストレートさんは、キャミソールに羽織るスタイリングがおすすめ！
-----------------------------
生地感：普通
伸縮性：なし
透け感：あり
裏地：なし
------------------------------
▼ブランド紹介
RETRO GIRL (レトロガール）
～日常に、ひとさじのときめきを～
いつものスタイルに新しい気分を織り込んで、
毎日をたのしむきっかけを作るブランド。
▼SNS
新着アイテムやお得なセール情報を配信中♪
【公式 Instagram】
＠retrogirl_official
【公式 TikTok】
@retrogirl_official
#メッシュカーデ #冷房対策 #ベロア素材 #秋コーデ ＃秋素材 #ベロアアイテム
▼注意事項
※撮影環境やモニター環境によって実際の商品とお色味が多少異なってみえる場合がございます。
品番：RF641511B002　/ 品名：メッシュベロアカーディガン"	in stock	999	new	3190 JPY	https://www.retro-girl.jp/item/111403.html	https://img-retro-girl.freetls.fastly.net/retrogirl/image_item/111/111403/11140301_b.jpg	RETRO GIRL		https://img-retro-girl.freetls.fastly.net/retrogirl/image_item/111/111403/11140303_b.jpg,https://img-retro-girl.freetls.fastly.net/retrogirl/image_item/111/111403/11140302_b.jpg	トップス > カーディガン/ボレロ	アイボリー	FREE	ポリエステル90％ポリウレタン10％	adult	female	
RF641511B0025007	RF641511B002	メッシュベロアカーディガン - ブラウン / FREE	"＜ベロア素材で秋めく羽織カーディガン＞
▼デザイン
・ベロア素材の秋らしいカーディガン
・メッシュで風通しがいいので、夏から秋への変わり目に大活躍
・定番で合わせやすいデザインなので、コーデにもさっと羽織れる♪
▼コーディネート
ボトムを選ばないベーシックなデザイン。
エアコン対策にさっと羽織るのにもおすすめ！
▼スタイルアップポイント
骨格問わず着用できるデザイン。
ストレートさんは、キャミソールに羽織るスタイリングがおすすめ！
-----------------------------
生地感：普通
伸縮性：なし
透け感：あり
裏地：なし
------------------------------
▼ブランド紹介
RETRO GIRL (レトロガール）
～日常に、ひとさじのときめきを～
いつものスタイルに新しい気分を織り込んで、
毎日をたのしむきっかけを作るブランド。
▼SNS
新着アイテムやお得なセール情報を配信中♪
【公式 Instagram】
＠retrogirl_official
【公式 TikTok】
@retrogirl_official
#メッシュカーデ #冷房対策 #ベロア素材 #秋コーデ ＃秋素材 #ベロアアイテム
▼注意事項
※撮影環境やモニター環境によって実際の商品とお色味が多少異なってみえる場合がございます。
品番：RF641511B002　/ 品名：メッシュベロアカーディガン"	in stock	999	new	3190 JPY	https://www.retro-girl.jp/item/111403.html	https://img-retro-girl.freetls.fastly.net/retrogirl/image_item/111/111403/11140302_b.jpg	RETRO GIRL		https://img-retro-girl.freetls.fastly.net/retrogirl/image_item/111/111403/11140303_b.jpg,https://img-retro-girl.freetls.fastly.net/retrogirl/image_item/111/111403/11140301_b.jpg	トップス > カーディガン/ボレロ	ブラウン	FREE	ポリエステル90％ポリウレタン10％	adult	female	
EF661243G0010400	EF661243G001	キルティングミニボストン - エクリュ / ONE SIZE	"＜お出かけにピッタリサイズのコンパクトボストンバッグ＞
▼デザイン
・高級感溢れるキルティングデザインのフェイクレザーバッグ
・コンパクトで最低限のものを持ち歩きたい方におすすめのアイテムです。
・キルティングの生地感や、ゴールドZIPが高見え間違いなし！
・ショルダーバッグとしても、使用できるのでアレンジが楽しめる♪
▼コーディネート
ちょっとおしゃれなディナーやオケージョン場面でも使用できるデザイン！
コンパクトながら大容量で、これから長く大活躍するアイテム！
▼ブランド紹介
ems excite (エムズエキサイト）
“more fun more cute”
今をもっと楽しく
もっと可愛くいたい女の子に向けた
girly cuteなブランド
#お出かけバッグ #ミニバッグ #フェイクレザー #バッグ ＃キルティング
▼注意事項
※撮影環境やモニター環境によって実際の商品とお色味が
多少異なってみえる場合がございます。
品番：EF661243G001　/ 品名：キルティングミニボストン"	in stock	999	new	4990 JPY	https://www.retro-girl.jp/item/111362.html	https://img-retro-girl.freetls.fastly.net/retrogirl/image_item/111/111362/11136201_b.jpg	ems excite		https://img-retro-girl.freetls.fastly.net/retrogirl/image_item/111/111362/11136202_b.jpg,https://img-retro-girl.freetls.fastly.net/retrogirl/image_item/111/111362/11136203_b.jpg	バッグ > ハンドバッグ	エクリュ	ONE SIZE		adult	female	
EF661243G0010900	EF661243G001	キルティングミニボストン - ブラック / ONE SIZE	"＜お出かけにピッタリサイズのコンパクトボストンバッグ＞
▼デザイン
・高級感溢れるキルティングデザインのフェイクレザーバッグ
・コンパクトで最低限のものを持ち歩きたい方におすすめのアイテムです。
・キルティングの生地感や、ゴールドZIPが高見え間違いなし！
・ショルダーバッグとしても、使用できるのでアレンジが楽しめる♪
▼コーディネート
ちょっとおしゃれなディナーやオケージョン場面でも使用できるデザイン！
コンパクトながら大容量で、これから長く大活躍するアイテム！
▼ブランド紹介
ems excite (エムズエキサイト）
“more fun more cute”
今をもっと楽しく
もっと可愛くいたい女の子に向けた
girly cuteなブランド
#お出かけバッグ #ミニバッグ #フェイクレザー #バッグ ＃キルティング
▼注意事項
※撮影環境やモニター環境によって実際の商品とお色味が
多少異なってみえる場合がございます。
品番：EF661243G001　/ 品名：キルティングミニボストン"	in stock	999	new	4990 JPY	https://www.retro-girl.jp/item/111362.html	https://img-retro-girl.freetls.fastly.net/retrogirl/image_item/111/111362/11136202_b.jpg	ems excite		https://img-retro-girl.freetls.fastly.net/retrogirl/image_item/111/111362/11136201_b.jpg,https://img-retro-girl.freetls.fastly.net/retrogirl/image_item/111/111362/11136203_b.jpg	バッグ > ハンドバッグ	ブラック	ONE SIZE		adult	female	
EF661243G0013200	EF661243G001	キルティングミニボストン - ダークレッド / ONE SIZE	"＜お出かけにピッタリサイズのコンパクトボストンバッグ＞
▼デザイン
・高級感溢れるキルティングデザインのフェイクレザーバッグ
・コンパクトで最低限のものを持ち歩きたい方におすすめのアイテムです。
・キルティングの生地感や、ゴールドZIPが高見え間違いなし！
・ショルダーバッグとしても、使用できるのでアレンジが楽しめる♪
▼コーディネート
ちょっとおしゃれなディナーやオケージョン場面でも使用できるデザイン！
コンパクトながら大容量で、これから長く大活躍するアイテム！
▼ブランド紹介
ems excite (エムズエキサイト）
“more fun more cute”
今をもっと楽しく
もっと可愛くいたい女の子に向けた
girly cuteなブランド
#お出かけバッグ #ミニバッグ #フェイクレザー #バッグ ＃キルティング
▼注意事項
※撮影環境やモニター環境によって実際の商品とお色味が
多少異なってみえる場合がございます。
品番：EF661243G001　/ 品名：キルティングミニボストン"	in stock	999	new	4990 JPY	https://www.retro-girl.jp/item/111362.html	https://img-retro-girl.freetls.fastly.net/retrogirl/image_item/111/111362/11136203_b.jpg	ems excite		https://img-retro-girl.freetls.fastly.net/retrogirl/image_item/111/111362/11136201_b.jpg,https://img-retro-girl.freetls.fastly.net/retrogirl/image_item/111/111362/11136202_b.jpg	バッグ > ハンドバッグ	ダークレッド	ONE SIZE		adult	female	
RW657111B0018007	RW657111B001	ロゴBIGスウェット - ブルー / FREE	"〈ロゴの配色が可愛いビッグシルエットトレーナー〉
▼デザイン
・フロントデザインには、大きなプリントが目を惹くデザイン
・生地とプリントのカラー配色も可愛いので、カラー展開にも注目です◎
・程よい素材感で夏から秋に切替わる気温にちょうど良い生地感。
・長めの着丈で体型カバーができるのも嬉しい♪
▼コーディネート
ボトムを選ばず着用できる汎用性あるデザイン。
肌寒い時はリブニットを中に着込めば暖かく着用して頂けます。
▼スタイルアップポイント
骨格ナチュラルさんにぴったりな形のアイテム！
ストレートさんも、ウエストやヒップ周りをカバーしたい時におすすめ！
------------------------------
生地感：普通
伸縮性：ある
透け感：なし
裏地：なし
------------------------------
▼ブランド紹介
RETRO GIRL (レトロガール）
自分らしい“ベーシックアイテム”と
新しい自分の”トレンドアイテム”が
見つかる場所
今らしいファッションを楽しむ
女性のためのブランド
#トレーナー #ロゴ #ロゴトレーナー#秋コーデ #バイカラー #配色デザイン
▼注意事項
※撮影環境やモニター環境によって実際の商品とお色味が
多少異なってみえる場合がございます。
品番：RW657111B001　/ 品名：ロゴBIGスウェット"	in stock	999	new	3790 JPY	https://www.retro-girl.jp/item/111324.html	https://img-retro-girl.freetls.fastly.net/retrogirl/image_item/111/111324/11132403_b.jpg	RETRO GIRL		https://img-retro-girl.freetls.fastly.net/retrogirl/image_item/111/111324/11132401_b.jpg,https://img-retro-girl.freetls.fastly.net/retrogirl/image_item/111/111324/11132402_b.jpg	トップス > スウェット	ブルー	FREE	ポリエステル63%　綿35%　レーヨン2%	adult	female	
RW657111B0011007	RW657111B001	ロゴBIGスウェット - ライトグレー / FREE	"〈ロゴの配色が可愛いビッグシルエットトレーナー〉
▼デザイン
・フロントデザインには、大きなプリントが目を惹くデザイン
・生地とプリントのカラー配色も可愛いので、カラー展開にも注目です◎
・程よい素材感で夏から秋に切替わる気温にちょうど良い生地感。
・長めの着丈で体型カバーができるのも嬉しい♪
▼コーディネート
ボトムを選ばず着用できる汎用性あるデザイン。
肌寒い時はリブニットを中に着込めば暖かく着用して頂けます。
▼スタイルアップポイント
骨格ナチュラルさんにぴったりな形のアイテム！
ストレートさんも、ウエストやヒップ周りをカバーしたい時におすすめ！
------------------------------
生地感：普通
伸縮性：ある
透け感：なし
裏地：なし
------------------------------
▼ブランド紹介
RETRO GIRL (レトロガール）
自分らしい“ベーシックアイテム”と
新しい自分の”トレンドアイテム”が
見つかる場所
今らしいファッションを楽しむ
女性のためのブランド
#トレーナー #ロゴ #ロゴトレーナー#秋コーデ #バイカラー #配色デザイン
▼注意事項
※撮影環境やモニター環境によって実際の商品とお色味が
多少異なってみえる場合がございます。
品番：RW657111B001　/ 品名：ロゴBIGスウェット"	in stock	999	new	3790 JPY	https://www.retro-girl.jp/item/111324.html	https://img-retro-girl.freetls.fastly.net/retrogirl/image_item/111/111324/11132401_b.jpg	RETRO GIRL		https://img-retro-girl.freetls.fastly.net/retrogirl/image_item/111/111324/11132403_b.jpg,https://img-retro-girl.freetls.fastly.net/retrogirl/image_item/111/111324/11132402_b.jpg	トップス > スウェット	ライトグレー	FREE	ポリエステル63%　綿35%　レーヨン2%	adult	female	
RW657111B0015007	RW657111B001	ロゴBIGスウェット - ブラウン / FREE	"〈ロゴの配色が可愛いビッグシルエットトレーナー〉
▼デザイン
・フロントデザインには、大きなプリントが目を惹くデザイン
・生地とプリントのカラー配色も可愛いので、カラー展開にも注目です◎
・程よい素材感で夏から秋に切替わる気温にちょうど良い生地感。
・長めの着丈で体型カバーができるのも嬉しい♪
▼コーディネート
ボトムを選ばず着用できる汎用性あるデザイン。
肌寒い時はリブニットを中に着込めば暖かく着用して頂けます。
▼スタイルアップポイント
骨格ナチュラルさんにぴったりな形のアイテム！
ストレートさんも、ウエストやヒップ周りをカバーしたい時におすすめ！
------------------------------
生地感：普通
伸縮性：ある
透け感：なし
裏地：なし
------------------------------
▼ブランド紹介
RETRO GIRL (レトロガール）
自分らしい“ベーシックアイテム”と
新しい自分の”トレンドアイテム”が
見つかる場所
今らしいファッションを楽しむ
女性のためのブランド
#トレーナー #ロゴ #ロゴトレーナー#秋コーデ #バイカラー #配色デザイン
▼注意事項
※撮影環境やモニター環境によって実際の商品とお色味が
多少異なってみえる場合がございます。
品番：RW657111B001　/ 品名：ロゴBIGスウェット"	in stock	999	new	3790 JPY	https://www.retro-girl.jp/item/111324.html	https://img-retro-girl.freetls.fastly.net/retrogirl/image_item/111/111324/11132402_b.jpg	RETRO GIRL		https://img-retro-girl.freetls.fastly.net/retrogirl/image_item/111/111324/11132403_b.jpg,https://img-retro-girl.freetls.fastly.net/retrogirl/image_item/111/111324/11132401_b.jpg	トップス > スウェット	ブラウン	FREE	ポリエステル63%　綿35%　レーヨン2%	adult	female	
EF656123G0010207	EF656123G001	ネクタイ付ブラウス - オフホワイト / FREE	"＜ネクタイがアクセントになる主役級シャツ＞
▼デザイン
・チェック柄のネクタイがセットになシャツアイテム。
・ウエスト部分をきゅっと見せるタックデザインで、女性らしいラインを演出。
・裾をアウトしてもすっきり見えるので、そのまま着るだけでコーデが決まります♪
・ネクタイは後ろで簡単に留められる仕様で、自分で結ぶ必要がないのも嬉しいポイント！
・ネクタイを外してシンプルなシャツとしても着回せます◎
▼コーディネート
ミニ丈ボトムを合わせればトレンド感のあるガーリースタイルに♪
ジャケットをプラスすると、よりクラシカルで今年らしいスタイリングに仕上がります。
------------------------------
生地感：やや薄手
伸縮性：なし
透け感：あり
裏地：なし
------------------------------
▼ブランド紹介
ems excite (エムズエキサイト）
“more fun more cute”
今をもっと楽しく
もっと可愛くいたい女の子に向けた
girly cuteなブランド
#シャツ #ネクタイ #スクールガール #ガーリーコーデ #韓国コーデ #秋コーデ
▼注意事項
※撮影環境やモニター環境によって実際の商品とお色味が
多少異なってみえる場合がございます。
品番：EF656123G001　 / 品名：ネクタイ付ブラウス"	in stock	999	new	3790 JPY	https://www.retro-girl.jp/item/111410.html	https://img-retro-girl.freetls.fastly.net/retrogirl/image_item/111/111410/11141001_b.jpg	ems excite		https://img-retro-girl.freetls.fastly.net/retrogirl/image_item/111/111410/11141002_b.jpg	トップス > シャツ/ブラウス	オフホワイト	FREE	【ホワイト】本体：ポリエステル94％ ポリウレタン6％ネクタイ：ポリエステル98％ ポリウレタン2％ネクタイ刺繍：ポリエステル100％【ブルー】本体：ポリエステル94％ ポリウレタン6％ネクタイ：ポリエステル100％ネクタイ刺繍：ポリエステル100％	adult	female	
EF656123G0018007	EF656123G001	ネクタイ付ブラウス - ブルー / FREE	"＜ネクタイがアクセントになる主役級シャツ＞
▼デザイン
・チェック柄のネクタイがセットになシャツアイテム。
・ウエスト部分をきゅっと見せるタックデザインで、女性らしいラインを演出。
・裾をアウトしてもすっきり見えるので、そのまま着るだけでコーデが決まります♪
・ネクタイは後ろで簡単に留められる仕様で、自分で結ぶ必要がないのも嬉しいポイント！
・ネクタイを外してシンプルなシャツとしても着回せます◎
▼コーディネート
ミニ丈ボトムを合わせればトレンド感のあるガーリースタイルに♪
ジャケットをプラスすると、よりクラシカルで今年らしいスタイリングに仕上がります。
------------------------------
生地感：やや薄手
伸縮性：なし
透け感：あり
裏地：なし
------------------------------
▼ブランド紹介
ems excite (エムズエキサイト）
“more fun more cute”
今をもっと楽しく
もっと可愛くいたい女の子に向けた
girly cuteなブランド
#シャツ #ネクタイ #スクールガール #ガーリーコーデ #韓国コーデ #秋コーデ
▼注意事項
※撮影環境やモニター環境によって実際の商品とお色味が
多少異なってみえる場合がございます。
品番：EF656123G001　 / 品名：ネクタイ付ブラウス"	in stock	999	new	3790 JPY	https://www.retro-girl.jp/item/111410.html	https://img-retro-girl.freetls.fastly.net/retrogirl/image_item/111/111410/11141002_b.jpg	ems excite		https://img-retro-girl.freetls.fastly.net/retrogirl/image_item/111/111410/11141001_b.jpg	トップス > シャツ/ブラウス	ブルー	FREE	【ホワイト】本体：ポリエステル94％ ポリウレタン6％ネクタイ：ポリエステル98％ ポリウレタン2％ネクタイ刺繍：ポリエステル100％【ブルー】本体：ポリエステル94％ ポリウレタン6％ネクタイ：ポリエステル100％ネクタイ刺繍：ポリエステル100％	adult	female	
EF657112G0040407	EF657112G004	レース襟ドッキングショートニット - エクリュ / FREE	"＜レース襟がemsらしい上品ドッキングニット＞
▼デザイン
・今年トレンドのドッキングデザインのニット
・レイヤード風デザインで1枚でコーデが完成
・袖はパフっとボリューム感のあるシルエットに。
・襟部分に施されたひげレースが今年らしくて可愛いポイント♪
▼コーディネート
デニム合わせでカジュアルダウンするのも可愛いです
トレンドのバルーンスカートやフリルスカートを合わせることで、今年らしいスタイリングに
------------------------------
生地感：普通
伸縮性：ある
透け感：なし
裏地：なし
------------------------------
▼ブランド紹介
ems excite (エムズエキサイト）
“more fun more cute”
今をもっと楽しく
もっと可愛くいたい女の子に向けた
girly cuteなブランド
#レイヤード #ドッキング #レース襟 #レイヤード風 #ガーリー #パフスリーブ #フェミニン
▼注意事項
※撮影環境やモニター環境によって実際の商品とお色味が
多少異なってみえる場合がございます。
品番：EF657112G004 / 品名：レース襟ドッキングショートニット"	in stock	999	new	4390 JPY	https://www.retro-girl.jp/item/111380.html	https://img-retro-girl.freetls.fastly.net/retrogirl/image_item/111/111380/11138001_b.jpg	ems excite		https://img-retro-girl.freetls.fastly.net/retrogirl/image_item/111/111380/11138002_b.jpg,https://img-retro-girl.freetls.fastly.net/retrogirl/image_item/111/111380/11138003_b.jpg	トップス > ニット/セーター	エクリュ	FREE	本体：レーヨン65％ ポリエステル35％別布：ポリエステル80％ 綿20％レース：ナイロン100％	adult	female	
EF657112G0040907	EF657112G004	レース襟ドッキングショートニット - ブラック / FREE	"＜レース襟がemsらしい上品ドッキングニット＞
▼デザイン
・今年トレンドのドッキングデザインのニット
・レイヤード風デザインで1枚でコーデが完成
・袖はパフっとボリューム感のあるシルエットに。
・襟部分に施されたひげレースが今年らしくて可愛いポイント♪
▼コーディネート
デニム合わせでカジュアルダウンするのも可愛いです
トレンドのバルーンスカートやフリルスカートを合わせることで、今年らしいスタイリングに
------------------------------
生地感：普通
伸縮性：ある
透け感：なし
裏地：なし
------------------------------
▼ブランド紹介
ems excite (エムズエキサイト）
“more fun more cute”
今をもっと楽しく
もっと可愛くいたい女の子に向けた
girly cuteなブランド
#レイヤード #ドッキング #レース襟 #レイヤード風 #ガーリー #パフスリーブ #フェミニン
▼注意事項
※撮影環境やモニター環境によって実際の商品とお色味が
多少異なってみえる場合がございます。
品番：EF657112G004 / 品名：レース襟ドッキングショートニット"	in stock	999	new	4390 JPY	https://www.retro-girl.jp/item/111380.html	https://img-retro-girl.freetls.fastly.net/retrogirl/image_item/111/111380/11138002_b.jpg	ems excite		https://img-retro-girl.freetls.fastly.net/retrogirl/image_item/111/111380/11138001_b.jpg,https://img-retro-girl.freetls.fastly.net/retrogirl/image_item/111/111380/11138003_b.jpg	トップス > ニット/セーター	ブラック	FREE	本体：レーヨン65％ ポリエステル35％別布：ポリエステル80％ 綿20％レース：ナイロン100％	adult	female	
EF657112G0043007	EF657112G004	レース襟ドッキングショートニット - レッド / FREE	"＜レース襟がemsらしい上品ドッキングニット＞
▼デザイン
・今年トレンドのドッキングデザインのニット
・レイヤード風デザインで1枚でコーデが完成
・袖はパフっとボリューム感のあるシルエットに。
・襟部分に施されたひげレースが今年らしくて可愛いポイント♪
▼コーディネート
デニム合わせでカジュアルダウンするのも可愛いです
トレンドのバルーンスカートやフリルスカートを合わせることで、今年らしいスタイリングに
------------------------------
生地感：普通
伸縮性：ある
透け感：なし
裏地：なし
------------------------------
▼ブランド紹介
ems excite (エムズエキサイト）
“more fun more cute”
今をもっと楽しく
もっと可愛くいたい女の子に向けた
girly cuteなブランド
#レイヤード #ドッキング #レース襟 #レイヤード風 #ガーリー #パフスリーブ #フェミニン
▼注意事項
※撮影環境やモニター環境によって実際の商品とお色味が
多少異なってみえる場合がございます。
品番：EF657112G004 / 品名：レース襟ドッキングショートニット"	in stock	999	new	4390 JPY	https://www.retro-girl.jp/item/111380.html	https://img-retro-girl.freetls.fastly.net/retrogirl/image_item/111/111380/11138003_b.jpg	ems excite		https://img-retro-girl.freetls.fastly.net/retrogirl/image_item/111/111380/11138001_b.jpg,https://img-retro-girl.freetls.fastly.net/retrogirl/image_item/111/111380/11138002_b.jpg	トップス > ニット/セーター	レッド	FREE	本体：レーヨン65％ ポリエステル35％別布：ポリエステル80％ 綿20％レース：ナイロン100％	adult	female	
EF656131G0020907	EF656131G002	チュールミニスカート - ブラック / FREE	"＜存在感たっぷりのティアードスカート＞
▼デザイン
・ふんわりと重なるティアードフリルが華やかなミニスカート。
・軽やかなチュール素材をたっぷりと重ね、動きのあるガーリーなシルエットに。
・ボリューム感がありながらミニ丈ですっきりとバランスよく着こなせるデザイン。
・ウエストはバック部分がゴム仕様で、ストレスフリーな履き心地も嬉しいポイント！
▼コーディネート
コンパクトなトップスを合わせた王道ガーリーコーデはもちろん、スウェットやニットを合わせたカジュアルMIXもおすすめ。
ルーズソックスやローファーを合わせればトレンド感のあるスタイリングに仕上がります。
------------------------------
生地感：普通
伸縮性：あり
透け感：チュール生地→あり/裏地→なし
インパン：あり
------------------------------
▼ブランド紹介
ems excite (エムズエキサイト）
“more fun more cute”
今をもっと楽しく
もっと可愛いくいたい女の子に向けた
girly cuteなブランド
#ミニスカート #ティアード #フリル #ガーリー #秋
▼注意事項
※撮影環境やモニター環境によって実際の商品とお色味が多少異なってみえる場合がございます。
※サイズはサンプル品を基に採寸しております。
実際の商品とは若干の誤差が生じる場合がございますので、あらかじめご了承ください。
品番：EF656131G002　/ 品名：チュールミニスカート"	in stock	999	new	3990 JPY	https://www.retro-girl.jp/item/111312.html	https://img-retro-girl.freetls.fastly.net/retrogirl/image_item/111/111312/11131202_b.jpg	ems excite		https://img-retro-girl.freetls.fastly.net/retrogirl/image_item/111/111312/11131201_b.jpg	スカート > ミニスカート	ブラック	FREE	本体：ポリエステル100％別布：ポリエステル100％裏地：ポリエステル100％	adult	female	
EF656131G0020207	EF656131G002	チュールミニスカート - オフホワイト / FREE	"＜存在感たっぷりのティアードスカート＞
▼デザイン
・ふんわりと重なるティアードフリルが華やかなミニスカート。
・軽やかなチュール素材をたっぷりと重ね、動きのあるガーリーなシルエットに。
・ボリューム感がありながらミニ丈ですっきりとバランスよく着こなせるデザイン。
・ウエストはバック部分がゴム仕様で、ストレスフリーな履き心地も嬉しいポイント！
▼コーディネート
コンパクトなトップスを合わせた王道ガーリーコーデはもちろん、スウェットやニットを合わせたカジュアルMIXもおすすめ。
ルーズソックスやローファーを合わせればトレンド感のあるスタイリングに仕上がります。
------------------------------
生地感：普通
伸縮性：あり
透け感：チュール生地→あり/裏地→なし
インパン：あり
------------------------------
▼ブランド紹介
ems excite (エムズエキサイト）
“more fun more cute”
今をもっと楽しく
もっと可愛いくいたい女の子に向けた
girly cuteなブランド
#ミニスカート #ティアード #フリル #ガーリー #秋
▼注意事項
※撮影環境やモニター環境によって実際の商品とお色味が多少異なってみえる場合がございます。
※サイズはサンプル品を基に採寸しております。
実際の商品とは若干の誤差が生じる場合がございますので、あらかじめご了承ください。
品番：EF656131G002　/ 品名：チュールミニスカート"	in stock	999	new	3990 JPY	https://www.retro-girl.jp/item/111312.html	https://img-retro-girl.freetls.fastly.net/retrogirl/image_item/111/111312/11131201_b.jpg	ems excite		https://img-retro-girl.freetls.fastly.net/retrogirl/image_item/111/111312/11131202_b.jpg	スカート > ミニスカート	オフホワイト	FREE	本体：ポリエステル100％別布：ポリエステル100％裏地：ポリエステル100％	adult	female	
RF638023T0010407	RF638023T001	バルーンビスチェ - エクリュ / FREE	"〈バルーンシルエットが女性らしいビスチェアイテム〉
▼デザイン
・RETRO GIRLで大人気なビスチェアイテム
・表面感のある素材でオシャレな一枚です。
・ショルダー部分はアジャスター付きで、着丈の調節が可能◎
・気温に合わせてインナーをアレンジすることで、季節問わず着用頂けます。
▼コーディネート
デニムパンツで合わせても定番で可愛いスタイリングに。
インナー次第で気温の調節もできる万能アイテムです。
▼スタイルアップポイント
ウエスト周り、腰回りが気になるストレートさん、ウェーブさんにおすすめなシルエット！
ナチュラルさんはゆるっと上からパーカーを羽織るスタイルがおすすめ◎
------------------------------
生地感：普通
伸縮性：なし
透け感：なし
裏地：なし
------------------------------
▼ブランド紹介
RETRO GIRL (レトロガール）
自分らしい“ベーシックアイテム”と
新しい自分の”トレンドアイテム”が
見つかる場所
今らしいファッションを楽しむ
女性のためのブランド
#バルーンシルエット #トレンドアイテム #ビスチェ #秋アイテム #秋コーデ #レイヤードコーデ
▼注意事項
※撮影環境やモニター環境によって実際の商品とお色味が
多少異なってみえる場合がございます。
品番：RF638023T001　/ 品名：バルーンビスチェ"	in stock	999	new	3990 JPY	https://www.retro-girl.jp/item/111319.html	https://img-retro-girl.freetls.fastly.net/retrogirl/image_item/111/111319/11131901_b.jpg	RETRO GIRL		https://img-retro-girl.freetls.fastly.net/retrogirl/image_item/111/111319/11131902_b.jpg	トップス > シャツ/ブラウス	エクリュ	FREE		adult	female	
RF638023T0010907	RF638023T001	バルーンビスチェ - ブラック / FREE	"〈バルーンシルエットが女性らしいビスチェアイテム〉
▼デザイン
・RETRO GIRLで大人気なビスチェアイテム
・表面感のある素材でオシャレな一枚です。
・ショルダー部分はアジャスター付きで、着丈の調節が可能◎
・気温に合わせてインナーをアレンジすることで、季節問わず着用頂けます。
▼コーディネート
デニムパンツで合わせても定番で可愛いスタイリングに。
インナー次第で気温の調節もできる万能アイテムです。
▼スタイルアップポイント
ウエスト周り、腰回りが気になるストレートさん、ウェーブさんにおすすめなシルエット！
ナチュラルさんはゆるっと上からパーカーを羽織るスタイルがおすすめ◎
------------------------------
生地感：普通
伸縮性：なし
透け感：なし
裏地：なし
------------------------------
▼ブランド紹介
RETRO GIRL (レトロガール）
自分らしい“ベーシックアイテム”と
新しい自分の”トレンドアイテム”が
見つかる場所
今らしいファッションを楽しむ
女性のためのブランド
#バルーンシルエット #トレンドアイテム #ビスチェ #秋アイテム #秋コーデ #レイヤードコーデ
▼注意事項
※撮影環境やモニター環境によって実際の商品とお色味が
多少異なってみえる場合がございます。
品番：RF638023T001　/ 品名：バルーンビスチェ"	in stock	999	new	3990 JPY	https://www.retro-girl.jp/item/111319.html	https://img-retro-girl.freetls.fastly.net/retrogirl/image_item/111/111319/11131902_b.jpg	RETRO GIRL		https://img-retro-girl.freetls.fastly.net/retrogirl/image_item/111/111319/11131901_b.jpg	トップス > シャツ/ブラウス	ブラック	FREE		adult	female	
RF641511B0011207	RF641511B001	重ねロゴトレーナー - チャコールグレー / FREE	"＜ロゴデザインで奥行きが出る大き目トレーナー＞
▼デザイン
・ロゴの上に刺繍が重なったデザイントレーナー
・秋冬にちょうどいい素材で大活躍の予感
・大き目シルエットで、体型カバーも可能◎
・定番で合わせやすいデザインなので、どんなボトムとも組み合わせ可能♪
▼コーディネート
可愛いデザインでキャップなどのファッション小物と合わせるのもおすすめ！
ティアードスカートで甘めカジュアルコーデに♪
▼スタイルアップポイント
骨格ナチュラルさんにおすすめの大き目シルエット！
腰回りもカバーしてくれるので、気になりやすいウェーブさん、ストレートさんのお悩みを解決！
ウェーブさんが着る時は、前だけインするのもおすすめ。
-----------------------------
生地感：普通
伸縮性：なし
透け感：なし
裏地：なし
------------------------------
▼ブランド紹介
RETRO GIRL (レトロガール）
～日常に、ひとさじのときめきを～
いつものスタイルに新しい気分を織り込んで、
毎日をたのしむきっかけを作るブランド。
▼SNS
新着アイテムやお得なセール情報を配信中♪
【公式 Instagram】
＠retrogirl_official
【公式 TikTok】
@retrogirl_official
#トレーナー #ロゴトレーナー #ロゴデザイン #刺繍トレーナー
▼注意事項
※撮影環境やモニター環境によって実際の商品とお色味が多少異なってみえる場合がございます。
品番：RF641511B001　/ 品名：重ねロゴトレーナー"	in stock	999	new	3890 JPY	https://www.retro-girl.jp/item/111402.html	https://img-retro-girl.freetls.fastly.net/retrogirl/image_item/111/111402/11140202_b.jpg	RETRO GIRL		https://img-retro-girl.freetls.fastly.net/retrogirl/image_item/111/111402/11140201_b.jpg,https://img-retro-girl.freetls.fastly.net/retrogirl/image_item/111/111402/11140203_b.jpg	トップス > スウェット	チャコールグレー	FREE	本体：ポリエステル65％ 綿35％リブ部分：ポリエステル」62％ 綿33％ ポリウレタン5％刺繍部分：ポリエステル100％	adult	female	
RF641511B0011007	RF641511B001	重ねロゴトレーナー - ライトグレー / FREE	"＜ロゴデザインで奥行きが出る大き目トレーナー＞
▼デザイン
・ロゴの上に刺繍が重なったデザイントレーナー
・秋冬にちょうどいい素材で大活躍の予感
・大き目シルエットで、体型カバーも可能◎
・定番で合わせやすいデザインなので、どんなボトムとも組み合わせ可能♪
▼コーディネート
可愛いデザインでキャップなどのファッション小物と合わせるのもおすすめ！
ティアードスカートで甘めカジュアルコーデに♪
▼スタイルアップポイント
骨格ナチュラルさんにおすすめの大き目シルエット！
腰回りもカバーしてくれるので、気になりやすいウェーブさん、ストレートさんのお悩みを解決！
ウェーブさんが着る時は、前だけインするのもおすすめ。
-----------------------------
生地感：普通
伸縮性：なし
透け感：なし
裏地：なし
------------------------------
▼ブランド紹介
RETRO GIRL (レトロガール）
～日常に、ひとさじのときめきを～
いつものスタイルに新しい気分を織り込んで、
毎日をたのしむきっかけを作るブランド。
▼SNS
新着アイテムやお得なセール情報を配信中♪
【公式 Instagram】
＠retrogirl_official
【公式 TikTok】
@retrogirl_official
#トレーナー #ロゴトレーナー #ロゴデザイン #刺繍トレーナー
▼注意事項
※撮影環境やモニター環境によって実際の商品とお色味が多少異なってみえる場合がございます。
品番：RF641511B001　/ 品名：重ねロゴトレーナー"	in stock	999	new	3890 JPY	https://www.retro-girl.jp/item/111402.html	https://img-retro-girl.freetls.fastly.net/retrogirl/image_item/111/111402/11140201_b.jpg	RETRO GIRL		https://img-retro-girl.freetls.fastly.net/retrogirl/image_item/111/111402/11140202_b.jpg,https://img-retro-girl.freetls.fastly.net/retrogirl/image_item/111/111402/11140203_b.jpg	トップス > スウェット	ライトグレー	FREE	本体：ポリエステル65％ 綿35％リブ部分：ポリエステル」62％ 綿33％ ポリウレタン5％刺繍部分：ポリエステル100％	adult	female	
RF641511B0018007	RF641511B001	重ねロゴトレーナー - ブルー / FREE	"＜ロゴデザインで奥行きが出る大き目トレーナー＞
▼デザイン
・ロゴの上に刺繍が重なったデザイントレーナー
・秋冬にちょうどいい素材で大活躍の予感
・大き目シルエットで、体型カバーも可能◎
・定番で合わせやすいデザインなので、どんなボトムとも組み合わせ可能♪
▼コーディネート
可愛いデザインでキャップなどのファッション小物と合わせるのもおすすめ！
ティアードスカートで甘めカジュアルコーデに♪
▼スタイルアップポイント
骨格ナチュラルさんにおすすめの大き目シルエット！
腰回りもカバーしてくれるので、気になりやすいウェーブさん、ストレートさんのお悩みを解決！
ウェーブさんが着る時は、前だけインするのもおすすめ。
-----------------------------
生地感：普通
伸縮性：なし
透け感：なし
裏地：なし
------------------------------
▼ブランド紹介
RETRO GIRL (レトロガール）
～日常に、ひとさじのときめきを～
いつものスタイルに新しい気分を織り込んで、
毎日をたのしむきっかけを作るブランド。
▼SNS
新着アイテムやお得なセール情報を配信中♪
【公式 Instagram】
＠retrogirl_official
【公式 TikTok】
@retrogirl_official
#トレーナー #ロゴトレーナー #ロゴデザイン #刺繍トレーナー
▼注意事項
※撮影環境やモニター環境によって実際の商品とお色味が多少異なってみえる場合がございます。
品番：RF641511B001　/ 品名：重ねロゴトレーナー"	in stock	999	new	3890 JPY	https://www.retro-girl.jp/item/111402.html	https://img-retro-girl.freetls.fastly.net/retrogirl/image_item/111/111402/11140203_b.jpg	RETRO GIRL		https://img-retro-girl.freetls.fastly.net/retrogirl/image_item/111/111402/11140202_b.jpg,https://img-retro-girl.freetls.fastly.net/retrogirl/image_item/111/111402/11140201_b.jpg	トップス > スウェット	ブルー	FREE	本体：ポリエステル65％ 綿35％リブ部分：ポリエステル」62％ 綿33％ ポリウレタン5％刺繍部分：ポリエステル100％	adult	female	
RL647723N0010407	RL647723N001	フリルデザインブラウス - エクリュ / FREE	"＜ふんわりフレアが目を惹くフェミニントップス＞
▼デザイン
・大胆なフレアデザインが目を惹くトレンド感のあるトップス。
・胸元から広がるフレアが、女性らしいシルエットを演出。
・袖にもギャザーを施し、ふんわりとした立体感のあるデザインに。
・シンプルなボトム合わせでも華やかに決まるのが嬉しい♪
▼コーディネート
デニムやショートパンツを合わせて、甘めトップスをカジュアルダウンするのがおすすめ！
シンプルなボトムと合わせるだけで、コーデの主役になる一枚です♪
▼スタイルアップポイント
肩まわりから広がるフレアシルエットで、気になる二の腕を自然にカバー◎
コンパクトな身頃で、ボリュームのあるデザインながらすっきり見えも叶います♪
-----------------------------
生地感：やや薄手
伸縮性：なし
透け感：なし
裏地：なし
------------------------------
▼ブランド紹介
RETRO GIRL (レトロガール）
～日常に、ひとさじのときめきを～
いつものスタイルに新しい気分を織り込んで、
毎日をたのしむきっかけを作るブランド。
▼SNS
新着アイテムやお得なセール情報を配信中♪
【公式 Instagram】
＠retrogirl_official
【公式 TikTok】
@retrogirl_official
#シンプル #ブラウス #フリル
▼注意事項
※撮影環境やモニター環境によって実際の商品とお色味が多少異なってみえる場合がございます。
品番：RL647723N001　/ 品名：フリルデザインブラウス"	in stock	999	new	3990 JPY	https://www.retro-girl.jp/item/111379.html	https://img-retro-girl.freetls.fastly.net/retrogirl/image_item/111/111379/11137901_b.jpg	RETRO GIRL		https://img-retro-girl.freetls.fastly.net/retrogirl/image_item/111/111379/11137902_b.jpg	トップス > シャツ/ブラウス	エクリュ	FREE		adult	female	
RL647723N0010907	RL647723N001	フリルデザインブラウス - ブラック / FREE	"＜ふんわりフレアが目を惹くフェミニントップス＞
▼デザイン
・大胆なフレアデザインが目を惹くトレンド感のあるトップス。
・胸元から広がるフレアが、女性らしいシルエットを演出。
・袖にもギャザーを施し、ふんわりとした立体感のあるデザインに。
・シンプルなボトム合わせでも華やかに決まるのが嬉しい♪
▼コーディネート
デニムやショートパンツを合わせて、甘めトップスをカジュアルダウンするのがおすすめ！
シンプルなボトムと合わせるだけで、コーデの主役になる一枚です♪
▼スタイルアップポイント
肩まわりから広がるフレアシルエットで、気になる二の腕を自然にカバー◎
コンパクトな身頃で、ボリュームのあるデザインながらすっきり見えも叶います♪
-----------------------------
生地感：やや薄手
伸縮性：なし
透け感：なし
裏地：なし
------------------------------
▼ブランド紹介
RETRO GIRL (レトロガール）
～日常に、ひとさじのときめきを～
いつものスタイルに新しい気分を織り込んで、
毎日をたのしむきっかけを作るブランド。
▼SNS
新着アイテムやお得なセール情報を配信中♪
【公式 Instagram】
＠retrogirl_official
【公式 TikTok】
@retrogirl_official
#シンプル #ブラウス #フリル
▼注意事項
※撮影環境やモニター環境によって実際の商品とお色味が多少異なってみえる場合がございます。
品番：RL647723N001　/ 品名：フリルデザインブラウス"	in stock	999	new	3990 JPY	https://www.retro-girl.jp/item/111379.html	https://img-retro-girl.freetls.fastly.net/retrogirl/image_item/111/111379/11137902_b.jpg	RETRO GIRL		https://img-retro-girl.freetls.fastly.net/retrogirl/image_item/111/111379/11137901_b.jpg	トップス > シャツ/ブラウス	ブラック	FREE		adult	female	
EF634831G0010907	EF634831G001	ボックスプリーツミニスカート - ブラック / FREE	"＜ベーシックで使いやすい定番ミニスカート＞
▼デザイン
・ベーシックデザインで、コーデを選ばないミニスカート
・ボックスプリーツになっていて、綺麗なシルエットが実現。
・ウエスト部分にはベルトループがついていているので、お好みでアレンジ可能！
・後ろのゴムと、サイドのZIPできゅっと引き締まった細見えコーデが実現！
▼コーディネート
ガーリーなブラウスやニットと合わせて頂くのがemsらしいおすすめスタイリング♪
どのカラーも定番で、季節問わずオールシーズン着用頂けます。
------------------------------
生地感：普通
伸縮性：なし
透け感：なし
インパン：ある
------------------------------
▼ブランド紹介
ems excite (エムズエキサイト）
“more fun more cute”
今をもっと楽しく
もっと可愛くいたい女の子に向けた
girly cuteなブランド
#ボックスプリーツスカート #定番ボトム #プリーツスカート #ミニスカート #韓国コーデ
▼注意事項
※撮影環境やモニター環境によって実際の商品とお色味が
多少異なってみえる場合がございます。
品番：EF634831G001　/ 品名：ボックスプリーツミニスカート"	in stock	999	new	3990 JPY	https://www.retro-girl.jp/item/111411.html	https://img-retro-girl.freetls.fastly.net/retrogirl/image_item/111/111411/11141101_b.jpg	ems excite		https://img-retro-girl.freetls.fastly.net/retrogirl/image_item/111/111411/11141102_b.jpg,https://img-retro-girl.freetls.fastly.net/retrogirl/image_item/111/111411/11141103_b.jpg	スカート > ミニスカート	ブラック	FREE	表地：ポリエステル96％ ポリウレタン4％裏地：ポリエステル100％	adult	female	
EF634831G0011207	EF634831G001	ボックスプリーツミニスカート - チャコールグレー / FREE	"＜ベーシックで使いやすい定番ミニスカート＞
▼デザイン
・ベーシックデザインで、コーデを選ばないミニスカート
・ボックスプリーツになっていて、綺麗なシルエットが実現。
・ウエスト部分にはベルトループがついていているので、お好みでアレンジ可能！
・後ろのゴムと、サイドのZIPできゅっと引き締まった細見えコーデが実現！
▼コーディネート
ガーリーなブラウスやニットと合わせて頂くのがemsらしいおすすめスタイリング♪
どのカラーも定番で、季節問わずオールシーズン着用頂けます。
------------------------------
生地感：普通
伸縮性：なし
透け感：なし
インパン：ある
------------------------------
▼ブランド紹介
ems excite (エムズエキサイト）
“more fun more cute”
今をもっと楽しく
もっと可愛くいたい女の子に向けた
girly cuteなブランド
#ボックスプリーツスカート #定番ボトム #プリーツスカート #ミニスカート #韓国コーデ
▼注意事項
※撮影環境やモニター環境によって実際の商品とお色味が
多少異なってみえる場合がございます。
品番：EF634831G001　/ 品名：ボックスプリーツミニスカート"	in stock	999	new	3990 JPY	https://www.retro-girl.jp/item/111411.html	https://img-retro-girl.freetls.fastly.net/retrogirl/image_item/111/111411/11141102_b.jpg	ems excite		https://img-retro-girl.freetls.fastly.net/retrogirl/image_item/111/111411/11141101_b.jpg,https://img-retro-girl.freetls.fastly.net/retrogirl/image_item/111/111411/11141103_b.jpg	スカート > ミニスカート	チャコールグレー	FREE	表地：ポリエステル96％ ポリウレタン4％裏地：ポリエステル100％	adult	female	
EF634831G0015407	EF634831G001	ボックスプリーツミニスカート - ベージュ / FREE	"＜ベーシックで使いやすい定番ミニスカート＞
▼デザイン
・ベーシックデザインで、コーデを選ばないミニスカート
・ボックスプリーツになっていて、綺麗なシルエットが実現。
・ウエスト部分にはベルトループがついていているので、お好みでアレンジ可能！
・後ろのゴムと、サイドのZIPできゅっと引き締まった細見えコーデが実現！
▼コーディネート
ガーリーなブラウスやニットと合わせて頂くのがemsらしいおすすめスタイリング♪
どのカラーも定番で、季節問わずオールシーズン着用頂けます。
------------------------------
生地感：普通
伸縮性：なし
透け感：なし
インパン：ある
------------------------------
▼ブランド紹介
ems excite (エムズエキサイト）
“more fun more cute”
今をもっと楽しく
もっと可愛くいたい女の子に向けた
girly cuteなブランド
#ボックスプリーツスカート #定番ボトム #プリーツスカート #ミニスカート #韓国コーデ
▼注意事項
※撮影環境やモニター環境によって実際の商品とお色味が
多少異なってみえる場合がございます。
品番：EF634831G001　/ 品名：ボックスプリーツミニスカート"	in stock	999	new	3990 JPY	https://www.retro-girl.jp/item/111411.html	https://img-retro-girl.freetls.fastly.net/retrogirl/image_item/111/111411/11141103_b.jpg	ems excite		https://img-retro-girl.freetls.fastly.net/retrogirl/image_item/111/111411/11141101_b.jpg,https://img-retro-girl.freetls.fastly.net/retrogirl/image_item/111/111411/11141102_b.jpg	スカート > ミニスカート	ベージュ	FREE	表地：ポリエステル96％ ポリウレタン4％裏地：ポリエステル100％	adult	female	
RF634832B0018003	RF634832B001	フレアデニムパンツ - ブルー / M	"＜メリハリのあるフレアシルエットでスタイルアップデニム＞
▼デザイン
・最近トレンドのフレアシルエットのデニムパンツ
・２サイズ展開で、ピッタリアイテムが見つかるはず！
・膝部分で細みになることで、脚長効果も◎
・定番で合わせやすいデザインなので、どんなトップスとも組み合わせ可能♪
▼コーディネート
定番のデニムアイテムはどんなトップスとも合わせて頂けるアイテム。
オールシーズン着用できるのも嬉しい♪
▼スタイルアップポイント
骨格ウェーブさん、ストレートさんのスタイルアップに効果的なデザイン！
身長や体型に合わせてサイズも選べるので、１枚持っておくととっても便利♪
-----------------------------
生地感：普通
伸縮性：なし
透け感：なし
裏地：なし
------------------------------
▼ブランド紹介
RETRO GIRL (レトロガール）
～日常に、ひとさじのときめきを～
いつものスタイルに新しい気分を織り込んで、
毎日をたのしむきっかけを作るブランド。
▼SNS
新着アイテムやお得なセール情報を配信中♪
【公式 Instagram】
＠retrogirl_official
【公式 TikTok】
@retrogirl_official
#デニム #フレアデニム #デニムコーデ #フレアシルエット
▼注意事項
※撮影環境やモニター環境によって実際の商品とお色味が多少異なってみえる場合がございます。
品番：RF634832B001　/ 品名：フレアデニムパンツ"	in stock	999	new	4990 JPY	https://www.retro-girl.jp/item/111369.html	https://img-retro-girl.freetls.fastly.net/retrogirl/image_item/111/111369/11136902_b.jpg	RETRO GIRL		https://img-retro-girl.freetls.fastly.net/retrogirl/image_item/111/111369/11136901_b.jpg	パンツ > デニムパンツ	ブルー	M		adult	female	
RF634832B0018004	RF634832B001	フレアデニムパンツ - ブルー / L	"＜メリハリのあるフレアシルエットでスタイルアップデニム＞
▼デザイン
・最近トレンドのフレアシルエットのデニムパンツ
・２サイズ展開で、ピッタリアイテムが見つかるはず！
・膝部分で細みになることで、脚長効果も◎
・定番で合わせやすいデザインなので、どんなトップスとも組み合わせ可能♪
▼コーディネート
定番のデニムアイテムはどんなトップスとも合わせて頂けるアイテム。
オールシーズン着用できるのも嬉しい♪
▼スタイルアップポイント
骨格ウェーブさん、ストレートさんのスタイルアップに効果的なデザイン！
身長や体型に合わせてサイズも選べるので、１枚持っておくととっても便利♪
-----------------------------
生地感：普通
伸縮性：なし
透け感：なし
裏地：なし
------------------------------
▼ブランド紹介
RETRO GIRL (レトロガール）
～日常に、ひとさじのときめきを～
いつものスタイルに新しい気分を織り込んで、
毎日をたのしむきっかけを作るブランド。
▼SNS
新着アイテムやお得なセール情報を配信中♪
【公式 Instagram】
＠retrogirl_official
【公式 TikTok】
@retrogirl_official
#デニム #フレアデニム #デニムコーデ #フレアシルエット
▼注意事項
※撮影環境やモニター環境によって実際の商品とお色味が多少異なってみえる場合がございます。
品番：RF634832B001　/ 品名：フレアデニムパンツ"	in stock	999	new	4990 JPY	https://www.retro-girl.jp/item/111369.html	https://img-retro-girl.freetls.fastly.net/retrogirl/image_item/111/111369/11136902_b.jpg	RETRO GIRL		https://img-retro-girl.freetls.fastly.net/retrogirl/image_item/111/111369/11136901_b.jpg	パンツ > デニムパンツ	ブルー	L		adult	female	
RF634832B0010903	RF634832B001	フレアデニムパンツ - ブラック / M	"＜メリハリのあるフレアシルエットでスタイルアップデニム＞
▼デザイン
・最近トレンドのフレアシルエットのデニムパンツ
・２サイズ展開で、ピッタリアイテムが見つかるはず！
・膝部分で細みになることで、脚長効果も◎
・定番で合わせやすいデザインなので、どんなトップスとも組み合わせ可能♪
▼コーディネート
定番のデニムアイテムはどんなトップスとも合わせて頂けるアイテム。
オールシーズン着用できるのも嬉しい♪
▼スタイルアップポイント
骨格ウェーブさん、ストレートさんのスタイルアップに効果的なデザイン！
身長や体型に合わせてサイズも選べるので、１枚持っておくととっても便利♪
-----------------------------
生地感：普通
伸縮性：なし
透け感：なし
裏地：なし
------------------------------
▼ブランド紹介
RETRO GIRL (レトロガール）
～日常に、ひとさじのときめきを～
いつものスタイルに新しい気分を織り込んで、
毎日をたのしむきっかけを作るブランド。
▼SNS
新着アイテムやお得なセール情報を配信中♪
【公式 Instagram】
＠retrogirl_official
【公式 TikTok】
@retrogirl_official
#デニム #フレアデニム #デニムコーデ #フレアシルエット
▼注意事項
※撮影環境やモニター環境によって実際の商品とお色味が多少異なってみえる場合がございます。
品番：RF634832B001　/ 品名：フレアデニムパンツ"	in stock	999	new	4990 JPY	https://www.retro-girl.jp/item/111369.html	https://img-retro-girl.freetls.fastly.net/retrogirl/image_item/111/111369/11136901_b.jpg	RETRO GIRL		https://img-retro-girl.freetls.fastly.net/retrogirl/image_item/111/111369/11136902_b.jpg	パンツ > デニムパンツ	ブラック	M		adult	female	
RF634832B0010904	RF634832B001	フレアデニムパンツ - ブラック / L	"＜メリハリのあるフレアシルエットでスタイルアップデニム＞
▼デザイン
・最近トレンドのフレアシルエットのデニムパンツ
・２サイズ展開で、ピッタリアイテムが見つかるはず！
・膝部分で細みになることで、脚長効果も◎
・定番で合わせやすいデザインなので、どんなトップスとも組み合わせ可能♪
▼コーディネート
定番のデニムアイテムはどんなトップスとも合わせて頂けるアイテム。
オールシーズン着用できるのも嬉しい♪
▼スタイルアップポイント
骨格ウェーブさん、ストレートさんのスタイルアップに効果的なデザイン！
身長や体型に合わせてサイズも選べるので、１枚持っておくととっても便利♪
-----------------------------
生地感：普通
伸縮性：なし
透け感：なし
裏地：なし
------------------------------
▼ブランド紹介
RETRO GIRL (レトロガール）
～日常に、ひとさじのときめきを～
いつものスタイルに新しい気分を織り込んで、
毎日をたのしむきっかけを作るブランド。
▼SNS
新着アイテムやお得なセール情報を配信中♪
【公式 Instagram】
＠retrogirl_official
【公式 TikTok】
@retrogirl_official
#デニム #フレアデニム #デニムコーデ #フレアシルエット
▼注意事項
※撮影環境やモニター環境によって実際の商品とお色味が多少異なってみえる場合がございます。
品番：RF634832B001　/ 品名：フレアデニムパンツ"	in stock	999	new	4990 JPY	https://www.retro-girl.jp/item/111369.html	https://img-retro-girl.freetls.fastly.net/retrogirl/image_item/111/111369/11136901_b.jpg	RETRO GIRL		https://img-retro-girl.freetls.fastly.net/retrogirl/image_item/111/111369/11136902_b.jpg	パンツ > デニムパンツ	ブラック	L		adult	female	
EE641531G0015607	EE641531G001	【セットアップ対応】バルーンチェックミニスカート - ブラウン/チェック / FREE	"〈バルーンシルエットの甘くて可愛いチェックスカート〉
▼デザイン
・ems exciteで定番のバルーンシルエットアイテム。
・秋を先取るチェック柄２色でご用意！
・１枚でコーデが華やかにまとまる秋アイテムです。
▼コーディネート
ノースリチェックブラウスと合わせれば、セットアップコーデに。
ボリューム感のあるボトムなので、タイトなトップスと相性バッチリ！
------------------------------
生地感：普通
伸縮性：なし
透け感：なし
裏地：ある
------------------------------
▼ブランド紹介
ems excite (エムズエキサイト）
“more fun more cute”
今をもっと楽しく
もっと可愛くいたい女の子に向けた
girly cuteなブランド
#バルーンスカート #スカート #ミニスカート #チェックスカート #バルーン #秋コーデ #セットアップコーデ
▼注意事項
※撮影環境やモニター環境によって実際の商品とお色味が
多少異なってみえる場合がございます。
品番：EE641531G001　/ 品名：バルーンチェックミニスカート"	in stock	999	new	4390 JPY	https://www.retro-girl.jp/item/111327.html	https://img-retro-girl.freetls.fastly.net/retrogirl/image_item/111/111327/11132701_b.jpg	ems excite		https://img-retro-girl.freetls.fastly.net/retrogirl/image_item/111/111327/11132702_b.jpg	スカート > ミニスカート	ブラウン/チェック	FREE	表地　ポリエステル：80％レーヨン：17％ポリウレタン：3％　裏地　ポリエステル：100％	adult	female	
EE641531G0018607	EE641531G001	【セットアップ対応】バルーンチェックミニスカート - ブルー/チェック / FREE	"〈バルーンシルエットの甘くて可愛いチェックスカート〉
▼デザイン
・ems exciteで定番のバルーンシルエットアイテム。
・秋を先取るチェック柄２色でご用意！
・１枚でコーデが華やかにまとまる秋アイテムです。
▼コーディネート
ノースリチェックブラウスと合わせれば、セットアップコーデに。
ボリューム感のあるボトムなので、タイトなトップスと相性バッチリ！
------------------------------
生地感：普通
伸縮性：なし
透け感：なし
裏地：ある
------------------------------
▼ブランド紹介
ems excite (エムズエキサイト）
“more fun more cute”
今をもっと楽しく
もっと可愛くいたい女の子に向けた
girly cuteなブランド
#バルーンスカート #スカート #ミニスカート #チェックスカート #バルーン #秋コーデ #セットアップコーデ
▼注意事項
※撮影環境やモニター環境によって実際の商品とお色味が
多少異なってみえる場合がございます。
品番：EE641531G001　/ 品名：バルーンチェックミニスカート"	in stock	999	new	4390 JPY	https://www.retro-girl.jp/item/111327.html	https://img-retro-girl.freetls.fastly.net/retrogirl/image_item/111/111327/11132702_b.jpg	ems excite		https://img-retro-girl.freetls.fastly.net/retrogirl/image_item/111/111327/11132701_b.jpg	スカート > ミニスカート	ブルー/チェック	FREE	表地　ポリエステル：80％レーヨン：17％ポリウレタン：3％　裏地　ポリエステル：100％	adult	female	
EE641523G0020907	EE641523G002	【セットアップ対応】メニーリボンブラウス - ブラック / FREE	"＜たっぷりリボンで華やかなリボンブラウス＞
▼デザイン
・首回りにリボンがデザインされた華やかなブラウス
・袖口はパフスリーブでふんわり可愛らしいシルエット
・オフショルダーでも着用できる2way
・後ろはゴムで伸縮性抜群◎
▼コーディネート
ひげレース付きショートパンツと合わせればセットアップコーデに！
フリルスカートやバルーンスカートと相性のいいアイテム！
デニム合わせしてカジュアルダウンさせて、オフショルダーで着用しても◎
------------------------------
生地感：普通
伸縮性：ある
透け感：なし
裏地：なし
------------------------------
▼ブランド紹介
ems excite (エムズエキサイト）
“more fun more cute”
今をもっと楽しく
もっと可愛くいたい女の子に向けた
girly cuteなブランド
#リボンブラウス #リボンデザイン #オフショルダー #パフスリーブ
▼注意事項
※撮影環境やモニター環境によって実際の商品とお色味が多少異なってみえる場合がございます。
品番：EE641523G002　/ 品名：メニーリボンブラウス"	in stock	999	new	4390 JPY	https://www.retro-girl.jp/item/111332.html	https://img-retro-girl.freetls.fastly.net/retrogirl/image_item/111/111332/11133201_b.jpg	ems excite		https://img-retro-girl.freetls.fastly.net/retrogirl/image_item/111/111332/11133202_b.jpg	トップス > シャツ/ブラウス	ブラック	FREE	本体ポリエステル：100％　別布部分　ポリエステル：90％綿：10％	adult	female	
EE641523G0021507	EE641523G002	【セットアップ対応】メニーリボンブラウス - グレー/柄 / FREE	"＜たっぷりリボンで華やかなリボンブラウス＞
▼デザイン
・首回りにリボンがデザインされた華やかなブラウス
・袖口はパフスリーブでふんわり可愛らしいシルエット
・オフショルダーでも着用できる2way
・後ろはゴムで伸縮性抜群◎
▼コーディネート
ひげレース付きショートパンツと合わせればセットアップコーデに！
フリルスカートやバルーンスカートと相性のいいアイテム！
デニム合わせしてカジュアルダウンさせて、オフショルダーで着用しても◎
------------------------------
生地感：普通
伸縮性：ある
透け感：なし
裏地：なし
------------------------------
▼ブランド紹介
ems excite (エムズエキサイト）
“more fun more cute”
今をもっと楽しく
もっと可愛くいたい女の子に向けた
girly cuteなブランド
#リボンブラウス #リボンデザイン #オフショルダー #パフスリーブ
▼注意事項
※撮影環境やモニター環境によって実際の商品とお色味が多少異なってみえる場合がございます。
品番：EE641523G002　/ 品名：メニーリボンブラウス"	in stock	999	new	4390 JPY	https://www.retro-girl.jp/item/111332.html	https://img-retro-girl.freetls.fastly.net/retrogirl/image_item/111/111332/11133202_b.jpg	ems excite		https://img-retro-girl.freetls.fastly.net/retrogirl/image_item/111/111332/11133201_b.jpg	トップス > シャツ/ブラウス	グレー/柄	FREE	本体ポリエステル：100％　別布部分　ポリエステル：90％綿：10％	adult	female	
RF641511T0015007	RF641511T001	レイヤード風カットソー - ブラウン / FREE	"＜レイヤードデザインで感あるカットソー＞
▼デザイン
・癖のないデザインで、どんなアイテムにも合わせやすいトップスアイテム
・レイヤード風デザインなので、１枚でコーデが完成！
・裾のプレートはRETRO GIRLオリジナルデザイン！
・薄手の長袖アイテムなので、まだ暖かい時期でも秋先取りに♪
▼コーディネート
シンプルなデザインなので、ボトムを選ばず着用できるアイテム！
ボトムに柄アイテムを取り入れても◎
-----------------------------
生地感：普通
伸縮性：あり
透け感：なし
裏地：なし
------------------------------
▼ブランド紹介
RETRO GIRL (レトロガール）
自分らしい“ベーシックアイテム”と
新しい自分の”トレンドアイテム”が
見つかる場所
今らしいファッションを楽しむ
女性のためのブランド
#バイカラー #プレート #秋コーデ #フェイクレイヤード #レイヤード
▼注意事項
※撮影環境やモニター環境によって実際の商品とお色味が多少異なってみえる場合がございます。
品番：RF641511T001　/ 品名：レイヤード風カットソー"	in stock	999	new	3990 JPY	https://www.retro-girl.jp/item/111261.html	https://img-retro-girl.freetls.fastly.net/retrogirl/image_item/111/111261/11126102_b.jpg	RETRO GIRL		https://img-retro-girl.freetls.fastly.net/retrogirl/image_item/111/111261/11126101_b.jpg,https://img-retro-girl.freetls.fastly.net/retrogirl/image_item/111/111261/11126103_b.jpg	トップス > Tシャツ/カットソー	ブラウン	FREE	本体：ポリエステル85％ レーヨン15％別布部分：ポリエステル65％ 綿35％	adult	female	
RF641511T0011007	RF641511T001	レイヤード風カットソー - ライトグレー / FREE	"＜レイヤードデザインで感あるカットソー＞
▼デザイン
・癖のないデザインで、どんなアイテムにも合わせやすいトップスアイテム
・レイヤード風デザインなので、１枚でコーデが完成！
・裾のプレートはRETRO GIRLオリジナルデザイン！
・薄手の長袖アイテムなので、まだ暖かい時期でも秋先取りに♪
▼コーディネート
シンプルなデザインなので、ボトムを選ばず着用できるアイテム！
ボトムに柄アイテムを取り入れても◎
-----------------------------
生地感：普通
伸縮性：あり
透け感：なし
裏地：なし
------------------------------
▼ブランド紹介
RETRO GIRL (レトロガール）
自分らしい“ベーシックアイテム”と
新しい自分の”トレンドアイテム”が
見つかる場所
今らしいファッションを楽しむ
女性のためのブランド
#バイカラー #プレート #秋コーデ #フェイクレイヤード #レイヤード
▼注意事項
※撮影環境やモニター環境によって実際の商品とお色味が多少異なってみえる場合がございます。
品番：RF641511T001　/ 品名：レイヤード風カットソー"	in stock	999	new	3990 JPY	https://www.retro-girl.jp/item/111261.html	https://img-retro-girl.freetls.fastly.net/retrogirl/image_item/111/111261/11126101_b.jpg	RETRO GIRL		https://img-retro-girl.freetls.fastly.net/retrogirl/image_item/111/111261/11126102_b.jpg,https://img-retro-girl.freetls.fastly.net/retrogirl/image_item/111/111261/11126103_b.jpg	トップス > Tシャツ/カットソー	ライトグレー	FREE	本体：ポリエステル85％ レーヨン15％別布部分：ポリエステル65％ 綿35％	adult	female	
RF641511T0016007	RF641511T001	レイヤード風カットソー - イエロー / FREE	"＜レイヤードデザインで感あるカットソー＞
▼デザイン
・癖のないデザインで、どんなアイテムにも合わせやすいトップスアイテム
・レイヤード風デザインなので、１枚でコーデが完成！
・裾のプレートはRETRO GIRLオリジナルデザイン！
・薄手の長袖アイテムなので、まだ暖かい時期でも秋先取りに♪
▼コーディネート
シンプルなデザインなので、ボトムを選ばず着用できるアイテム！
ボトムに柄アイテムを取り入れても◎
-----------------------------
生地感：普通
伸縮性：あり
透け感：なし
裏地：なし
------------------------------
▼ブランド紹介
RETRO GIRL (レトロガール）
自分らしい“ベーシックアイテム”と
新しい自分の”トレンドアイテム”が
見つかる場所
今らしいファッションを楽しむ
女性のためのブランド
#バイカラー #プレート #秋コーデ #フェイクレイヤード #レイヤード
▼注意事項
※撮影環境やモニター環境によって実際の商品とお色味が多少異なってみえる場合がございます。
品番：RF641511T001　/ 品名：レイヤード風カットソー"	in stock	999	new	3990 JPY	https://www.retro-girl.jp/item/111261.html	https://img-retro-girl.freetls.fastly.net/retrogirl/image_item/111/111261/11126103_b.jpg	RETRO GIRL		https://img-retro-girl.freetls.fastly.net/retrogirl/image_item/111/111261/11126102_b.jpg,https://img-retro-girl.freetls.fastly.net/retrogirl/image_item/111/111261/11126101_b.jpg	トップス > Tシャツ/カットソー	イエロー	FREE	本体：ポリエステル85％ レーヨン15％別布部分：ポリエステル65％ 綿35％	adult	female	
RF634821T0017007	RF634821T001	スエードジャケット - グリーン / FREE	"＜可愛い裏地が目を惹くスエードジャケット＞
▼デザイン
・秋っぽい素材のスエードジャケット
・袖の裏地はストライプになっていて、目を惹くデザインに。
・ポケットもついていて、実用性も◎
・秋っぽくて可愛いベージュとグリーンの２色でご用意です♪
▼コーディネート
どんなコーデにも馴染む定番デザイン。
襟付きで、サテン素材などの綺麗目コーデに合せてくなる♪
▼スタイルアップポイント
骨格問わず着用できるデザイン。
腰回りもカバーしてくれるので、気になりやすいウェーブさん、ストレートさんのお悩みを解決！
-----------------------------
生地感：普通
伸縮性：なし
透け感：なし
裏地：ある
------------------------------
▼ブランド紹介
RETRO GIRL (レトロガール）
～日常に、ひとさじのときめきを～
いつものスタイルに新しい気分を織り込んで、
毎日をたのしむきっかけを作るブランド。
▼SNS
新着アイテムやお得なセール情報を配信中♪
【公式 Instagram】
＠retrogirl_official
【公式 TikTok】
@retrogirl_official
#スエード #ジャケット #秋アウター #秋コーデ ＃ストライプ
▼注意事項
※撮影環境やモニター環境によって実際の商品とお色味が多少異なってみえる場合がございます。
品番：RF634821T001 / 品名：スエードジャケット"	in stock	999	new	7990 JPY	https://www.retro-girl.jp/item/111398.html	https://img-retro-girl.freetls.fastly.net/retrogirl/image_item/111/111398/11139802_b.jpg	RETRO GIRL		https://img-retro-girl.freetls.fastly.net/retrogirl/image_item/111/111398/11139801_b.jpg	ジャケット/アウター > その他アウター	グリーン	FREE	表地：ポリエステル100％裏地：ポリエステル100％別布：ポリエステル100％	adult	female	
RF634821T0015407	RF634821T001	スエードジャケット - ベージュ / FREE	"＜可愛い裏地が目を惹くスエードジャケット＞
▼デザイン
・秋っぽい素材のスエードジャケット
・袖の裏地はストライプになっていて、目を惹くデザインに。
・ポケットもついていて、実用性も◎
・秋っぽくて可愛いベージュとグリーンの２色でご用意です♪
▼コーディネート
どんなコーデにも馴染む定番デザイン。
襟付きで、サテン素材などの綺麗目コーデに合せてくなる♪
▼スタイルアップポイント
骨格問わず着用できるデザイン。
腰回りもカバーしてくれるので、気になりやすいウェーブさん、ストレートさんのお悩みを解決！
-----------------------------
生地感：普通
伸縮性：なし
透け感：なし
裏地：ある
------------------------------
▼ブランド紹介
RETRO GIRL (レトロガール）
～日常に、ひとさじのときめきを～
いつものスタイルに新しい気分を織り込んで、
毎日をたのしむきっかけを作るブランド。
▼SNS
新着アイテムやお得なセール情報を配信中♪
【公式 Instagram】
＠retrogirl_official
【公式 TikTok】
@retrogirl_official
#スエード #ジャケット #秋アウター #秋コーデ ＃ストライプ
▼注意事項
※撮影環境やモニター環境によって実際の商品とお色味が多少異なってみえる場合がございます。
品番：RF634821T001 / 品名：スエードジャケット"	in stock	999	new	7990 JPY	https://www.retro-girl.jp/item/111398.html	https://img-retro-girl.freetls.fastly.net/retrogirl/image_item/111/111398/11139801_b.jpg	RETRO GIRL		https://img-retro-girl.freetls.fastly.net/retrogirl/image_item/111/111398/11139802_b.jpg	ジャケット/アウター > その他アウター	ベージュ	FREE	表地：ポリエステル100％裏地：ポリエステル100％別布：ポリエステル100％	adult	female	
RF662031T0011007	RF662031T001	【セットアップ対応】ラップミニスカパン - ライトグレー / FREE	"＜レトロでは珍しいミニ丈スカートパンツ＞
▼デザイン
・ラップ風デザインがオトナっぽいスカパンアイテム
・レトロガールでは珍しいミニ丈スカートです。
・サイドのZIPで着脱できるので、美シルエットをキープ
・裏地もついていて、ミニ丈ながら安心の着心地！
▼コーディネート
女性らしいフェミニンスタイリングにおすすめ！
テーラードジャケットとセットアップ対応です
▼スタイルアップポイント
骨格問わず着用できるデザイン。
タイトなシルエットは骨格ストレートさんな形！
-----------------------------
生地感：普通
伸縮性：なし
透け感：なし
裏地：ある
------------------------------
▼ブランド紹介
RETRO GIRL (レトロガール）
～日常に、ひとさじのときめきを～
いつものスタイルに新しい気分を織り込んで、
毎日をたのしむきっかけを作るブランド。
▼SNS
新着アイテムやお得なセール情報を配信中♪
【公式 Instagram】
＠retrogirl_official
【公式 TikTok】
@retrogirl_official
#ラップミニスカート #スカートパンツ #ラップスカート #セットアップ ＃ストライプ #セットアップ対応
▼注意事項
※撮影環境やモニター環境によって実際の商品とお色味が多少異なってみえる場合がございます。
品番：RF662031T001　/ 品名：ラップミニスカパン"	in stock	999	new	4990 JPY	https://www.retro-girl.jp/item/111405.html	https://img-retro-girl.freetls.fastly.net/retrogirl/image_item/111/111405/11140501_b.jpg	RETRO GIRL		https://img-retro-girl.freetls.fastly.net/retrogirl/image_item/111/111405/11140502_b.jpg	スカート > ミニスカート	ライトグレー	FREE	ポリエステル92％ ポリウレタン8％裏地：ポリエステル100％	adult	female	
RF662031T0015907	RF662031T001	【セットアップ対応】ラップミニスカパン - ブラウン/柄 / FREE	"＜レトロでは珍しいミニ丈スカートパンツ＞
▼デザイン
・ラップ風デザインがオトナっぽいスカパンアイテム
・レトロガールでは珍しいミニ丈スカートです。
・サイドのZIPで着脱できるので、美シルエットをキープ
・裏地もついていて、ミニ丈ながら安心の着心地！
▼コーディネート
女性らしいフェミニンスタイリングにおすすめ！
テーラードジャケットとセットアップ対応です
▼スタイルアップポイント
骨格問わず着用できるデザイン。
タイトなシルエットは骨格ストレートさんな形！
-----------------------------
生地感：普通
伸縮性：なし
透け感：なし
裏地：ある
------------------------------
▼ブランド紹介
RETRO GIRL (レトロガール）
～日常に、ひとさじのときめきを～
いつものスタイルに新しい気分を織り込んで、
毎日をたのしむきっかけを作るブランド。
▼SNS
新着アイテムやお得なセール情報を配信中♪
【公式 Instagram】
＠retrogirl_official
【公式 TikTok】
@retrogirl_official
#ラップミニスカート #スカートパンツ #ラップスカート #セットアップ ＃ストライプ #セットアップ対応
▼注意事項
※撮影環境やモニター環境によって実際の商品とお色味が多少異なってみえる場合がございます。
品番：RF662031T001　/ 品名：ラップミニスカパン"	in stock	999	new	4990 JPY	https://www.retro-girl.jp/item/111405.html	https://img-retro-girl.freetls.fastly.net/retrogirl/image_item/111/111405/11140502_b.jpg	RETRO GIRL		https://img-retro-girl.freetls.fastly.net/retrogirl/image_item/111/111405/11140501_b.jpg	スカート > ミニスカート	ブラウン/柄	FREE	ポリエステル92％ ポリウレタン8％裏地：ポリエステル100％	adult	female	
RF647732T0010407	RF647732T001	バミューダパンツ - エクリュ / FREE	"＜今年トレンドのミディ丈が実現するバミューダパンツ＞
▼デザイン
・今年大注目のミディ丈アイテム
・ウエストは後がゴムになっていて、伸縮性抜群◎
・程よい着丈で着る人を選ばないデザイン。
・定番で合わせやすいデザインなので、どんなトップスとも組み合わせ可能♪
▼コーディネート
ペプラムシルエットのトップスと合わせるのが今年らしいスタイリング♪
脚見せが気になる方は、ハーフカットのブーツと合わせてみて♪
▼スタイルアップポイント
骨格ストレートさんにおすすめの丈感とシルエットのパンツアイテム。
ふくらはぎの張りが気になるウェーブさんは、ロングブーツと合わせるのがおすすめです♪
-----------------------------
生地感：普通
伸縮性：なし
透け感：なし
裏地：なし
------------------------------
▼ブランド紹介
RETRO GIRL (レトロガール）
～日常に、ひとさじのときめきを～
いつものスタイルに新しい気分を織り込んで、
毎日をたのしむきっかけを作るブランド。
▼SNS
新着アイテムやお得なセール情報を配信中♪
【公式 Instagram】
＠retrogirl_official
【公式 TikTok】
@retrogirl_official
#ハーフパンツ #バミューダパンツ #ホワイトパンツ #秋コーデ ＃トレンドアイテム
▼注意事項
※撮影環境やモニター環境によって実際の商品とお色味が多少異なってみえる場合がございます。
品番：RF647732T001　/ 品名：バミューダパンツ"	in stock	999	new	3590 JPY	https://www.retro-girl.jp/item/111396.html	https://img-retro-girl.freetls.fastly.net/retrogirl/image_item/111/111396/11139601_b.jpg	RETRO GIRL		https://img-retro-girl.freetls.fastly.net/retrogirl/image_item/111/111396/11139602_b.jpg,https://img-retro-girl.freetls.fastly.net/retrogirl/image_item/111/111396/11139603_b.jpg	パンツ > ハーフパンツ	エクリュ	FREE		adult	female	
EW680031G0010407	EW680031G001	ファーツイードミニスカート - エクリュ / FREE	"＜セットアップ対応の冬っぽツイードミニスカート＞
▼デザイン
・裾にデザインされたファーが華やかなミニスカート
・タイトなシルエットでボディラインを綺麗に魅せてくれます。
・裏地はパンツスタイルになっているので、ミニ丈ながら安心です◎
・フロント部分のゴールドボタンがアクセントになるので、インスタイルもおすすめ！
▼コーディネート
Fファー付ツイードジャケットと着用すればセットアップコーデが完成
単品使いでも、ボウタイブラウスやニットと合わせて秋コーデが楽しめます
------------------------------
生地感：普通
伸縮性：なし
透け感：なし
インパン：ある
------------------------------
▼ブランド紹介
ems excite (エムズエキサイト）
“more fun more cute”
今をもっと楽しく
もっと可愛くいたい女の子に向けた
girly cuteなブランド
#ツイードスカート #タイトスカート #セットアップ #韓国コーデ #ファースカート
▼注意事項
※撮影環境やモニター環境によって実際の商品とお色味が
多少異なってみえる場合がございます。
※サイズはサンプル品を基に採寸しております。
実際の商品とは若干の誤差が生じる場合がございますので、あらかじめご了承ください。
品番：EW680031G001　/ 品名：ファーツイードミニスカート"	in stock	999	new	4990 JPY	https://www.retro-girl.jp/item/111302.html	https://img-retro-girl.freetls.fastly.net/retrogirl/image_item/111/111302/11130201_b.jpg	ems excite		https://img-retro-girl.freetls.fastly.net/retrogirl/image_item/111/111302/11130202_b.jpg	スカート > ミニスカート	エクリュ	FREE		adult	female	
EW680031G0010907	EW680031G001	ファーツイードミニスカート - ブラック / FREE	"＜セットアップ対応の冬っぽツイードミニスカート＞
▼デザイン
・裾にデザインされたファーが華やかなミニスカート
・タイトなシルエットでボディラインを綺麗に魅せてくれます。
・裏地はパンツスタイルになっているので、ミニ丈ながら安心です◎
・フロント部分のゴールドボタンがアクセントになるので、インスタイルもおすすめ！
▼コーディネート
Fファー付ツイードジャケットと着用すればセットアップコーデが完成
単品使いでも、ボウタイブラウスやニットと合わせて秋コーデが楽しめます
------------------------------
生地感：普通
伸縮性：なし
透け感：なし
インパン：ある
------------------------------
▼ブランド紹介
ems excite (エムズエキサイト）
“more fun more cute”
今をもっと楽しく
もっと可愛くいたい女の子に向けた
girly cuteなブランド
#ツイードスカート #タイトスカート #セットアップ #韓国コーデ #ファースカート
▼注意事項
※撮影環境やモニター環境によって実際の商品とお色味が
多少異なってみえる場合がございます。
※サイズはサンプル品を基に採寸しております。
実際の商品とは若干の誤差が生じる場合がございますので、あらかじめご了承ください。
品番：EW680031G001　/ 品名：ファーツイードミニスカート"	in stock	999	new	4990 JPY	https://www.retro-girl.jp/item/111302.html	https://img-retro-girl.freetls.fastly.net/retrogirl/image_item/111/111302/11130202_b.jpg	ems excite		https://img-retro-girl.freetls.fastly.net/retrogirl/image_item/111/111302/11130201_b.jpg	スカート > ミニスカート	ブラック	FREE		adult	female	
RF657111T0025007	RF657111T002	【セットアイテム】ホルターネックレイヤードトップス - ブラウン / FREE	"＜今年らしいスタイリングをセットで実現＞
▼デザイン
・キャミとシンナーのセットアイテム
・キャミはホルターデザインで、顔周りが華やかな印象に・
・インナーアイテムは、薄手でさらっとした素材で着心地抜群。
・カラー配色も可愛く、トレンドスタイルがセットで完成♪
▼コーディネート
韓国っぽいトレンドスタイリングがセットで実現！
ボトムは定番のデニムから、スカートアイテムまで幅広く対応♪
▼スタイルアップポイント
骨格問わず着用できるデザイン。
着丈もコンパクトで、全骨格スタイルアップ！
-----------------------------
生地感：普通
伸縮性：なし
透け感：なし
裏地：なし
------------------------------
▼ブランド紹介
RETRO GIRL (レトロガール）
～日常に、ひとさじのときめきを～
いつものスタイルに新しい気分を織り込んで、
毎日をたのしむきっかけを作るブランド。
▼SNS
新着アイテムやお得なセール情報を配信中♪
【公式 Instagram】
＠retrogirl_official
【公式 TikTok】
@retrogirl_official
#セットアイテム #ホルターネック #レイヤードコーデ #配色コーデ ＃バイカラーアイテム #韓国コーデ
▼注意事項
※撮影環境やモニター環境によって実際の商品とお色味が多少異なってみえる場合がございます。
品番：RF657111T002　/ 品名：ホルターネックレイヤードトップス"	in stock	999	new	3990 JPY	https://www.retro-girl.jp/item/111400.html	https://img-retro-girl.freetls.fastly.net/retrogirl/image_item/111/111400/11140002_b.jpg	RETRO GIRL		https://img-retro-girl.freetls.fastly.net/retrogirl/image_item/111/111400/11140001_b.jpg,https://img-retro-girl.freetls.fastly.net/retrogirl/image_item/111/111400/11140003_b.jpg	トップス > Tシャツ/カットソー	ブラウン	FREE	ポリエステル85％ レーヨン15％	adult	female	
RF657111T0021207	RF657111T002	【セットアイテム】ホルターネックレイヤードトップス - チャコールグレー / FREE	"＜今年らしいスタイリングをセットで実現＞
▼デザイン
・キャミとシンナーのセットアイテム
・キャミはホルターデザインで、顔周りが華やかな印象に・
・インナーアイテムは、薄手でさらっとした素材で着心地抜群。
・カラー配色も可愛く、トレンドスタイルがセットで完成♪
▼コーディネート
韓国っぽいトレンドスタイリングがセットで実現！
ボトムは定番のデニムから、スカートアイテムまで幅広く対応♪
▼スタイルアップポイント
骨格問わず着用できるデザイン。
着丈もコンパクトで、全骨格スタイルアップ！
-----------------------------
生地感：普通
伸縮性：なし
透け感：なし
裏地：なし
------------------------------
▼ブランド紹介
RETRO GIRL (レトロガール）
～日常に、ひとさじのときめきを～
いつものスタイルに新しい気分を織り込んで、
毎日をたのしむきっかけを作るブランド。
▼SNS
新着アイテムやお得なセール情報を配信中♪
【公式 Instagram】
＠retrogirl_official
【公式 TikTok】
@retrogirl_official
#セットアイテム #ホルターネック #レイヤードコーデ #配色コーデ ＃バイカラーアイテム #韓国コーデ
▼注意事項
※撮影環境やモニター環境によって実際の商品とお色味が多少異なってみえる場合がございます。
品番：RF657111T002　/ 品名：ホルターネックレイヤードトップス"	in stock	999	new	3990 JPY	https://www.retro-girl.jp/item/111400.html	https://img-retro-girl.freetls.fastly.net/retrogirl/image_item/111/111400/11140001_b.jpg	RETRO GIRL		https://img-retro-girl.freetls.fastly.net/retrogirl/image_item/111/111400/11140002_b.jpg,https://img-retro-girl.freetls.fastly.net/retrogirl/image_item/111/111400/11140003_b.jpg	トップス > Tシャツ/カットソー	チャコールグレー	FREE	ポリエステル85％ レーヨン15％	adult	female	
RF657111T0026007	RF657111T002	【セットアイテム】ホルターネックレイヤードトップス - イエロー / FREE	"＜今年らしいスタイリングをセットで実現＞
▼デザイン
・キャミとシンナーのセットアイテム
・キャミはホルターデザインで、顔周りが華やかな印象に・
・インナーアイテムは、薄手でさらっとした素材で着心地抜群。
・カラー配色も可愛く、トレンドスタイルがセットで完成♪
▼コーディネート
韓国っぽいトレンドスタイリングがセットで実現！
ボトムは定番のデニムから、スカートアイテムまで幅広く対応♪
▼スタイルアップポイント
骨格問わず着用できるデザイン。
着丈もコンパクトで、全骨格スタイルアップ！
-----------------------------
生地感：普通
伸縮性：なし
透け感：なし
裏地：なし
------------------------------
▼ブランド紹介
RETRO GIRL (レトロガール）
～日常に、ひとさじのときめきを～
いつものスタイルに新しい気分を織り込んで、
毎日をたのしむきっかけを作るブランド。
▼SNS
新着アイテムやお得なセール情報を配信中♪
【公式 Instagram】
＠retrogirl_official
【公式 TikTok】
@retrogirl_official
#セットアイテム #ホルターネック #レイヤードコーデ #配色コーデ ＃バイカラーアイテム #韓国コーデ
▼注意事項
※撮影環境やモニター環境によって実際の商品とお色味が多少異なってみえる場合がございます。
品番：RF657111T002　/ 品名：ホルターネックレイヤードトップス"	in stock	999	new	3990 JPY	https://www.retro-girl.jp/item/111400.html	https://img-retro-girl.freetls.fastly.net/retrogirl/image_item/111/111400/11140003_b.jpg	RETRO GIRL		https://img-retro-girl.freetls.fastly.net/retrogirl/image_item/111/111400/11140002_b.jpg,https://img-retro-girl.freetls.fastly.net/retrogirl/image_item/111/111400/11140001_b.jpg	トップス > Tシャツ/カットソー	イエロー	FREE	ポリエステル85％ レーヨン15％	adult	female	
RL657112N0040407	RL657112N004	フロントホックニット - エクリュ / FREE	"＜販売する度大人気！配色ニットカーディガンがブラッシュアップ＞
▼デザイン
・２枚襟でデザイン性溢れるカーディガンアイテム。
・２枚の襟はバイカラーになっていて、コーデのアクセントになります。
・フロント部分はホックで簡単に着脱して頂けます！
・襟付きで、ラフながらも上品さが溢れるのも魅力。
▼コーディネート
ボトムを選ばないジャストな着丈のニットアイテム。
インナーにキャミソールをセレクトすれば、羽織スタイルでの着用が可能です。
-----------------------------
生地感：普通
伸縮性：あり
透け感：あり
裏地：なし
------------------------------
▼ブランド紹介
RETRO GIRL (レトロガール）
自分らしい“ベーシックアイテム”と
新しい自分の”トレンドアイテム”が
見つかる場所
今らしいファッションを楽しむ
女性のためのブランド
#ニット #サマーニット #ポロ #襟 #カーディガン #バイカラー #カラーコーデ
▼注意事項
※撮影環境やモニター環境によって実際の商品とお色味が多少異なってみえる場合がございます。
品番：RL657112N004　/ 品名：フロントホックニット"	in stock	999	new	3990 JPY	https://www.retro-girl.jp/item/111253.html	https://img-retro-girl.freetls.fastly.net/retrogirl/image_item/111/111253/11125301_b.jpg	RETRO GIRL		https://img-retro-girl.freetls.fastly.net/retrogirl/image_item/111/111253/11125302_b.jpg,https://img-retro-girl.freetls.fastly.net/retrogirl/image_item/111/111253/11125303_b.jpg	トップス > ニット/セーター	エクリュ	FREE	レーヨン65％ ポリエステル35％	adult	female	
RL657112N0045007	RL657112N004	フロントホックニット - ブラウン / FREE	"＜販売する度大人気！配色ニットカーディガンがブラッシュアップ＞
▼デザイン
・２枚襟でデザイン性溢れるカーディガンアイテム。
・２枚の襟はバイカラーになっていて、コーデのアクセントになります。
・フロント部分はホックで簡単に着脱して頂けます！
・襟付きで、ラフながらも上品さが溢れるのも魅力。
▼コーディネート
ボトムを選ばないジャストな着丈のニットアイテム。
インナーにキャミソールをセレクトすれば、羽織スタイルでの着用が可能です。
-----------------------------
生地感：普通
伸縮性：あり
透け感：あり
裏地：なし
------------------------------
▼ブランド紹介
RETRO GIRL (レトロガール）
自分らしい“ベーシックアイテム”と
新しい自分の”トレンドアイテム”が
見つかる場所
今らしいファッションを楽しむ
女性のためのブランド
#ニット #サマーニット #ポロ #襟 #カーディガン #バイカラー #カラーコーデ
▼注意事項
※撮影環境やモニター環境によって実際の商品とお色味が多少異なってみえる場合がございます。
品番：RL657112N004　/ 品名：フロントホックニット"	in stock	999	new	3990 JPY	https://www.retro-girl.jp/item/111253.html	https://img-retro-girl.freetls.fastly.net/retrogirl/image_item/111/111253/11125302_b.jpg	RETRO GIRL		https://img-retro-girl.freetls.fastly.net/retrogirl/image_item/111/111253/11125301_b.jpg,https://img-retro-girl.freetls.fastly.net/retrogirl/image_item/111/111253/11125303_b.jpg	トップス > ニット/セーター	ブラウン	FREE	レーヨン65％ ポリエステル35％	adult	female	
RL657112N0048007	RL657112N004	フロントホックニット - ブルー / FREE	"＜販売する度大人気！配色ニットカーディガンがブラッシュアップ＞
▼デザイン
・２枚襟でデザイン性溢れるカーディガンアイテム。
・２枚の襟はバイカラーになっていて、コーデのアクセントになります。
・フロント部分はホックで簡単に着脱して頂けます！
・襟付きで、ラフながらも上品さが溢れるのも魅力。
▼コーディネート
ボトムを選ばないジャストな着丈のニットアイテム。
インナーにキャミソールをセレクトすれば、羽織スタイルでの着用が可能です。
-----------------------------
生地感：普通
伸縮性：あり
透け感：あり
裏地：なし
------------------------------
▼ブランド紹介
RETRO GIRL (レトロガール）
自分らしい“ベーシックアイテム”と
新しい自分の”トレンドアイテム”が
見つかる場所
今らしいファッションを楽しむ
女性のためのブランド
#ニット #サマーニット #ポロ #襟 #カーディガン #バイカラー #カラーコーデ
▼注意事項
※撮影環境やモニター環境によって実際の商品とお色味が多少異なってみえる場合がございます。
品番：RL657112N004　/ 品名：フロントホックニット"	in stock	999	new	3990 JPY	https://www.retro-girl.jp/item/111253.html	https://img-retro-girl.freetls.fastly.net/retrogirl/image_item/111/111253/11125303_b.jpg	RETRO GIRL		https://img-retro-girl.freetls.fastly.net/retrogirl/image_item/111/111253/11125301_b.jpg,https://img-retro-girl.freetls.fastly.net/retrogirl/image_item/111/111253/11125302_b.jpg	トップス > ニット/セーター	ブルー	FREE	レーヨン65％ ポリエステル35％	adult	female	
RF657445B0015000	RF657445B001	ロゴ刺繍キャップ - ブラウン / ONE SIZE	"＜配色が可愛いロゴ刺繍キャップ＞
▼デザイン
・コーデのワンポイントになるファッション小物
・秋冬を感じるしっかり厚手の素材
・後ろのベルトでサイズの調節が可能！
・可愛い配色が目を惹くデザイン。
▼コーディネート
カジュアルなコーデに取り入れたくなるファッション小物！
いつものコーデのワンポイントにプラス！
▼ブランド紹介
RETRO GIRL (レトロガール）
～日常に、ひとさじのときめきを～
いつものスタイルに新しい気分を織り込んで、
毎日をたのしむきっかけを作るブランド。
▼SNS
新着アイテムやお得なセール情報を配信中♪
【公式 Instagram】
＠retrogirl_official
【公式 TikTok】
@retrogirl_official
#キャップ #小物 #帽子 #キャップアイテム
▼注意事項
※撮影環境やモニター環境によって実際の商品とお色味が多少異なってみえる場合がございます。
品番：RF657445B001　/ 品名：ロゴ刺繍キャップ"	in stock	999	new	2090 JPY	https://www.retro-girl.jp/item/111395.html	https://img-retro-girl.freetls.fastly.net/retrogirl/image_item/111/111395/11139501_b.jpg	RETRO GIRL		https://img-retro-girl.freetls.fastly.net/retrogirl/image_item/111/111395/11139502_b.jpg	帽子 > キャップ	ブラウン	ONE SIZE		adult	female	
RF657445B0017000	RF657445B001	ロゴ刺繍キャップ - グリーン / ONE SIZE	"＜配色が可愛いロゴ刺繍キャップ＞
▼デザイン
・コーデのワンポイントになるファッション小物
・秋冬を感じるしっかり厚手の素材
・後ろのベルトでサイズの調節が可能！
・可愛い配色が目を惹くデザイン。
▼コーディネート
カジュアルなコーデに取り入れたくなるファッション小物！
いつものコーデのワンポイントにプラス！
▼ブランド紹介
RETRO GIRL (レトロガール）
～日常に、ひとさじのときめきを～
いつものスタイルに新しい気分を織り込んで、
毎日をたのしむきっかけを作るブランド。
▼SNS
新着アイテムやお得なセール情報を配信中♪
【公式 Instagram】
＠retrogirl_official
【公式 TikTok】
@retrogirl_official
#キャップ #小物 #帽子 #キャップアイテム
▼注意事項
※撮影環境やモニター環境によって実際の商品とお色味が多少異なってみえる場合がございます。
品番：RF657445B001　/ 品名：ロゴ刺繍キャップ"	in stock	999	new	2090 JPY	https://www.retro-girl.jp/item/111395.html	https://img-retro-girl.freetls.fastly.net/retrogirl/image_item/111/111395/11139502_b.jpg	RETRO GIRL		https://img-retro-girl.freetls.fastly.net/retrogirl/image_item/111/111395/11139501_b.jpg	帽子 > キャップ	グリーン	ONE SIZE		adult	female	
EF657445G0010900	EF657445G001	花付きニット帽 - ブラック / ONE SIZE	"＜フラワーデザインがワンポイントになるニット帽＞
▼デザイン
・伸縮性抜群で、頭にフィットするのが嬉しいニット帽アイテム！
・リブ素材で伸縮性も抜群◎
・カジュアルな印象になりがちなニット帽ですが、フラワーデザインでガーリーな印象に
・秋冬コーデに取り入れたいファッション小物です♪
▼コーディネート
いつものコーデにプラスワンしたいアイテム。
カジュアルコーデにも、ガーリーコーデにも合わせて頂けます。
▼ブランド紹介
ems excite (エムズエキサイト）
“more fun more cute”
今をもっと楽しく
もっと可愛くいたい女の子に向けた
girly cuteなブランド
#ニットワッチ　#ニットキャップ　#秋コーデ　#秋アイテム　#ニット帽 #フラワーデザイン
▼注意事項
※撮影環境やモニター環境によって実際の商品とお色味が多少異なってみえる場合がございます。
品番：EF657445G001　/ 品名：花付きニット帽"	in stock	999	new	2590 JPY	https://www.retro-girl.jp/item/111363.html	https://img-retro-girl.freetls.fastly.net/retrogirl/image_item/111/111363/11136302_b.jpg	ems excite		https://img-retro-girl.freetls.fastly.net/retrogirl/image_item/111/111363/11136301_b.jpg	帽子 > ニットキャップ/ビーニー	ブラック	ONE SIZE	ポリエステル：65％ナイロン：13％アクリル:13％ウール6％ポリウレタン：3％	adult	female	
EF657445G0010200	EF657445G001	花付きニット帽 - オフホワイト / ONE SIZE	"＜フラワーデザインがワンポイントになるニット帽＞
▼デザイン
・伸縮性抜群で、頭にフィットするのが嬉しいニット帽アイテム！
・リブ素材で伸縮性も抜群◎
・カジュアルな印象になりがちなニット帽ですが、フラワーデザインでガーリーな印象に
・秋冬コーデに取り入れたいファッション小物です♪
▼コーディネート
いつものコーデにプラスワンしたいアイテム。
カジュアルコーデにも、ガーリーコーデにも合わせて頂けます。
▼ブランド紹介
ems excite (エムズエキサイト）
“more fun more cute”
今をもっと楽しく
もっと可愛くいたい女の子に向けた
girly cuteなブランド
#ニットワッチ　#ニットキャップ　#秋コーデ　#秋アイテム　#ニット帽 #フラワーデザイン
▼注意事項
※撮影環境やモニター環境によって実際の商品とお色味が多少異なってみえる場合がございます。
品番：EF657445G001　/ 品名：花付きニット帽"	in stock	999	new	2590 JPY	https://www.retro-girl.jp/item/111363.html	https://img-retro-girl.freetls.fastly.net/retrogirl/image_item/111/111363/11136301_b.jpg	ems excite		https://img-retro-girl.freetls.fastly.net/retrogirl/image_item/111/111363/11136302_b.jpg	帽子 > ニットキャップ/ビーニー	オフホワイト	ONE SIZE	ポリエステル：65％ナイロン：13％アクリル:13％ウール6％ポリウレタン：3％	adult	female	
RF661431B0020307	RF661431B002	スエードナロースカート - アイボリー / FREE	"＜ストレートシルエットですっきり見える秋素材スカート＞
▼デザイン
・タイトで大人っぽいナロースカート
・秋冬を感じるスエード素材で防寒力も◎
・ウエストはゴムになっているので、伸縮性もあるゆったりした履き心地
・定番で合わせやすいデザインなので、どんなトップスとも組み合わせ可能♪
▼コーディネート
大人っぽいスタイリングにおすすめのアイテム！
大き目ニットと合わせても可愛い冬コーデに仕上ります。
▼スタイルアップポイント
骨格ストレートさん大優勝アイテム！
タイトなシルエットで下半身のボリュームを抑えてくれるデザインです、
-----------------------------
生地感：普通
伸縮性：なし
透け感：なし
裏地：ある
------------------------------
▼ブランド紹介
RETRO GIRL (レトロガール）
～日常に、ひとさじのときめきを～
いつものスタイルに新しい気分を織り込んで、
毎日をたのしむきっかけを作るブランド。
▼SNS
新着アイテムやお得なセール情報を配信中♪
【公式 Instagram】
＠retrogirl_official
【公式 TikTok】
@retrogirl_official
#スカート #タイトスカート #ナロースカート #スエード ＃大人コーデ #骨格ストレート
▼注意事項
※撮影環境やモニター環境によって実際の商品とお色味が多少異なってみえる場合がございます。
品番：RF661431B002　/ 品名：スエードナロースカート"	in stock	999	new	3790 JPY	https://www.retro-girl.jp/item/111370.html	https://img-retro-girl.freetls.fastly.net/retrogirl/image_item/111/111370/11137001_b.jpg	RETRO GIRL		https://img-retro-girl.freetls.fastly.net/retrogirl/image_item/111/111370/11137002_b.jpg,https://img-retro-girl.freetls.fastly.net/retrogirl/image_item/111/111370/11137003_b.jpg	スカート > ロング･マキシスカート	アイボリー	FREE		adult	female	
RF661431B0021207	RF661431B002	スエードナロースカート - チャコールグレー / FREE	"＜ストレートシルエットですっきり見える秋素材スカート＞
▼デザイン
・タイトで大人っぽいナロースカート
・秋冬を感じるスエード素材で防寒力も◎
・ウエストはゴムになっているので、伸縮性もあるゆったりした履き心地
・定番で合わせやすいデザインなので、どんなトップスとも組み合わせ可能♪
▼コーディネート
大人っぽいスタイリングにおすすめのアイテム！
大き目ニットと合わせても可愛い冬コーデに仕上ります。
▼スタイルアップポイント
骨格ストレートさん大優勝アイテム！
タイトなシルエットで下半身のボリュームを抑えてくれるデザインです、
-----------------------------
生地感：普通
伸縮性：なし
透け感：なし
裏地：ある
------------------------------
▼ブランド紹介
RETRO GIRL (レトロガール）
～日常に、ひとさじのときめきを～
いつものスタイルに新しい気分を織り込んで、
毎日をたのしむきっかけを作るブランド。
▼SNS
新着アイテムやお得なセール情報を配信中♪
【公式 Instagram】
＠retrogirl_official
【公式 TikTok】
@retrogirl_official
#スカート #タイトスカート #ナロースカート #スエード ＃大人コーデ #骨格ストレート
▼注意事項
※撮影環境やモニター環境によって実際の商品とお色味が多少異なってみえる場合がございます。
品番：RF661431B002　/ 品名：スエードナロースカート"	in stock	999	new	3790 JPY	https://www.retro-girl.jp/item/111370.html	https://img-retro-girl.freetls.fastly.net/retrogirl/image_item/111/111370/11137002_b.jpg	RETRO GIRL		https://img-retro-girl.freetls.fastly.net/retrogirl/image_item/111/111370/11137001_b.jpg,https://img-retro-girl.freetls.fastly.net/retrogirl/image_item/111/111370/11137003_b.jpg	スカート > ロング･マキシスカート	チャコールグレー	FREE		adult	female	
RF661431B0025007	RF661431B002	スエードナロースカート - ブラウン / FREE	"＜ストレートシルエットですっきり見える秋素材スカート＞
▼デザイン
・タイトで大人っぽいナロースカート
・秋冬を感じるスエード素材で防寒力も◎
・ウエストはゴムになっているので、伸縮性もあるゆったりした履き心地
・定番で合わせやすいデザインなので、どんなトップスとも組み合わせ可能♪
▼コーディネート
大人っぽいスタイリングにおすすめのアイテム！
大き目ニットと合わせても可愛い冬コーデに仕上ります。
▼スタイルアップポイント
骨格ストレートさん大優勝アイテム！
タイトなシルエットで下半身のボリュームを抑えてくれるデザインです、
-----------------------------
生地感：普通
伸縮性：なし
透け感：なし
裏地：ある
------------------------------
▼ブランド紹介
RETRO GIRL (レトロガール）
～日常に、ひとさじのときめきを～
いつものスタイルに新しい気分を織り込んで、
毎日をたのしむきっかけを作るブランド。
▼SNS
新着アイテムやお得なセール情報を配信中♪
【公式 Instagram】
＠retrogirl_official
【公式 TikTok】
@retrogirl_official
#スカート #タイトスカート #ナロースカート #スエード ＃大人コーデ #骨格ストレート
▼注意事項
※撮影環境やモニター環境によって実際の商品とお色味が多少異なってみえる場合がございます。
品番：RF661431B002　/ 品名：スエードナロースカート"	in stock	999	new	3790 JPY	https://www.retro-girl.jp/item/111370.html	https://img-retro-girl.freetls.fastly.net/retrogirl/image_item/111/111370/11137003_b.jpg	RETRO GIRL		https://img-retro-girl.freetls.fastly.net/retrogirl/image_item/111/111370/11137001_b.jpg,https://img-retro-girl.freetls.fastly.net/retrogirl/image_item/111/111370/11137002_b.jpg	スカート > ロング･マキシスカート	ブラウン	FREE		adult	female	
EF634821G0020907	EF634821G002	【セットアップ対応】フェイクファーレザージャケット - ブラック / FREE	"〈秋に嬉しいフェイクレザーの中間アウター♪〉
▼デザイン
・フェイクレザーのブルゾンは毎年年も大人気のアウター。
・首元のフェイクファーがemsらしいワンポイント！
・腕部分にスリットが入っていて、おしゃれなアクセントに。
・カラーによってボタンの色が違うのも、こだわりのポイント！
▼コーディネート
コーデを選ばず羽織れるので秋の気温に重宝しそう！
チャーム付きFレザースカートと合わせれば、セットアップコーデに！
------------------------------
生地感：普通
伸縮性：なし
透け感：なし
裏地：なし
------------------------------
▼ブランド紹介
ems excite (エムズエキサイト）
“more fun more cute”
今をもっと楽しく
もっと可愛くいたい女の子に向けた
girly cuteなブランド
#レザー #フェイクレザー #韓国コーデ #セットアップ #ファーデザイン #レザージャケット
▼注意事項
※撮影環境やモニター環境によって実際の商品とお色味が
多少異なってみえる場合がございます。
品番：EF634821G002　/ 品名：Fファーレザージャケット"	in stock	999	new	7290 JPY	https://www.retro-girl.jp/item/111387.html	https://img-retro-girl.freetls.fastly.net/retrogirl/image_item/111/111387/11138701_b.jpg	ems excite		https://img-retro-girl.freetls.fastly.net/retrogirl/image_item/111/111387/11138702_b.jpg	ジャケット/アウター > その他アウター	ブラック	FREE	本体　合成皮革　ファー　ポリエステル:100％	adult	female	
EF634821G0025007	EF634821G002	【セットアップ対応】フェイクファーレザージャケット - ブラウン / FREE	"〈秋に嬉しいフェイクレザーの中間アウター♪〉
▼デザイン
・フェイクレザーのブルゾンは毎年年も大人気のアウター。
・首元のフェイクファーがemsらしいワンポイント！
・腕部分にスリットが入っていて、おしゃれなアクセントに。
・カラーによってボタンの色が違うのも、こだわりのポイント！
▼コーディネート
コーデを選ばず羽織れるので秋の気温に重宝しそう！
チャーム付きFレザースカートと合わせれば、セットアップコーデに！
------------------------------
生地感：普通
伸縮性：なし
透け感：なし
裏地：なし
------------------------------
▼ブランド紹介
ems excite (エムズエキサイト）
“more fun more cute”
今をもっと楽しく
もっと可愛くいたい女の子に向けた
girly cuteなブランド
#レザー #フェイクレザー #韓国コーデ #セットアップ #ファーデザイン #レザージャケット
▼注意事項
※撮影環境やモニター環境によって実際の商品とお色味が
多少異なってみえる場合がございます。
品番：EF634821G002　/ 品名：Fファーレザージャケット"	in stock	999	new	7290 JPY	https://www.retro-girl.jp/item/111387.html	https://img-retro-girl.freetls.fastly.net/retrogirl/image_item/111/111387/11138702_b.jpg	ems excite		https://img-retro-girl.freetls.fastly.net/retrogirl/image_item/111/111387/11138701_b.jpg	ジャケット/アウター > その他アウター	ブラウン	FREE	本体　合成皮革　ファー　ポリエステル:100％	adult	female	
EF657111G0042007	EF657111G004	ラメBIGパーカー - ピンク / FREE	"〈ファー使いが可愛い主役級ジップパーカー〉
▼アイテム
・ふわふわとしたファーをフードにあしらった、存在感のあるジップパーカー。
・ボリュームのあるファーが顔まわりを華やかに見せ、コーデのポイントに♪
・左胸にはブランドロゴを施し、シンプルすぎないデザインに。
・ファーはボタンで取り外せるため、お手入れしやすい仕様になっています◎
▼コーディネート
レースやフリルのミニスカートを合わせて甘めにまとめるのがおすすめ！
ジップを開けてインナーを見せたレイヤードスタイルもおすすめです♪
------------------------------
生地感：普通
伸縮性：あり
透け感：なし
裏地：なし
------------------------------
▼ブランド紹介
ems excite (エムズエキサイト）
“more fun more cute”
今をもっと楽しく
もっと可愛くいたい女の子に向けた
girly cuteなブランド
#フーディー #パーカー #ガーリーコーデ #秋コーデ #オーバーサイズ
▼注意事項
※撮影環境やモニター環境によって実際の商品とお色味が
多少異なってみえる場合がございます。
品番：EF657111G004　/ 品名：ラメBIGパーカー"	in stock	999	new	6490 JPY	https://www.retro-girl.jp/item/111422.html	https://img-retro-girl.freetls.fastly.net/retrogirl/image_item/111/111422/11142202_b.jpg	ems excite		https://img-retro-girl.freetls.fastly.net/retrogirl/image_item/111/111422/11142201_b.jpg	トップス > パーカー	ピンク	FREE	本体：ポリエステル81％ レーヨン13％ ポリウレタン6％リブ部分：ポリエステル65％ レーヨン30％ ポリウレタン5％ファー部分：ポリエステル100％	adult	female	['new']
EF657111G0041107	EF657111G004	ラメBIGパーカー - ダークグレー / FREE	"〈ファー使いが可愛い主役級ジップパーカー〉
▼アイテム
・ふわふわとしたファーをフードにあしらった、存在感のあるジップパーカー。
・ボリュームのあるファーが顔まわりを華やかに見せ、コーデのポイントに♪
・左胸にはブランドロゴを施し、シンプルすぎないデザインに。
・ファーはボタンで取り外せるため、お手入れしやすい仕様になっています◎
▼コーディネート
レースやフリルのミニスカートを合わせて甘めにまとめるのがおすすめ！
ジップを開けてインナーを見せたレイヤードスタイルもおすすめです♪
------------------------------
生地感：普通
伸縮性：あり
透け感：なし
裏地：なし
------------------------------
▼ブランド紹介
ems excite (エムズエキサイト）
“more fun more cute”
今をもっと楽しく
もっと可愛くいたい女の子に向けた
girly cuteなブランド
#フーディー #パーカー #ガーリーコーデ #秋コーデ #オーバーサイズ
▼注意事項
※撮影環境やモニター環境によって実際の商品とお色味が
多少異なってみえる場合がございます。
品番：EF657111G004　/ 品名：ラメBIGパーカー"	in stock	999	new	6490 JPY	https://www.retro-girl.jp/item/111422.html	https://img-retro-girl.freetls.fastly.net/retrogirl/image_item/111/111422/11142201_b.jpg	ems excite		https://img-retro-girl.freetls.fastly.net/retrogirl/image_item/111/111422/11142202_b.jpg	トップス > パーカー	ダークグレー	FREE	本体：ポリエステル81％ レーヨン13％ ポリウレタン6％リブ部分：ポリエステル65％ レーヨン30％ ポリウレタン5％ファー部分：ポリエステル100％	adult	female	['new']
RF656423B0010207	RF656423B001	パイピングシャツ - オフホワイト / FREE	"＜パイピングデザインがアクセントになる定番シャツ＞
▼デザイン
・秋に定番で着用したいシャツアイテム
・センターラインや袖口のパイピングがアクセントに。
・ゆったり大き目シルエットで、体型カバーにも◎
・定番で合わせやすいデザインなので、インナー使いも羽織スタイルもお任せ！
▼コーディネート
秋はキャミソールの上に羽織るスタイリングで気温調節に大活躍！
冬はビスチェやアウターのインナー使いもおすすめ！
▼スタイルアップポイント
骨格ナチュラルさんに似合いやすい大き目シルエットのアイテム！
タンクやキャミにゆるっと羽織ってみるのがおすすめ！
腰回りもカバーしてくれるので、気になりやすいウェーブさん、ストレートさんのお悩みを解決！
-----------------------------
生地感：普通
伸縮性：なし
透け感：なし（ホワイトのみ多少ある）
裏地：なし
------------------------------
▼ブランド紹介
RETRO GIRL (レトロガール）
～日常に、ひとさじのときめきを～
いつものスタイルに新しい気分を織り込んで、
毎日をたのしむきっかけを作るブランド。
▼SNS
新着アイテムやお得なセール情報を配信中♪
【公式 Instagram】
＠retrogirl_official
【公式 TikTok】
@retrogirl_official
#シャツアイテム #パイピングシャツ #ビックシルエット #ブルーシャツ ＃秋コーデ
▼注意事項
※撮影環境やモニター環境によって実際の商品とお色味が多少異なってみえる場合がございます。
品番：RF656423B001　/ 品名：パイピングシャツ"	in stock	999	new	3990 JPY	https://www.retro-girl.jp/item/111371.html	https://img-retro-girl.freetls.fastly.net/retrogirl/image_item/111/111371/11137101_b.jpg	RETRO GIRL		https://img-retro-girl.freetls.fastly.net/retrogirl/image_item/111/111371/11137102_b.jpg	トップス > シャツ/ブラウス	オフホワイト	FREE	ポリエステル80％、綿20％	adult	female	
RF656423B0018007	RF656423B001	パイピングシャツ - ブルー / FREE	"＜パイピングデザインがアクセントになる定番シャツ＞
▼デザイン
・秋に定番で着用したいシャツアイテム
・センターラインや袖口のパイピングがアクセントに。
・ゆったり大き目シルエットで、体型カバーにも◎
・定番で合わせやすいデザインなので、インナー使いも羽織スタイルもお任せ！
▼コーディネート
秋はキャミソールの上に羽織るスタイリングで気温調節に大活躍！
冬はビスチェやアウターのインナー使いもおすすめ！
▼スタイルアップポイント
骨格ナチュラルさんに似合いやすい大き目シルエットのアイテム！
タンクやキャミにゆるっと羽織ってみるのがおすすめ！
腰回りもカバーしてくれるので、気になりやすいウェーブさん、ストレートさんのお悩みを解決！
-----------------------------
生地感：普通
伸縮性：なし
透け感：なし（ホワイトのみ多少ある）
裏地：なし
------------------------------
▼ブランド紹介
RETRO GIRL (レトロガール）
～日常に、ひとさじのときめきを～
いつものスタイルに新しい気分を織り込んで、
毎日をたのしむきっかけを作るブランド。
▼SNS
新着アイテムやお得なセール情報を配信中♪
【公式 Instagram】
＠retrogirl_official
【公式 TikTok】
@retrogirl_official
#シャツアイテム #パイピングシャツ #ビックシルエット #ブルーシャツ ＃秋コーデ
▼注意事項
※撮影環境やモニター環境によって実際の商品とお色味が多少異なってみえる場合がございます。
品番：RF656423B001　/ 品名：パイピングシャツ"	in stock	999	new	3990 JPY	https://www.retro-girl.jp/item/111371.html	https://img-retro-girl.freetls.fastly.net/retrogirl/image_item/111/111371/11137102_b.jpg	RETRO GIRL		https://img-retro-girl.freetls.fastly.net/retrogirl/image_item/111/111371/11137101_b.jpg	トップス > シャツ/ブラウス	ブルー	FREE	ポリエステル80％、綿20％	adult	female	
RW634832T0015007	RW634832T001	コーデュロイパンツ - ブラウン / FREE	"＜秋のカジュアルコーデに取り入れたい、美シルエットなコーデュロイパンツ＞
▼デザイン
・秋冬を感じるコーデュロイ素材のパンツ
・ストレートで脚が綺麗に見えるシルエットで、スタイルアップ間違いなし！
・定番で合わせやすいデザインなので、どんなトップスとも組み合わせ可能♪
▼コーディネート
カジュアルなコーデにおすすめのアイテム！
ニットやカーディガンと合わせて、冬らしいスタイリングを楽しんでください。
▼スタイルアップポイント
ストレートなシルエットとコーデュロイ素材は、骨格ストレートさんの得意分野！
ゆるっとカジュアルに着こなせば、ナチュラルさんの得意なテイストに！
-----------------------------
生地感：普通
伸縮性：なし
透け感：なし
裏地：なし
------------------------------
▼ブランド紹介
RETRO GIRL (レトロガール）
～日常に、ひとさじのときめきを～
いつものスタイルに新しい気分を織り込んで、
毎日をたのしむきっかけを作るブランド。
▼SNS
新着アイテムやお得なセール情報を配信中♪
【公式 Instagram】
＠retrogirl_official
【公式 TikTok】
@retrogirl_official
#コーデュロイ #コーデュロイパンツ #ストレートシルエット #カジュアルコーデ ＃骨格ストレート
▼注意事項
※撮影環境やモニター環境によって実際の商品とお色味が多少異なってみえる場合がございます。
品番：RW634832T001　/ 品名：コーデュロイパンツ"	in stock	999	new	4990 JPY	https://www.retro-girl.jp/item/111415.html	https://img-retro-girl.freetls.fastly.net/retrogirl/image_item/111/111415/11141503_b.jpg	RETRO GIRL		https://img-retro-girl.freetls.fastly.net/retrogirl/image_item/111/111415/11141501_b.jpg,https://img-retro-girl.freetls.fastly.net/retrogirl/image_item/111/111415/11141502_b.jpg	パンツ > その他パンツ	ブラウン	FREE	綿100％	adult	female	['new']
RW634832T0010407	RW634832T001	コーデュロイパンツ - エクリュ / FREE	"＜秋のカジュアルコーデに取り入れたい、美シルエットなコーデュロイパンツ＞
▼デザイン
・秋冬を感じるコーデュロイ素材のパンツ
・ストレートで脚が綺麗に見えるシルエットで、スタイルアップ間違いなし！
・定番で合わせやすいデザインなので、どんなトップスとも組み合わせ可能♪
▼コーディネート
カジュアルなコーデにおすすめのアイテム！
ニットやカーディガンと合わせて、冬らしいスタイリングを楽しんでください。
▼スタイルアップポイント
ストレートなシルエットとコーデュロイ素材は、骨格ストレートさんの得意分野！
ゆるっとカジュアルに着こなせば、ナチュラルさんの得意なテイストに！
-----------------------------
生地感：普通
伸縮性：なし
透け感：なし
裏地：なし
------------------------------
▼ブランド紹介
RETRO GIRL (レトロガール）
～日常に、ひとさじのときめきを～
いつものスタイルに新しい気分を織り込んで、
毎日をたのしむきっかけを作るブランド。
▼SNS
新着アイテムやお得なセール情報を配信中♪
【公式 Instagram】
＠retrogirl_official
【公式 TikTok】
@retrogirl_official
#コーデュロイ #コーデュロイパンツ #ストレートシルエット #カジュアルコーデ ＃骨格ストレート
▼注意事項
※撮影環境やモニター環境によって実際の商品とお色味が多少異なってみえる場合がございます。
品番：RW634832T001　/ 品名：コーデュロイパンツ"	in stock	999	new	4990 JPY	https://www.retro-girl.jp/item/111415.html	https://img-retro-girl.freetls.fastly.net/retrogirl/image_item/111/111415/11141501_b.jpg	RETRO GIRL		https://img-retro-girl.freetls.fastly.net/retrogirl/image_item/111/111415/11141503_b.jpg,https://img-retro-girl.freetls.fastly.net/retrogirl/image_item/111/111415/11141502_b.jpg	パンツ > その他パンツ	エクリュ	FREE	綿100％	adult	female	['new']
RW634832T0010907	RW634832T001	コーデュロイパンツ - ブラック / FREE	"＜秋のカジュアルコーデに取り入れたい、美シルエットなコーデュロイパンツ＞
▼デザイン
・秋冬を感じるコーデュロイ素材のパンツ
・ストレートで脚が綺麗に見えるシルエットで、スタイルアップ間違いなし！
・定番で合わせやすいデザインなので、どんなトップスとも組み合わせ可能♪
▼コーディネート
カジュアルなコーデにおすすめのアイテム！
ニットやカーディガンと合わせて、冬らしいスタイリングを楽しんでください。
▼スタイルアップポイント
ストレートなシルエットとコーデュロイ素材は、骨格ストレートさんの得意分野！
ゆるっとカジュアルに着こなせば、ナチュラルさんの得意なテイストに！
-----------------------------
生地感：普通
伸縮性：なし
透け感：なし
裏地：なし
------------------------------
▼ブランド紹介
RETRO GIRL (レトロガール）
～日常に、ひとさじのときめきを～
いつものスタイルに新しい気分を織り込んで、
毎日をたのしむきっかけを作るブランド。
▼SNS
新着アイテムやお得なセール情報を配信中♪
【公式 Instagram】
＠retrogirl_official
【公式 TikTok】
@retrogirl_official
#コーデュロイ #コーデュロイパンツ #ストレートシルエット #カジュアルコーデ ＃骨格ストレート
▼注意事項
※撮影環境やモニター環境によって実際の商品とお色味が多少異なってみえる場合がございます。
品番：RW634832T001　/ 品名：コーデュロイパンツ"	in stock	999	new	4990 JPY	https://www.retro-girl.jp/item/111415.html	https://img-retro-girl.freetls.fastly.net/retrogirl/image_item/111/111415/11141502_b.jpg	RETRO GIRL		https://img-retro-girl.freetls.fastly.net/retrogirl/image_item/111/111415/11141503_b.jpg,https://img-retro-girl.freetls.fastly.net/retrogirl/image_item/111/111415/11141501_b.jpg	パンツ > その他パンツ	ブラック	FREE	綿100％	adult	female	['new']
EF634831G0020902	EF634831G002	チャーム付きフェイクレザースカート - ブラック / S	"〈今年らしいチャームが魅力のフェイクレザースカート〉
▼デザイン
・ems exciteで毎年大人気のレザーセットアップ！
・秋冬に嬉しい素材でコーデに取り入れやすいデザイン。
・チャームはフックで取外し可能！
・しっかりインナーがパンツスタイルになっているので、安心◎
▼コーディネート
フェイクレザー素材で、どんなコーデにも取り入れやすいアイテム。
Fファーレザージャケットと合わせればセットアップコーデが完成！
------------------------------
生地感：普通
伸縮性：なし
透け感：なし
インパン：あり
------------------------------
▼ブランド紹介
ems excite (エムズエキサイト）
“more fun more cute”
今をもっと楽しく
もっと可愛くいたい女の子に向けた
girly cuteなブランド
#プリーツスカート #スカート #ミニスカート #フェイクレザー #冬コーデ #秋コーデ
▼注意事項
※撮影環境やモニター環境によって実際の商品とお色味が
多少異なってみえる場合がございます。
品番：EF634831G002　/ 品名：チャーム付きFレザースカート"	in stock	999	new	4290 JPY	https://www.retro-girl.jp/item/111386.html	https://img-retro-girl.freetls.fastly.net/retrogirl/image_item/111/111386/11138601_b.jpg	ems excite		https://img-retro-girl.freetls.fastly.net/retrogirl/image_item/111/111386/11138602_b.jpg	スカート > ミニスカート	ブラック	S	本体　合成皮革　別布　ポリエステル:100％	adult	female	
EF634831G0020903	EF634831G002	チャーム付きフェイクレザースカート - ブラック / M	"〈今年らしいチャームが魅力のフェイクレザースカート〉
▼デザイン
・ems exciteで毎年大人気のレザーセットアップ！
・秋冬に嬉しい素材でコーデに取り入れやすいデザイン。
・チャームはフックで取外し可能！
・しっかりインナーがパンツスタイルになっているので、安心◎
▼コーディネート
フェイクレザー素材で、どんなコーデにも取り入れやすいアイテム。
Fファーレザージャケットと合わせればセットアップコーデが完成！
------------------------------
生地感：普通
伸縮性：なし
透け感：なし
インパン：あり
------------------------------
▼ブランド紹介
ems excite (エムズエキサイト）
“more fun more cute”
今をもっと楽しく
もっと可愛くいたい女の子に向けた
girly cuteなブランド
#プリーツスカート #スカート #ミニスカート #フェイクレザー #冬コーデ #秋コーデ
▼注意事項
※撮影環境やモニター環境によって実際の商品とお色味が
多少異なってみえる場合がございます。
品番：EF634831G002　/ 品名：チャーム付きFレザースカート"	in stock	999	new	4290 JPY	https://www.retro-girl.jp/item/111386.html	https://img-retro-girl.freetls.fastly.net/retrogirl/image_item/111/111386/11138601_b.jpg	ems excite		https://img-retro-girl.freetls.fastly.net/retrogirl/image_item/111/111386/11138602_b.jpg	スカート > ミニスカート	ブラック	M	本体　合成皮革　別布　ポリエステル:100％	adult	female	
EF634831G0025002	EF634831G002	チャーム付きフェイクレザースカート - ブラウン / S	"〈今年らしいチャームが魅力のフェイクレザースカート〉
▼デザイン
・ems exciteで毎年大人気のレザーセットアップ！
・秋冬に嬉しい素材でコーデに取り入れやすいデザイン。
・チャームはフックで取外し可能！
・しっかりインナーがパンツスタイルになっているので、安心◎
▼コーディネート
フェイクレザー素材で、どんなコーデにも取り入れやすいアイテム。
Fファーレザージャケットと合わせればセットアップコーデが完成！
------------------------------
生地感：普通
伸縮性：なし
透け感：なし
インパン：あり
------------------------------
▼ブランド紹介
ems excite (エムズエキサイト）
“more fun more cute”
今をもっと楽しく
もっと可愛くいたい女の子に向けた
girly cuteなブランド
#プリーツスカート #スカート #ミニスカート #フェイクレザー #冬コーデ #秋コーデ
▼注意事項
※撮影環境やモニター環境によって実際の商品とお色味が
多少異なってみえる場合がございます。
品番：EF634831G002　/ 品名：チャーム付きFレザースカート"	in stock	999	new	4290 JPY	https://www.retro-girl.jp/item/111386.html	https://img-retro-girl.freetls.fastly.net/retrogirl/image_item/111/111386/11138602_b.jpg	ems excite		https://img-retro-girl.freetls.fastly.net/retrogirl/image_item/111/111386/11138601_b.jpg	スカート > ミニスカート	ブラウン	S	本体　合成皮革　別布　ポリエステル:100％	adult	female	
EF634831G0025003	EF634831G002	チャーム付きフェイクレザースカート - ブラウン / M	"〈今年らしいチャームが魅力のフェイクレザースカート〉
▼デザイン
・ems exciteで毎年大人気のレザーセットアップ！
・秋冬に嬉しい素材でコーデに取り入れやすいデザイン。
・チャームはフックで取外し可能！
・しっかりインナーがパンツスタイルになっているので、安心◎
▼コーディネート
フェイクレザー素材で、どんなコーデにも取り入れやすいアイテム。
Fファーレザージャケットと合わせればセットアップコーデが完成！
------------------------------
生地感：普通
伸縮性：なし
透け感：なし
インパン：あり
------------------------------
▼ブランド紹介
ems excite (エムズエキサイト）
“more fun more cute”
今をもっと楽しく
もっと可愛くいたい女の子に向けた
girly cuteなブランド
#プリーツスカート #スカート #ミニスカート #フェイクレザー #冬コーデ #秋コーデ
▼注意事項
※撮影環境やモニター環境によって実際の商品とお色味が
多少異なってみえる場合がございます。
品番：EF634831G002　/ 品名：チャーム付きFレザースカート"	in stock	999	new	4290 JPY	https://www.retro-girl.jp/item/111386.html	https://img-retro-girl.freetls.fastly.net/retrogirl/image_item/111/111386/11138602_b.jpg	ems excite		https://img-retro-girl.freetls.fastly.net/retrogirl/image_item/111/111386/11138601_b.jpg	スカート > ミニスカート	ブラウン	M	本体　合成皮革　別布　ポリエステル:100％	adult	female	
RF661241T0010900	RF661241T001	ポーチ付きベルト - ブラック / ONE SIZE	"〈ウエストマークに取り入れたいトレンドベルト〉
▼デザイン
・コンパクトなポーチ付きで実用的なベルト
・コーデにメリハリを付けたい時のアクセントにぴったり！
・ポーチはボタンで開け閉めできるので、イヤホンや鍵を入れるのにぴったり！
▼コーディネート
ワンピースや着丈の長いトップスを着用する際の着膨れ対策に大活躍！
もちろん、ベルトとしてもサイズが大きめのボトムのサイズ調節にも使用できます
▼ブランド紹介
RETRO GIRL (レトロガール）
自分らしい“ベーシックアイテム”と
新しい自分の”トレンドアイテム”が
見つかる場所
今らしいファッションを楽しむ
女性のためのブランド
#バッグ #ウエストポーチ #トレンドアイテム #韓国 #ベルト #ウエストマーク
▼注意事項
※撮影環境やモニター環境によって実際の商品とお色味が
多少異なってみえる場合がございます。
品番：RF661241T001　/ 品名：ポーチ付きベルト"	in stock	999	new	3190 JPY	https://www.retro-girl.jp/item/111343.html	https://img-retro-girl.freetls.fastly.net/retrogirl/image_item/111/111343/11134301_b.jpg	RETRO GIRL		https://img-retro-girl.freetls.fastly.net/retrogirl/image_item/111/111343/11134302_b.jpg	ファッション雑貨 > ベルト	ブラック	ONE SIZE		adult	female	
RF661241T0015400	RF661241T001	ポーチ付きベルト - ベージュ / ONE SIZE	"〈ウエストマークに取り入れたいトレンドベルト〉
▼デザイン
・コンパクトなポーチ付きで実用的なベルト
・コーデにメリハリを付けたい時のアクセントにぴったり！
・ポーチはボタンで開け閉めできるので、イヤホンや鍵を入れるのにぴったり！
▼コーディネート
ワンピースや着丈の長いトップスを着用する際の着膨れ対策に大活躍！
もちろん、ベルトとしてもサイズが大きめのボトムのサイズ調節にも使用できます
▼ブランド紹介
RETRO GIRL (レトロガール）
自分らしい“ベーシックアイテム”と
新しい自分の”トレンドアイテム”が
見つかる場所
今らしいファッションを楽しむ
女性のためのブランド
#バッグ #ウエストポーチ #トレンドアイテム #韓国 #ベルト #ウエストマーク
▼注意事項
※撮影環境やモニター環境によって実際の商品とお色味が
多少異なってみえる場合がございます。
品番：RF661241T001　/ 品名：ポーチ付きベルト"	in stock	999	new	3190 JPY	https://www.retro-girl.jp/item/111343.html	https://img-retro-girl.freetls.fastly.net/retrogirl/image_item/111/111343/11134302_b.jpg	RETRO GIRL		https://img-retro-girl.freetls.fastly.net/retrogirl/image_item/111/111343/11134301_b.jpg	ファッション雑貨 > ベルト	ベージュ	ONE SIZE		adult	female	
RL647711N0011007	RL647711N001	チュールドッキングカットソー - ライトグレー / FREE	"＜華やかに、心地よく”が実現するチュールドッキングカットソー＞
▼デザイン
・毎回人気のチュールドッキングアイテム
・薄手のチュールで女性らしさをプラスしてくれる１枚
・定番デザインで、ボトムを選ばず合わせられるのも魅力
・柔らかく透け感のあるチュール素材で女性らしい印象に。
▼コーディネート
チュールのフリルを活かした女性らしいコーデがおすすめ！
ロングスカートやデニムスカートと合わせて秋のフェミニンコーデを楽しんでください♪
▼スタイルアップポイント
骨格ウェーブさんにおすすめしたいアイテム！
チュール素材が得意なウェーブさん、顔タイプキュートさんやフェミニンさんも似合いやすいです。
-----------------------------
生地感：普通
伸縮性：なし
透け感：なし
裏地：なし
------------------------------
▼ブランド紹介
RETRO GIRL (レトロガール）
～日常に、ひとさじのときめきを～
いつものスタイルに新しい気分を織り込んで、
毎日をたのしむきっかけを作るブランド。
▼SNS
新着アイテムやお得なセール情報を配信中♪
【公式 Instagram】
＠retrogirl_official
【公式 TikTok】
@retrogirl_official
#フリル #チュール #ガーリーコーデ ＃チュールアイテム #Tシャツ #チュールコーデ #秋アイテム
▼注意事項
※撮影環境やモニター環境によって実際の商品とお色味が多少異なってみえる場合がございます。
品番：RL647711N001　/ 品名：チュールドッキングカットソー"	in stock	999	new	3290 JPY	https://www.retro-girl.jp/item/111367.html	https://img-retro-girl.freetls.fastly.net/retrogirl/image_item/111/111367/11136701_b.jpg	RETRO GIRL		https://img-retro-girl.freetls.fastly.net/retrogirl/image_item/111/111367/11136702_b.jpg,https://img-retro-girl.freetls.fastly.net/retrogirl/image_item/111/111367/11136703_b.jpg	トップス > Tシャツ/カットソー	ライトグレー	FREE		adult	female	
RL647711N0011207	RL647711N001	チュールドッキングカットソー - チャコールグレー / FREE	"＜華やかに、心地よく”が実現するチュールドッキングカットソー＞
▼デザイン
・毎回人気のチュールドッキングアイテム
・薄手のチュールで女性らしさをプラスしてくれる１枚
・定番デザインで、ボトムを選ばず合わせられるのも魅力
・柔らかく透け感のあるチュール素材で女性らしい印象に。
▼コーディネート
チュールのフリルを活かした女性らしいコーデがおすすめ！
ロングスカートやデニムスカートと合わせて秋のフェミニンコーデを楽しんでください♪
▼スタイルアップポイント
骨格ウェーブさんにおすすめしたいアイテム！
チュール素材が得意なウェーブさん、顔タイプキュートさんやフェミニンさんも似合いやすいです。
-----------------------------
生地感：普通
伸縮性：なし
透け感：なし
裏地：なし
------------------------------
▼ブランド紹介
RETRO GIRL (レトロガール）
～日常に、ひとさじのときめきを～
いつものスタイルに新しい気分を織り込んで、
毎日をたのしむきっかけを作るブランド。
▼SNS
新着アイテムやお得なセール情報を配信中♪
【公式 Instagram】
＠retrogirl_official
【公式 TikTok】
@retrogirl_official
#フリル #チュール #ガーリーコーデ ＃チュールアイテム #Tシャツ #チュールコーデ #秋アイテム
▼注意事項
※撮影環境やモニター環境によって実際の商品とお色味が多少異なってみえる場合がございます。
品番：RL647711N001　/ 品名：チュールドッキングカットソー"	in stock	999	new	3290 JPY	https://www.retro-girl.jp/item/111367.html	https://img-retro-girl.freetls.fastly.net/retrogirl/image_item/111/111367/11136702_b.jpg	RETRO GIRL		https://img-retro-girl.freetls.fastly.net/retrogirl/image_item/111/111367/11136701_b.jpg,https://img-retro-girl.freetls.fastly.net/retrogirl/image_item/111/111367/11136703_b.jpg	トップス > Tシャツ/カットソー	チャコールグレー	FREE		adult	female	
RL647711N0018007	RL647711N001	チュールドッキングカットソー - ブルー / FREE	"＜華やかに、心地よく”が実現するチュールドッキングカットソー＞
▼デザイン
・毎回人気のチュールドッキングアイテム
・薄手のチュールで女性らしさをプラスしてくれる１枚
・定番デザインで、ボトムを選ばず合わせられるのも魅力
・柔らかく透け感のあるチュール素材で女性らしい印象に。
▼コーディネート
チュールのフリルを活かした女性らしいコーデがおすすめ！
ロングスカートやデニムスカートと合わせて秋のフェミニンコーデを楽しんでください♪
▼スタイルアップポイント
骨格ウェーブさんにおすすめしたいアイテム！
チュール素材が得意なウェーブさん、顔タイプキュートさんやフェミニンさんも似合いやすいです。
-----------------------------
生地感：普通
伸縮性：なし
透け感：なし
裏地：なし
------------------------------
▼ブランド紹介
RETRO GIRL (レトロガール）
～日常に、ひとさじのときめきを～
いつものスタイルに新しい気分を織り込んで、
毎日をたのしむきっかけを作るブランド。
▼SNS
新着アイテムやお得なセール情報を配信中♪
【公式 Instagram】
＠retrogirl_official
【公式 TikTok】
@retrogirl_official
#フリル #チュール #ガーリーコーデ ＃チュールアイテム #Tシャツ #チュールコーデ #秋アイテム
▼注意事項
※撮影環境やモニター環境によって実際の商品とお色味が多少異なってみえる場合がございます。
品番：RL647711N001　/ 品名：チュールドッキングカットソー"	in stock	999	new	3290 JPY	https://www.retro-girl.jp/item/111367.html	https://img-retro-girl.freetls.fastly.net/retrogirl/image_item/111/111367/11136703_b.jpg	RETRO GIRL		https://img-retro-girl.freetls.fastly.net/retrogirl/image_item/111/111367/11136701_b.jpg,https://img-retro-girl.freetls.fastly.net/retrogirl/image_item/111/111367/11136702_b.jpg	トップス > Tシャツ/カットソー	ブルー	FREE		adult	female	
RW656412B0015407	RW656412B001	バイカラーニットカーディガン - ベージュ / FREE	"＜存在感のある配色襟で、冬コーデのアップデート＞
▼デザイン
・襟部分のバイカラーが可愛いニットカーディガン
・冬を感じるシャギー素材で触り心地抜群！
・羽織りスタイルでも存在感溢れる１枚。
・ジャストな着丈で、着る人を選ばないデザインです。
▼コーディネート
女性らしいフェミニンスタイリングから
カジュアルなスタイリングにも合わせて頂けます。
▼スタイルアップポイント
骨格問わず着用できるデザイン。
ストレートさんは、第一ボタンを空けたスタイリングor羽織りスタイリングがおすすめ！
-----------------------------
生地感：普通
伸縮性：ある
透け感：なし
裏地：なし
------------------------------
▼ブランド紹介
RETRO GIRL (レトロガール）
～日常に、ひとさじのときめきを～
いつものスタイルに新しい気分を織り込んで、
毎日をたのしむきっかけを作るブランド。
▼SNS
新着アイテムやお得なセール情報を配信中♪
【公式 Instagram】
＠retrogirl_official
【公式 TikTok】
@retrogirl_official
#バイカラー #カーディガン #襟ニット #シャギーニット ＃ニットカーディガン #バイカラーデザイン
▼注意事項
※撮影環境やモニター環境によって実際の商品とお色味が多少異なってみえる場合がございます。
品番：RW656412B001　/ 品名：バイカラーニットカーディガン"	in stock	999	new	4490 JPY	https://www.retro-girl.jp/item/111426.html	https://img-retro-girl.freetls.fastly.net/retrogirl/image_item/111/111426/11142602_b.jpg	RETRO GIRL		https://img-retro-girl.freetls.fastly.net/retrogirl/image_item/111/111426/11142601_b.jpg,https://img-retro-girl.freetls.fastly.net/retrogirl/image_item/111/111426/11142603_b.jpg	トップス > カーディガン/ボレロ	ベージュ	FREE	ポリエステル100％	adult	female	
RW656412B0012007	RW656412B001	バイカラーニットカーディガン - ピンク / FREE	"＜存在感のある配色襟で、冬コーデのアップデート＞
▼デザイン
・襟部分のバイカラーが可愛いニットカーディガン
・冬を感じるシャギー素材で触り心地抜群！
・羽織りスタイルでも存在感溢れる１枚。
・ジャストな着丈で、着る人を選ばないデザインです。
▼コーディネート
女性らしいフェミニンスタイリングから
カジュアルなスタイリングにも合わせて頂けます。
▼スタイルアップポイント
骨格問わず着用できるデザイン。
ストレートさんは、第一ボタンを空けたスタイリングor羽織りスタイリングがおすすめ！
-----------------------------
生地感：普通
伸縮性：ある
透け感：なし
裏地：なし
------------------------------
▼ブランド紹介
RETRO GIRL (レトロガール）
～日常に、ひとさじのときめきを～
いつものスタイルに新しい気分を織り込んで、
毎日をたのしむきっかけを作るブランド。
▼SNS
新着アイテムやお得なセール情報を配信中♪
【公式 Instagram】
＠retrogirl_official
【公式 TikTok】
@retrogirl_official
#バイカラー #カーディガン #襟ニット #シャギーニット ＃ニットカーディガン #バイカラーデザイン
▼注意事項
※撮影環境やモニター環境によって実際の商品とお色味が多少異なってみえる場合がございます。
品番：RW656412B001　/ 品名：バイカラーニットカーディガン"	in stock	999	new	4490 JPY	https://www.retro-girl.jp/item/111426.html	https://img-retro-girl.freetls.fastly.net/retrogirl/image_item/111/111426/11142601_b.jpg	RETRO GIRL		https://img-retro-girl.freetls.fastly.net/retrogirl/image_item/111/111426/11142602_b.jpg,https://img-retro-girl.freetls.fastly.net/retrogirl/image_item/111/111426/11142603_b.jpg	トップス > カーディガン/ボレロ	ピンク	FREE	ポリエステル100％	adult	female	
RW656412B0018007	RW656412B001	バイカラーニットカーディガン - ブルー / FREE	"＜存在感のある配色襟で、冬コーデのアップデート＞
▼デザイン
・襟部分のバイカラーが可愛いニットカーディガン
・冬を感じるシャギー素材で触り心地抜群！
・羽織りスタイルでも存在感溢れる１枚。
・ジャストな着丈で、着る人を選ばないデザインです。
▼コーディネート
女性らしいフェミニンスタイリングから
カジュアルなスタイリングにも合わせて頂けます。
▼スタイルアップポイント
骨格問わず着用できるデザイン。
ストレートさんは、第一ボタンを空けたスタイリングor羽織りスタイリングがおすすめ！
-----------------------------
生地感：普通
伸縮性：ある
透け感：なし
裏地：なし
------------------------------
▼ブランド紹介
RETRO GIRL (レトロガール）
～日常に、ひとさじのときめきを～
いつものスタイルに新しい気分を織り込んで、
毎日をたのしむきっかけを作るブランド。
▼SNS
新着アイテムやお得なセール情報を配信中♪
【公式 Instagram】
＠retrogirl_official
【公式 TikTok】
@retrogirl_official
#バイカラー #カーディガン #襟ニット #シャギーニット ＃ニットカーディガン #バイカラーデザイン
▼注意事項
※撮影環境やモニター環境によって実際の商品とお色味が多少異なってみえる場合がございます。
品番：RW656412B001　/ 品名：バイカラーニットカーディガン"	in stock	999	new	4490 JPY	https://www.retro-girl.jp/item/111426.html	https://img-retro-girl.freetls.fastly.net/retrogirl/image_item/111/111426/11142603_b.jpg	RETRO GIRL		https://img-retro-girl.freetls.fastly.net/retrogirl/image_item/111/111426/11142602_b.jpg,https://img-retro-girl.freetls.fastly.net/retrogirl/image_item/111/111426/11142601_b.jpg	トップス > カーディガン/ボレロ	ブルー	FREE	ポリエステル100％	adult	female	
RF661731T0010407	RF661731T001	タックミディスカート - エクリュ / FREE	"＜今年トレンドのミディ丈スカート＞
▼デザイン
・腰回りにタックが入ったミディスカート
・今年トレンドのミディスカートはマストバイアイテム！
・シンプルなデザインでミディスカート初心者さんにもチャレンジしやすい。
・ウエストはゴムになっているので、伸縮性もあるゆったりした履き心地
▼コーディネート
シューズはハーフカットなブーツで合わせるのがおすすめ！
トップスを選ばないアイテムなので、トレーナーやニットなどお好みでセレクト♪
▼スタイルアップポイント
骨格問わず着用できるデザイン。
腰回りもカバーしてくれるので、気になりやすいウェーブさん、ストレートさんのお悩みを解決！
-----------------------------
生地感：普通
伸縮性：なし
透け感：なし
裏地：ある
------------------------------
▼ブランド紹介
RETRO GIRL (レトロガール）
～日常に、ひとさじのときめきを～
いつものスタイルに新しい気分を織り込んで、
毎日をたのしむきっかけを作るブランド。
▼SNS
新着アイテムやお得なセール情報を配信中♪
【公式 Instagram】
＠retrogirl_official
【公式 TikTok】
@retrogirl_official
#スカート #ミディスカート #トレンドコーデ #定番コーデ ＃大人コーデ #ミディアイテム
▼注意事項
※撮影環境やモニター環境によって実際の商品とお色味が多少異なってみえる場合がございます。
品番：RF661731T001　/ 品名：タックミディスカート"	in stock	999	new	3790 JPY	https://www.retro-girl.jp/item/111368.html	https://img-retro-girl.freetls.fastly.net/retrogirl/image_item/111/111368/11136801_b.jpg	RETRO GIRL		https://img-retro-girl.freetls.fastly.net/retrogirl/image_item/111/111368/11136802_b.jpg	スカート > ミディスカート	エクリュ	FREE		adult	female	['new']
RF661731T0015407	RF661731T001	タックミディスカート - ベージュ / FREE	"＜今年トレンドのミディ丈スカート＞
▼デザイン
・腰回りにタックが入ったミディスカート
・今年トレンドのミディスカートはマストバイアイテム！
・シンプルなデザインでミディスカート初心者さんにもチャレンジしやすい。
・ウエストはゴムになっているので、伸縮性もあるゆったりした履き心地
▼コーディネート
シューズはハーフカットなブーツで合わせるのがおすすめ！
トップスを選ばないアイテムなので、トレーナーやニットなどお好みでセレクト♪
▼スタイルアップポイント
骨格問わず着用できるデザイン。
腰回りもカバーしてくれるので、気になりやすいウェーブさん、ストレートさんのお悩みを解決！
-----------------------------
生地感：普通
伸縮性：なし
透け感：なし
裏地：ある
------------------------------
▼ブランド紹介
RETRO GIRL (レトロガール）
～日常に、ひとさじのときめきを～
いつものスタイルに新しい気分を織り込んで、
毎日をたのしむきっかけを作るブランド。
▼SNS
新着アイテムやお得なセール情報を配信中♪
【公式 Instagram】
＠retrogirl_official
【公式 TikTok】
@retrogirl_official
#スカート #ミディスカート #トレンドコーデ #定番コーデ ＃大人コーデ #ミディアイテム
▼注意事項
※撮影環境やモニター環境によって実際の商品とお色味が多少異なってみえる場合がございます。
品番：RF661731T001　/ 品名：タックミディスカート"	in stock	999	new	3790 JPY	https://www.retro-girl.jp/item/111368.html	https://img-retro-girl.freetls.fastly.net/retrogirl/image_item/111/111368/11136802_b.jpg	RETRO GIRL		https://img-retro-girl.freetls.fastly.net/retrogirl/image_item/111/111368/11136801_b.jpg	スカート > ミディスカート	ベージュ	FREE		adult	female	['new']
EF657112G0100907	EF657112G010	ビジュー付リボンタイニット - ブラック / FREE	"〈女の子が好きなキラキラとリボンが詰まったニット〉
▼デザイン
・キラキラビジューが目を惹くニット
・肩に入ったスリットで女性らしい雰囲気に
・顔周りのリボンもemsらしいワンポイントに。
・柔らかい素材で着心地抜群！
▼コーディネート
定番のフリルスカート合わせやガーリーなコーデに♪
冬のデートコーデにおすすめの１枚です。
------------------------------
生地感：普通
伸縮性：ある
透け感：なし
裏地：なし
------------------------------
▼ブランド紹介
ems excite (エムズエキサイト）
“more fun more cute”
今をもっと楽しく
もっと可愛くいたい女の子に向けた
girly cuteなブランド
#ニット #ニットアイテム #ビジュー #キラキラ #リボン #オフショルダー #デートコーデ
▼注意事項
※撮影環境やモニター環境によって実際の商品とお色味が
多少異なってみえる場合がございます。
※サイズはサンプル品を基に採寸しております。
実際の商品とは若干の誤差が生じる場合がございますので、あらかじめご了承ください。
品番：EF657112G010　/ 品名：ビジュー付リボンタイニット"	in stock	999	new	4690 JPY	https://www.retro-girl.jp/item/111423.html	https://img-retro-girl.freetls.fastly.net/retrogirl/image_item/111/111423/11142302_b.jpg	ems excite		https://img-retro-girl.freetls.fastly.net/retrogirl/image_item/111/111423/11142301_b.jpg,https://img-retro-girl.freetls.fastly.net/retrogirl/image_item/111/111423/11142303_b.jpg	トップス > ニット/セーター	ブラック	FREE	ポリエステル：52％レーヨン：34％ナイロン：14％	adult	female	['new']
EF657112G0100407	EF657112G010	ビジュー付リボンタイニット - エクリュ / FREE	"〈女の子が好きなキラキラとリボンが詰まったニット〉
▼デザイン
・キラキラビジューが目を惹くニット
・肩に入ったスリットで女性らしい雰囲気に
・顔周りのリボンもemsらしいワンポイントに。
・柔らかい素材で着心地抜群！
▼コーディネート
定番のフリルスカート合わせやガーリーなコーデに♪
冬のデートコーデにおすすめの１枚です。
------------------------------
生地感：普通
伸縮性：ある
透け感：なし
裏地：なし
------------------------------
▼ブランド紹介
ems excite (エムズエキサイト）
“more fun more cute”
今をもっと楽しく
もっと可愛くいたい女の子に向けた
girly cuteなブランド
#ニット #ニットアイテム #ビジュー #キラキラ #リボン #オフショルダー #デートコーデ
▼注意事項
※撮影環境やモニター環境によって実際の商品とお色味が
多少異なってみえる場合がございます。
※サイズはサンプル品を基に採寸しております。
実際の商品とは若干の誤差が生じる場合がございますので、あらかじめご了承ください。
品番：EF657112G010　/ 品名：ビジュー付リボンタイニット"	in stock	999	new	4690 JPY	https://www.retro-girl.jp/item/111423.html	https://img-retro-girl.freetls.fastly.net/retrogirl/image_item/111/111423/11142301_b.jpg	ems excite		https://img-retro-girl.freetls.fastly.net/retrogirl/image_item/111/111423/11142302_b.jpg,https://img-retro-girl.freetls.fastly.net/retrogirl/image_item/111/111423/11142303_b.jpg	トップス > ニット/セーター	エクリュ	FREE	ポリエステル：52％レーヨン：34％ナイロン：14％	adult	female	['new']
EF657112G0101107	EF657112G010	ビジュー付リボンタイニット - ダークグレー / FREE	"〈女の子が好きなキラキラとリボンが詰まったニット〉
▼デザイン
・キラキラビジューが目を惹くニット
・肩に入ったスリットで女性らしい雰囲気に
・顔周りのリボンもemsらしいワンポイントに。
・柔らかい素材で着心地抜群！
▼コーディネート
定番のフリルスカート合わせやガーリーなコーデに♪
冬のデートコーデにおすすめの１枚です。
------------------------------
生地感：普通
伸縮性：ある
透け感：なし
裏地：なし
------------------------------
▼ブランド紹介
ems excite (エムズエキサイト）
“more fun more cute”
今をもっと楽しく
もっと可愛くいたい女の子に向けた
girly cuteなブランド
#ニット #ニットアイテム #ビジュー #キラキラ #リボン #オフショルダー #デートコーデ
▼注意事項
※撮影環境やモニター環境によって実際の商品とお色味が
多少異なってみえる場合がございます。
※サイズはサンプル品を基に採寸しております。
実際の商品とは若干の誤差が生じる場合がございますので、あらかじめご了承ください。
品番：EF657112G010　/ 品名：ビジュー付リボンタイニット"	in stock	999	new	4690 JPY	https://www.retro-girl.jp/item/111423.html	https://img-retro-girl.freetls.fastly.net/retrogirl/image_item/111/111423/11142303_b.jpg	ems excite		https://img-retro-girl.freetls.fastly.net/retrogirl/image_item/111/111423/11142302_b.jpg,https://img-retro-girl.freetls.fastly.net/retrogirl/image_item/111/111423/11142301_b.jpg	トップス > ニット/セーター	ダークグレー	FREE	ポリエステル：52％レーヨン：34％ナイロン：14％	adult	female	['new']
RW648743T0015000	RW648743T001	フェイクファー2wayバッグ - ブラウン / ONE SIZE	"＜素材から冬を取り入れたい、ファーバッグ＞
▼デザイン
・冬らしい素材が可愛いフェイクファーバッグ
・コンパクトなサイズ感ながら、見た目以上の大容量！
・付属のショルダーを付けることで、ショルダーバッグにも大変身！
・コーデに取り入れやすいブラウンとベージュの２色でご用意です。
▼コーディネート
カジュアルコーデにもガーリーコーデにも取り入れて頂けるアイテム！
モコモコした素材でまだ気温が高い時期から冬を先取り！
▼ブランド紹介
RETRO GIRL (レトロガール）
～日常に、ひとさじのときめきを～
いつものスタイルに新しい気分を織り込んで、
毎日をたのしむきっかけを作るブランド。
▼SNS
新着アイテムやお得なセール情報を配信中♪
【公式 Instagram】
＠retrogirl_official
【公式 TikTok】
@retrogirl_official
#ファー #フェイクファー #バッグ #ショルダーバッグ ＃ハンドバッグ
▼注意事項
※撮影環境やモニター環境によって実際の商品とお色味が多少異なってみえる場合がございます。
品番：RW648743T001　/ 品名：フェイクファー2wayバッグ"	in stock	999	new	5790 JPY	https://www.retro-girl.jp/item/111429.html	https://img-retro-girl.freetls.fastly.net/retrogirl/image_item/111/111429/11142901_b.jpg	RETRO GIRL		https://img-retro-girl.freetls.fastly.net/retrogirl/image_item/111/111429/11142902_b.jpg	バッグ > ハンドバッグ	ブラウン	ONE SIZE		adult	female	['new']
RW648743T0015400	RW648743T001	フェイクファー2wayバッグ - ベージュ / ONE SIZE	"＜素材から冬を取り入れたい、ファーバッグ＞
▼デザイン
・冬らしい素材が可愛いフェイクファーバッグ
・コンパクトなサイズ感ながら、見た目以上の大容量！
・付属のショルダーを付けることで、ショルダーバッグにも大変身！
・コーデに取り入れやすいブラウンとベージュの２色でご用意です。
▼コーディネート
カジュアルコーデにもガーリーコーデにも取り入れて頂けるアイテム！
モコモコした素材でまだ気温が高い時期から冬を先取り！
▼ブランド紹介
RETRO GIRL (レトロガール）
～日常に、ひとさじのときめきを～
いつものスタイルに新しい気分を織り込んで、
毎日をたのしむきっかけを作るブランド。
▼SNS
新着アイテムやお得なセール情報を配信中♪
【公式 Instagram】
＠retrogirl_official
【公式 TikTok】
@retrogirl_official
#ファー #フェイクファー #バッグ #ショルダーバッグ ＃ハンドバッグ
▼注意事項
※撮影環境やモニター環境によって実際の商品とお色味が多少異なってみえる場合がございます。
品番：RW648743T001　/ 品名：フェイクファー2wayバッグ"	in stock	999	new	5790 JPY	https://www.retro-girl.jp/item/111429.html	https://img-retro-girl.freetls.fastly.net/retrogirl/image_item/111/111429/11142902_b.jpg	RETRO GIRL		https://img-retro-girl.freetls.fastly.net/retrogirl/image_item/111/111429/11142901_b.jpg	バッグ > ハンドバッグ	ベージュ	ONE SIZE		adult	female	['new']
